-- phpMyAdmin SQL Dump
-- version 5.2.2
-- https://www.phpmyadmin.net/
--
-- Host: 127.0.0.1:3306
-- Generation Time: Apr 16, 2026 at 06:08 PM
-- Server version: 11.8.6-MariaDB-log
-- PHP Version: 7.2.34

SET SQL_MODE = "NO_AUTO_VALUE_ON_ZERO";
START TRANSACTION;
SET time_zone = "+00:00";


/*!40101 SET @OLD_CHARACTER_SET_CLIENT=@@CHARACTER_SET_CLIENT */;
/*!40101 SET @OLD_CHARACTER_SET_RESULTS=@@CHARACTER_SET_RESULTS */;
/*!40101 SET @OLD_COLLATION_CONNECTION=@@COLLATION_CONNECTION */;
/*!40101 SET NAMES utf8mb4 */;

--
-- Database: `u107398082_cbcas_db`
--

-- --------------------------------------------------------

--
-- Table structure for table `accounts_closingbalance_tbl`
--

CREATE TABLE `accounts_closingbalance_tbl` (
  `Id` int(11) NOT NULL,
  `Community_Id` int(11) NOT NULL,
  `Calendar_Id` int(11) NOT NULL,
  `Account_Id` int(11) NOT NULL,
  `Closing_Balance` double NOT NULL,
  `Status` int(11) NOT NULL
) ENGINE=InnoDB DEFAULT CHARSET=utf8mb4 COLLATE=utf8mb4_unicode_ci;

--
-- Dumping data for table `accounts_closingbalance_tbl`
--

INSERT INTO `accounts_closingbalance_tbl` (`Id`, `Community_Id`, `Calendar_Id`, `Account_Id`, `Closing_Balance`, `Status`) VALUES
(1, 21, 16, 1484, 150000, 0),
(2, 21, 16, 1485, 0, 0),
(3, 21, 16, 1486, -17560.17, 0),
(4, 21, 16, 1487, 1500000, 0),
(5, 21, 16, 1488, 0, 0),
(6, 21, 16, 1489, 0, 0),
(7, 21, 16, 1490, 0, 0),
(8, 21, 16, 1491, 8500000, 0),
(9, 21, 16, 1492, 2350000, 0),
(10, 21, 16, 1493, 890000, 0),
(11, 21, 16, 1494, 550000, 0),
(12, 21, 16, 1495, 0, 0),
(13, 21, 16, 1496, 0, 0),
(14, 21, 16, 1497, 340000, 0),
(15, 21, 16, 1498, 235000, 0),
(16, 21, 16, 1499, 178000, 0),
(17, 21, 16, 1500, 183333.33, 0),
(18, 21, 16, 1501, 0, 0),
(19, 21, 16, 1502, -225000, 0),
(20, 21, 16, 1503, 13221806.5, 0),
(21, 21, 16, 1504, 0, 0),
(22, 21, 16, 1505, 0, 0),
(23, 21, 16, 1506, 0, 0),
(24, 21, 16, 1507, 0, 0),
(25, 21, 16, 1508, 0, 0),
(26, 21, 16, 1509, 0, 0),
(27, 21, 16, 1510, 0, 0),
(28, 21, 16, 1511, 0, 0),
(29, 21, 16, 1512, 0, 0),
(30, 21, 16, 1513, 0, 0),
(31, 21, 16, 1514, 0, 0),
(32, 21, 16, 1515, 0, 0),
(33, 21, 16, 1516, 0, 0),
(34, 21, 16, 1517, 0, 0),
(35, 21, 16, 1518, 0, 0),
(36, 21, 16, 1519, 0, 0),
(37, 21, 16, 1520, 0, 0),
(38, 21, 16, 1521, 0, 0),
(39, 21, 16, 1522, 0, 0),
(40, 21, 16, 1523, 0, 0),
(41, 21, 16, 1524, 0, 0),
(42, 21, 16, 1525, 0, 0),
(43, 21, 16, 1526, 0, 0),
(44, 21, 16, 1527, 0, 0),
(45, 21, 16, 1528, 0, 0),
(46, 21, 16, 1529, 0, 0),
(47, 21, 16, 1530, 0, 0),
(48, 21, 16, 1531, 0, 0),
(49, 21, 16, 1532, 0, 0),
(50, 21, 16, 1533, 0, 0),
(51, 21, 16, 1534, 0, 0),
(52, 21, 16, 1535, 0, 0),
(53, 21, 16, 1536, 0, 0),
(54, 21, 16, 1537, 0, 0),
(55, 21, 16, 1538, 0, 0),
(56, 21, 16, 1539, 0, 0),
(57, 21, 16, 1540, 0, 0),
(58, 21, 16, 1541, 0, 0),
(59, 21, 16, 1542, 0, 0),
(60, 21, 16, 1543, 0, 0),
(61, 21, 16, 1544, 0, 0),
(62, 21, 16, 1545, 0, 0),
(63, 21, 16, 1546, 0, 0),
(64, 21, 16, 1547, 0, 0),
(65, 21, 16, 1548, 0, 0),
(66, 21, 16, 1549, 0, 0),
(67, 21, 16, 1550, 0, 0),
(68, 21, 16, 1551, 0, 0),
(69, 21, 16, 1552, 0, 0),
(70, 21, 16, 1553, 0, 0),
(71, 21, 16, 1554, 0, 0),
(72, 21, 16, 1555, 0, 0),
(73, 21, 16, 1556, 0, 0),
(74, 21, 16, 1557, 0, 0),
(75, 21, 16, 1558, 0, 0),
(76, 21, 16, 1560, 0, 0),
(77, 21, 16, 1561, -9600, 0),
(78, 21, 16, 1562, -1100, 0),
(79, 22, 19, 1563, 180000, 0),
(80, 22, 19, 1564, 0, 0),
(81, 22, 19, 1565, 10000, 0),
(82, 22, 19, 1566, 0, 0),
(83, 22, 19, 1567, 5785519.09, 0),
(84, 22, 19, 1568, 9101522.52, 0),
(85, 22, 19, 1569, 0, 0),
(86, 22, 19, 1570, 19607.88, 0),
(87, 22, 19, 1571, -11054.43, 0),
(88, 22, 19, 1572, 0, 0),
(89, 22, 19, 1573, -244869.53, 0),
(90, 22, 19, 1574, 0, 0),
(91, 22, 19, 1575, -28500, 0),
(92, 22, 19, 1576, 0, 0),
(93, 22, 19, 1577, 40699.75, 0),
(94, 22, 19, 1578, 0, 0),
(95, 22, 19, 1579, 0, 0),
(96, 22, 19, 1580, 43354.25, 0),
(97, 22, 19, 1581, 0, 0),
(98, 22, 19, 1582, 0, 0),
(99, 22, 19, 1583, 0, 0),
(100, 22, 19, 1584, 0, 0),
(101, 22, 19, 1585, 1007368.29, 0),
(102, 22, 19, 1586, 0, 0),
(103, 22, 19, 1587, 0, 0),
(104, 22, 19, 1588, 0, 0),
(105, 22, 19, 1589, 0, 0),
(106, 22, 19, 1590, 0, 0),
(107, 22, 19, 1591, 0, 0),
(108, 22, 19, 1592, 0, 0),
(109, 22, 19, 1593, 0, 0),
(110, 22, 19, 1594, 0, 0),
(111, 22, 19, 1595, 0, 0),
(112, 22, 19, 1596, 0, 0),
(113, 22, 19, 1597, 0, 0),
(114, 22, 19, 1598, 0, 0),
(115, 22, 19, 1599, 0, 0),
(116, 22, 19, 1600, 0, 0),
(117, 22, 19, 1601, 0, 0),
(118, 22, 19, 1602, 0, 0),
(119, 22, 19, 1603, 0, 0),
(120, 22, 19, 1604, 0, 0),
(121, 22, 19, 1605, 0, 0),
(122, 22, 19, 1606, 0, 0),
(123, 22, 19, 1607, 0, 0),
(124, 22, 19, 1608, 0, 0),
(125, 22, 19, 1609, 0, 0),
(126, 22, 19, 1610, 0, 0),
(127, 22, 19, 1611, 0, 0),
(128, 22, 19, 1612, 0, 0),
(129, 22, 19, 1613, 0, 0),
(130, 22, 19, 1614, 0, 0),
(131, 22, 19, 1615, 0, 0),
(132, 22, 19, 1616, 0, 0),
(133, 22, 19, 1617, 0, 0),
(134, 22, 19, 1618, 0, 0),
(135, 22, 19, 1619, 0, 0),
(136, 22, 19, 1620, 0, 0),
(137, 22, 19, 1621, 0, 0),
(138, 22, 19, 1622, 0, 0),
(139, 22, 19, 1623, 0, 0),
(140, 22, 19, 1624, 0, 0),
(141, 22, 19, 1625, 0, 0),
(142, 22, 19, 1626, 0, 0),
(143, 22, 19, 1627, 0, 0),
(144, 22, 19, 1628, 0, 0),
(145, 22, 19, 1629, 0, 0),
(146, 22, 19, 1630, 0, 0),
(147, 22, 19, 1631, 0, 0),
(148, 22, 19, 1632, 0, 0),
(149, 22, 19, 1633, 0, 0),
(150, 22, 19, 1634, 0, 0),
(151, 22, 19, 1635, 0, 0),
(152, 22, 19, 1636, 0, 0),
(153, 22, 19, 1637, 0, 0),
(154, 22, 19, 1638, 0, 0),
(155, 22, 19, 1639, 0, 0),
(156, 22, 19, 1640, 0, 0),
(157, 22, 19, 1641, 0, 0),
(158, 22, 19, 1642, 0, 0),
(159, 22, 19, 1643, 0, 0),
(160, 22, 19, 1644, 16894.5, 0),
(161, 22, 19, 1645, 2012, 0),
(162, 22, 19, 1646, 34450, 0),
(163, 22, 19, 1563, 180000, 1),
(164, 22, 19, 1564, 0, 1),
(165, 22, 19, 1565, 10000, 1),
(166, 22, 19, 1566, 0, 1),
(167, 22, 19, 1567, 5785519.09, 1),
(168, 22, 19, 1568, 9101522.52, 1),
(169, 22, 19, 1569, 0, 1),
(170, 22, 19, 1570, 19607.88, 1),
(171, 22, 19, 1571, -11054.43, 1),
(172, 22, 19, 1572, 0, 1),
(173, 22, 19, 1573, -244869.53, 1),
(174, 22, 19, 1574, 0, 1),
(175, 22, 19, 1575, -28500, 1),
(176, 22, 19, 1576, 0, 1),
(177, 22, 19, 1577, 40699.75, 1),
(178, 22, 19, 1578, 0, 1),
(179, 22, 19, 1579, 0, 1),
(180, 22, 19, 1580, 43354.25, 1),
(181, 22, 19, 1581, 0, 1),
(182, 22, 19, 1582, 0, 1),
(183, 22, 19, 1583, 0, 1),
(184, 22, 19, 1584, 0, 1),
(185, 22, 19, 1585, 14949636.03, 1),
(186, 22, 19, 1586, 0, 1),
(187, 22, 19, 1587, 0, 1),
(188, 22, 19, 1588, 0, 1),
(189, 22, 19, 1589, 0, 1),
(190, 22, 19, 1590, 0, 1),
(191, 22, 19, 1591, 0, 1),
(192, 22, 19, 1592, 0, 1),
(193, 22, 19, 1593, 0, 1),
(194, 22, 19, 1594, 0, 1),
(195, 22, 19, 1595, 0, 1),
(196, 22, 19, 1596, 0, 1),
(197, 22, 19, 1597, 0, 1),
(198, 22, 19, 1598, 0, 1),
(199, 22, 19, 1599, 0, 1),
(200, 22, 19, 1600, 0, 1),
(201, 22, 19, 1601, 0, 1),
(202, 22, 19, 1602, 0, 1),
(203, 22, 19, 1603, 0, 1),
(204, 22, 19, 1604, 0, 1),
(205, 22, 19, 1605, 0, 1),
(206, 22, 19, 1606, 0, 1),
(207, 22, 19, 1607, 0, 1),
(208, 22, 19, 1608, 0, 1),
(209, 22, 19, 1609, 0, 1),
(210, 22, 19, 1610, 0, 1),
(211, 22, 19, 1611, 0, 1),
(212, 22, 19, 1612, 0, 1),
(213, 22, 19, 1613, 0, 1),
(214, 22, 19, 1614, 0, 1),
(215, 22, 19, 1615, 0, 1),
(216, 22, 19, 1616, 0, 1),
(217, 22, 19, 1617, 0, 1),
(218, 22, 19, 1618, 0, 1),
(219, 22, 19, 1619, 0, 1),
(220, 22, 19, 1620, 0, 1),
(221, 22, 19, 1621, 0, 1),
(222, 22, 19, 1622, 0, 1),
(223, 22, 19, 1623, 0, 1),
(224, 22, 19, 1624, 0, 1),
(225, 22, 19, 1625, 0, 1),
(226, 22, 19, 1626, 0, 1),
(227, 22, 19, 1627, 0, 1),
(228, 22, 19, 1628, 0, 1),
(229, 22, 19, 1629, 0, 1),
(230, 22, 19, 1630, 0, 1),
(231, 22, 19, 1631, 0, 1),
(232, 22, 19, 1632, 0, 1),
(233, 22, 19, 1633, 0, 1),
(234, 22, 19, 1634, 0, 1),
(235, 22, 19, 1635, 0, 1),
(236, 22, 19, 1636, 0, 1),
(237, 22, 19, 1637, 0, 1),
(238, 22, 19, 1638, 0, 1),
(239, 22, 19, 1639, 0, 1),
(240, 22, 19, 1640, 0, 1),
(241, 22, 19, 1641, 0, 1),
(242, 22, 19, 1642, 0, 1),
(243, 22, 19, 1643, 0, 1),
(244, 22, 19, 1644, 16894.5, 1),
(245, 22, 19, 1645, 2012, 1),
(246, 22, 19, 1646, 34450, 1),
(247, 22, 20, 1563, 180000, 1),
(248, 22, 20, 1564, 0, 1),
(249, 22, 20, 1565, 10000, 1),
(250, 22, 20, 1566, 0, 1),
(251, 22, 20, 1567, 5785519.09, 1),
(252, 22, 20, 1568, 11564809.39, 1),
(253, 22, 20, 1569, 0, 1),
(254, 22, 20, 1570, -41317.17, 1),
(255, 22, 20, 1571, -8606.73, 1),
(256, 22, 20, 1572, 310500, 1),
(257, 22, 20, 1573, -362455.01, 1),
(258, 22, 20, 1574, 69206.99, 1),
(259, 22, 20, 1575, -33000, 1),
(260, 22, 20, 1576, 0, 1),
(261, 22, 20, 1577, 41553.69, 1),
(262, 22, 20, 1578, 158999.75, 1),
(263, 22, 20, 1579, 1306062.5, 1),
(264, 22, 20, 1580, 54454.25, 1),
(265, 22, 20, 1581, 0, 1),
(266, 22, 20, 1582, 0, 1),
(267, 22, 20, 1583, 0, 1),
(268, 22, 20, 1584, 0, 1),
(269, 22, 20, 1585, 19326609.3, 1),
(270, 22, 20, 1586, 0, 1),
(271, 22, 20, 1587, 0, 1),
(272, 22, 20, 1588, 0, 1),
(273, 22, 20, 1589, 0, 1),
(274, 22, 20, 1590, 0, 1),
(275, 22, 20, 1591, 0, 1),
(276, 22, 20, 1592, 0, 1),
(277, 22, 20, 1593, 0, 1),
(278, 22, 20, 1594, 0, 1),
(279, 22, 20, 1595, 0, 1),
(280, 22, 20, 1596, 0, 1),
(281, 22, 20, 1597, 0, 1),
(282, 22, 20, 1598, 0, 1),
(283, 22, 20, 1599, 0, 1),
(284, 22, 20, 1600, 0, 1),
(285, 22, 20, 1601, 0, 1),
(286, 22, 20, 1602, 0, 1),
(287, 22, 20, 1603, 0, 1),
(288, 22, 20, 1604, 0, 1),
(289, 22, 20, 1605, 0, 1),
(290, 22, 20, 1606, 0, 1),
(291, 22, 20, 1607, 0, 1),
(292, 22, 20, 1608, 0, 1),
(293, 22, 20, 1609, 0, 1),
(294, 22, 20, 1610, 0, 1),
(295, 22, 20, 1611, 0, 1),
(296, 22, 20, 1612, 0, 1),
(297, 22, 20, 1613, 0, 1),
(298, 22, 20, 1614, 0, 1),
(299, 22, 20, 1615, 0, 1),
(300, 22, 20, 1616, 0, 1),
(301, 22, 20, 1617, 0, 1),
(302, 22, 20, 1618, 0, 1),
(303, 22, 20, 1619, 0, 1),
(304, 22, 20, 1620, 0, 1),
(305, 22, 20, 1621, 0, 1),
(306, 22, 20, 1622, 0, 1),
(307, 22, 20, 1623, 0, 1),
(308, 22, 20, 1624, 0, 1),
(309, 22, 20, 1625, 0, 1),
(310, 22, 20, 1626, 0, 1),
(311, 22, 20, 1627, 0, 1),
(312, 22, 20, 1628, 0, 1),
(313, 22, 20, 1629, 0, 1),
(314, 22, 20, 1630, 0, 1),
(315, 22, 20, 1631, 0, 1),
(316, 22, 20, 1632, 0, 1),
(317, 22, 20, 1633, 0, 1),
(318, 22, 20, 1634, 0, 1),
(319, 22, 20, 1635, 0, 1),
(320, 22, 20, 1636, 0, 1),
(321, 22, 20, 1637, 0, 1),
(322, 22, 20, 1638, 0, 1),
(323, 22, 20, 1639, 0, 1),
(324, 22, 20, 1640, 0, 1),
(325, 22, 20, 1641, 0, 1),
(326, 22, 20, 1642, 0, 1),
(327, 22, 20, 1643, 0, 1),
(328, 22, 20, 1644, 171150.55, 1),
(329, 22, 20, 1645, 82512, 1),
(330, 22, 20, 1646, 37220, 1),
(331, 21, 16, 1484, 150000, 1),
(332, 21, 16, 1485, 0, 1),
(333, 21, 16, 1486, 82439.83, 1),
(334, 21, 16, 1487, 1500000, 1),
(335, 21, 16, 1488, 50000, 1),
(336, 21, 16, 1489, 125000, 1),
(337, 21, 16, 1490, 15400, 1),
(338, 21, 16, 1491, 8500000, 1),
(339, 21, 16, 1492, 2350000, 1),
(340, 21, 16, 1493, 890000, 1),
(341, 21, 16, 1494, 550000, 1),
(342, 21, 16, 1495, 0, 1),
(343, 21, 16, 1496, 0, 1),
(344, 21, 16, 1497, 340000, 1),
(345, 21, 16, 1498, 235000, 1),
(346, 21, 16, 1499, 178000, 1),
(347, 21, 16, 1500, 183333.33, 1),
(348, 21, 16, 1501, 0, 1),
(349, 21, 16, 1502, 1665000, 1),
(350, 21, 16, 1503, 11596106.5, 1),
(351, 21, 16, 1504, 0, 1),
(352, 21, 16, 1505, 0, 1),
(353, 21, 16, 1506, 0, 1),
(354, 21, 16, 1507, 0, 1),
(355, 21, 16, 1508, 0, 1),
(356, 21, 16, 1509, 0, 1),
(357, 21, 16, 1510, 0, 1),
(358, 21, 16, 1511, 0, 1),
(359, 21, 16, 1512, 0, 1),
(360, 21, 16, 1513, 0, 1),
(361, 21, 16, 1514, 0, 1),
(362, 21, 16, 1515, 0, 1),
(363, 21, 16, 1516, 0, 1),
(364, 21, 16, 1517, 0, 1),
(365, 21, 16, 1518, 0, 1),
(366, 21, 16, 1519, 0, 1),
(367, 21, 16, 1520, 0, 1),
(368, 21, 16, 1521, 0, 1),
(369, 21, 16, 1522, 0, 1),
(370, 21, 16, 1523, 0, 1),
(371, 21, 16, 1524, 0, 1),
(372, 21, 16, 1525, 0, 1),
(373, 21, 16, 1526, 0, 1),
(374, 21, 16, 1527, 0, 1),
(375, 21, 16, 1528, 0, 1),
(376, 21, 16, 1529, 0, 1),
(377, 21, 16, 1530, 0, 1),
(378, 21, 16, 1531, 0, 1),
(379, 21, 16, 1532, 0, 1),
(380, 21, 16, 1533, 0, 1),
(381, 21, 16, 1534, 0, 1),
(382, 21, 16, 1535, 0, 1),
(383, 21, 16, 1536, 0, 1),
(384, 21, 16, 1537, 0, 1),
(385, 21, 16, 1538, 0, 1),
(386, 21, 16, 1539, 0, 1),
(387, 21, 16, 1540, 0, 1),
(388, 21, 16, 1541, 0, 1),
(389, 21, 16, 1542, 0, 1),
(390, 21, 16, 1543, 0, 1),
(391, 21, 16, 1544, 0, 1),
(392, 21, 16, 1545, 0, 1),
(393, 21, 16, 1546, 0, 1),
(394, 21, 16, 1547, 0, 1),
(395, 21, 16, 1548, 0, 1),
(396, 21, 16, 1549, 0, 1),
(397, 21, 16, 1550, 0, 1),
(398, 21, 16, 1551, 0, 1),
(399, 21, 16, 1552, 0, 1),
(400, 21, 16, 1553, 0, 1),
(401, 21, 16, 1554, 0, 1),
(402, 21, 16, 1555, 0, 1),
(403, 21, 16, 1556, 0, 1),
(404, 21, 16, 1557, 0, 1),
(405, 21, 16, 1558, 10000, 1),
(406, 21, 16, 1560, 3400, 1),
(407, 21, 16, 1561, 1100, 1),
(408, 21, 16, 1562, 900, 1),
(409, 21, 17, 1484, 150000, 1),
(410, 21, 17, 1485, 0, 1),
(411, 21, 17, 1486, 399406.97, 1),
(412, 21, 17, 1487, 1500000, 1),
(413, 21, 17, 1488, 50000, 1),
(414, 21, 17, 1489, 125000, 1),
(415, 21, 17, 1490, 15400, 1),
(416, 21, 17, 1491, 8500000, 1),
(417, 21, 17, 1492, 2350000, 1),
(418, 21, 17, 1493, 890000, 1),
(419, 21, 17, 1494, 575593, 1),
(420, 21, 17, 1495, 0, 1),
(421, 21, 17, 1496, 0, 1),
(422, 21, 17, 1497, 340000, 1),
(423, 21, 17, 1498, 235000, 1),
(424, 21, 17, 1499, 178000, 1),
(425, 21, 17, 1500, 183333.33, 1),
(426, 21, 17, 1501, 0, 1),
(427, 21, 17, 1502, 1402480.25, 1),
(428, 21, 17, 1503, 12241263.38, 1),
(429, 21, 17, 1504, 0, 1),
(430, 21, 17, 1505, 0, 1),
(431, 21, 17, 1506, 0, 1),
(432, 21, 17, 1507, 0, 1),
(433, 21, 17, 1508, 0, 1),
(434, 21, 17, 1509, 0, 1),
(435, 21, 17, 1510, 0, 1),
(436, 21, 17, 1511, 0, 1),
(437, 21, 17, 1512, 0, 1),
(438, 21, 17, 1513, 0, 1),
(439, 21, 17, 1514, 0, 1),
(440, 21, 17, 1515, 0, 1),
(441, 21, 17, 1516, 0, 1),
(442, 21, 17, 1517, 0, 1),
(443, 21, 17, 1518, 0, 1),
(444, 21, 17, 1519, 0, 1),
(445, 21, 17, 1520, 0, 1),
(446, 21, 17, 1521, 0, 1),
(447, 21, 17, 1522, 0, 1),
(448, 21, 17, 1523, 0, 1),
(449, 21, 17, 1524, 0, 1),
(450, 21, 17, 1525, 0, 1),
(451, 21, 17, 1526, 0, 1),
(452, 21, 17, 1527, 0, 1),
(453, 21, 17, 1528, 0, 1),
(454, 21, 17, 1529, 0, 1),
(455, 21, 17, 1530, 0, 1),
(456, 21, 17, 1531, 0, 1),
(457, 21, 17, 1532, 0, 1),
(458, 21, 17, 1533, 0, 1),
(459, 21, 17, 1534, 0, 1),
(460, 21, 17, 1535, 0, 1),
(461, 21, 17, 1536, 0, 1),
(462, 21, 17, 1537, 0, 1),
(463, 21, 17, 1538, 0, 1),
(464, 21, 17, 1539, 0, 1),
(465, 21, 17, 1540, 0, 1),
(466, 21, 17, 1541, 0, 1),
(467, 21, 17, 1542, 0, 1),
(468, 21, 17, 1543, 0, 1),
(469, 21, 17, 1544, 0, 1),
(470, 21, 17, 1545, 0, 1),
(471, 21, 17, 1546, 0, 1),
(472, 21, 17, 1547, 0, 1),
(473, 21, 17, 1548, 0, 1),
(474, 21, 17, 1549, 0, 1),
(475, 21, 17, 1550, 0, 1),
(476, 21, 17, 1551, 0, 1),
(477, 21, 17, 1552, 0, 1),
(478, 21, 17, 1553, 0, 1),
(479, 21, 17, 1554, 0, 1),
(480, 21, 17, 1555, 0, 1),
(481, 21, 17, 1556, 0, 1),
(482, 21, 17, 1557, 0, 1),
(483, 21, 17, 1558, 7876, 1),
(484, 21, 17, 1560, 3400, 1),
(485, 21, 17, 1561, -42900, 1),
(486, 21, 17, 1562, 6947.01, 1);

-- --------------------------------------------------------

--
-- Table structure for table `accounts_openingbalance_tbl`
--

CREATE TABLE `accounts_openingbalance_tbl` (
  `Id` int(11) NOT NULL,
  `Community_Id` int(11) NOT NULL,
  `Calendar_Id` int(11) NOT NULL,
  `Account_Id` int(11) NOT NULL,
  `Opening_Balance` double NOT NULL,
  `Status` int(11) NOT NULL
) ENGINE=InnoDB DEFAULT CHARSET=utf8mb4 COLLATE=utf8mb4_unicode_ci;

--
-- Dumping data for table `accounts_openingbalance_tbl`
--

INSERT INTO `accounts_openingbalance_tbl` (`Id`, `Community_Id`, `Calendar_Id`, `Account_Id`, `Opening_Balance`, `Status`) VALUES
(1, 21, 17, 1484, 150000, 0),
(2, 21, 17, 1485, 0, 0),
(3, 21, 17, 1486, -17560.17, 0),
(4, 21, 17, 1487, 1500000, 0),
(5, 21, 17, 1488, 0, 0),
(6, 21, 17, 1489, 0, 0),
(7, 21, 17, 1490, 0, 0),
(8, 21, 17, 1491, 8500000, 0),
(9, 21, 17, 1492, 2350000, 0),
(10, 21, 17, 1493, 890000, 0),
(11, 21, 17, 1494, 550000, 0),
(12, 21, 17, 1495, 0, 0),
(13, 21, 17, 1496, 0, 0),
(14, 21, 17, 1497, 340000, 0),
(15, 21, 17, 1498, 235000, 0),
(16, 21, 17, 1499, 178000, 0),
(17, 21, 17, 1500, 183333.33, 0),
(18, 21, 17, 1501, 0, 0),
(19, 21, 17, 1502, -225000, 0),
(20, 21, 17, 1503, 13221806.5, 0),
(21, 21, 17, 1504, 0, 0),
(22, 21, 17, 1505, 0, 0),
(23, 21, 17, 1506, 0, 0),
(24, 21, 17, 1507, 0, 0),
(25, 21, 17, 1508, 0, 0),
(26, 21, 17, 1509, 0, 0),
(27, 21, 17, 1510, 0, 0),
(28, 21, 17, 1511, 0, 0),
(29, 21, 17, 1512, 0, 0),
(30, 21, 17, 1513, 0, 0),
(31, 21, 17, 1514, 0, 0),
(32, 21, 17, 1515, 0, 0),
(33, 21, 17, 1516, 0, 0),
(34, 21, 17, 1517, 0, 0),
(35, 21, 17, 1518, 0, 0),
(36, 21, 17, 1519, 0, 0),
(37, 21, 17, 1520, 0, 0),
(38, 21, 17, 1521, 0, 0),
(39, 21, 17, 1522, 0, 0),
(40, 21, 17, 1523, 0, 0),
(41, 21, 17, 1524, 0, 0),
(42, 21, 17, 1525, 0, 0),
(43, 21, 17, 1526, 0, 0),
(44, 21, 17, 1527, 0, 0),
(45, 21, 17, 1528, 0, 0),
(46, 21, 17, 1529, 0, 0),
(47, 21, 17, 1530, 0, 0),
(48, 21, 17, 1531, 0, 0),
(49, 21, 17, 1532, 0, 0),
(50, 21, 17, 1533, 0, 0),
(51, 21, 17, 1534, 0, 0),
(52, 21, 17, 1535, 0, 0),
(53, 21, 17, 1536, 0, 0),
(54, 21, 17, 1537, 0, 0),
(55, 21, 17, 1538, 0, 0),
(56, 21, 17, 1539, 0, 0),
(57, 21, 17, 1540, 0, 0),
(58, 21, 17, 1541, 0, 0),
(59, 21, 17, 1542, 0, 0),
(60, 21, 17, 1543, 0, 0),
(61, 21, 17, 1544, 0, 0),
(62, 21, 17, 1545, 0, 0),
(63, 21, 17, 1546, 0, 0),
(64, 21, 17, 1547, 0, 0),
(65, 21, 17, 1548, 0, 0),
(66, 21, 17, 1549, 0, 0),
(67, 21, 17, 1550, 0, 0),
(68, 21, 17, 1551, 0, 0),
(69, 21, 17, 1552, 0, 0),
(70, 21, 17, 1553, 0, 0),
(71, 21, 17, 1554, 0, 0),
(72, 21, 17, 1555, 0, 0),
(73, 21, 17, 1556, 0, 0),
(74, 21, 17, 1557, 0, 0),
(75, 21, 17, 1558, 0, 0),
(76, 21, 17, 1560, 0, 0),
(77, 21, 17, 1561, -9600, 0),
(78, 21, 17, 1562, -1100, 0),
(79, 22, 20, 1563, 180000, 0),
(80, 22, 20, 1564, 0, 0),
(81, 22, 20, 1565, 10000, 0),
(82, 22, 20, 1566, 0, 0),
(83, 22, 20, 1567, 5785519.09, 0),
(84, 22, 20, 1568, 9101522.52, 0),
(85, 22, 20, 1569, 0, 0),
(86, 22, 20, 1570, 19607.88, 0),
(87, 22, 20, 1571, -11054.43, 0),
(88, 22, 20, 1572, 0, 0),
(89, 22, 20, 1573, -244869.53, 0),
(90, 22, 20, 1574, 0, 0),
(91, 22, 20, 1575, -28500, 0),
(92, 22, 20, 1576, 0, 0),
(93, 22, 20, 1577, 40699.75, 0),
(94, 22, 20, 1578, 0, 0),
(95, 22, 20, 1579, 0, 0),
(96, 22, 20, 1580, 43354.25, 0),
(97, 22, 20, 1581, 0, 0),
(98, 22, 20, 1582, 0, 0),
(99, 22, 20, 1583, 0, 0),
(100, 22, 20, 1584, 0, 0),
(101, 22, 20, 1585, 1007368.29, 0),
(102, 22, 20, 1586, 0, 0),
(103, 22, 20, 1587, 0, 0),
(104, 22, 20, 1588, 0, 0),
(105, 22, 20, 1589, 0, 0),
(106, 22, 20, 1590, 0, 0),
(107, 22, 20, 1591, 0, 0),
(108, 22, 20, 1592, 0, 0),
(109, 22, 20, 1593, 0, 0),
(110, 22, 20, 1594, 0, 0),
(111, 22, 20, 1595, 0, 0),
(112, 22, 20, 1596, 0, 0),
(113, 22, 20, 1597, 0, 0),
(114, 22, 20, 1598, 0, 0),
(115, 22, 20, 1599, 0, 0),
(116, 22, 20, 1600, 0, 0),
(117, 22, 20, 1601, 0, 0),
(118, 22, 20, 1602, 0, 0),
(119, 22, 20, 1603, 0, 0),
(120, 22, 20, 1604, 0, 0),
(121, 22, 20, 1605, 0, 0),
(122, 22, 20, 1606, 0, 0),
(123, 22, 20, 1607, 0, 0),
(124, 22, 20, 1608, 0, 0),
(125, 22, 20, 1609, 0, 0),
(126, 22, 20, 1610, 0, 0),
(127, 22, 20, 1611, 0, 0),
(128, 22, 20, 1612, 0, 0),
(129, 22, 20, 1613, 0, 0),
(130, 22, 20, 1614, 0, 0),
(131, 22, 20, 1615, 0, 0),
(132, 22, 20, 1616, 0, 0),
(133, 22, 20, 1617, 0, 0),
(134, 22, 20, 1618, 0, 0),
(135, 22, 20, 1619, 0, 0),
(136, 22, 20, 1620, 0, 0),
(137, 22, 20, 1621, 0, 0),
(138, 22, 20, 1622, 0, 0),
(139, 22, 20, 1623, 0, 0),
(140, 22, 20, 1624, 0, 0),
(141, 22, 20, 1625, 0, 0),
(142, 22, 20, 1626, 0, 0),
(143, 22, 20, 1627, 0, 0),
(144, 22, 20, 1628, 0, 0),
(145, 22, 20, 1629, 0, 0),
(146, 22, 20, 1630, 0, 0),
(147, 22, 20, 1631, 0, 0),
(148, 22, 20, 1632, 0, 0),
(149, 22, 20, 1633, 0, 0),
(150, 22, 20, 1634, 0, 0),
(151, 22, 20, 1635, 0, 0),
(152, 22, 20, 1636, 0, 0),
(153, 22, 20, 1637, 0, 0),
(154, 22, 20, 1638, 0, 0),
(155, 22, 20, 1639, 0, 0),
(156, 22, 20, 1640, 0, 0),
(157, 22, 20, 1641, 0, 0),
(158, 22, 20, 1642, 0, 0),
(159, 22, 20, 1643, 0, 0),
(160, 22, 20, 1644, 16894.5, 0),
(161, 22, 20, 1645, 2012, 0),
(162, 22, 20, 1646, 34450, 0),
(163, 22, 20, 1563, 180000, 1),
(164, 22, 20, 1564, 0, 1),
(165, 22, 20, 1565, 10000, 1),
(166, 22, 20, 1566, 0, 1),
(167, 22, 20, 1567, 5785519.09, 1),
(168, 22, 20, 1568, 9101522.52, 1),
(169, 22, 20, 1569, 0, 1),
(170, 22, 20, 1570, 19607.88, 1),
(171, 22, 20, 1571, -11054.43, 1),
(172, 22, 20, 1572, 0, 1),
(173, 22, 20, 1573, -244869.53, 1),
(174, 22, 20, 1574, 0, 1),
(175, 22, 20, 1575, -28500, 1),
(176, 22, 20, 1576, 0, 1),
(177, 22, 20, 1577, 40699.75, 1),
(178, 22, 20, 1578, 0, 1),
(179, 22, 20, 1579, 0, 1),
(180, 22, 20, 1580, 43354.25, 1),
(181, 22, 20, 1581, 0, 1),
(182, 22, 20, 1582, 0, 1),
(183, 22, 20, 1583, 0, 1),
(184, 22, 20, 1584, 0, 1),
(185, 22, 20, 1585, 14949636.03, 1),
(186, 22, 20, 1586, 0, 1),
(187, 22, 20, 1587, 0, 1),
(188, 22, 20, 1588, 0, 1),
(189, 22, 20, 1589, 0, 1),
(190, 22, 20, 1590, 0, 1),
(191, 22, 20, 1591, 0, 1),
(192, 22, 20, 1592, 0, 1),
(193, 22, 20, 1593, 0, 1),
(194, 22, 20, 1594, 0, 1),
(195, 22, 20, 1595, 0, 1),
(196, 22, 20, 1596, 0, 1),
(197, 22, 20, 1597, 0, 1),
(198, 22, 20, 1598, 0, 1),
(199, 22, 20, 1599, 0, 1),
(200, 22, 20, 1600, 0, 1),
(201, 22, 20, 1601, 0, 1),
(202, 22, 20, 1602, 0, 1),
(203, 22, 20, 1603, 0, 1),
(204, 22, 20, 1604, 0, 1),
(205, 22, 20, 1605, 0, 1),
(206, 22, 20, 1606, 0, 1),
(207, 22, 20, 1607, 0, 1),
(208, 22, 20, 1608, 0, 1),
(209, 22, 20, 1609, 0, 1),
(210, 22, 20, 1610, 0, 1),
(211, 22, 20, 1611, 0, 1),
(212, 22, 20, 1612, 0, 1),
(213, 22, 20, 1613, 0, 1),
(214, 22, 20, 1614, 0, 1),
(215, 22, 20, 1615, 0, 1),
(216, 22, 20, 1616, 0, 1),
(217, 22, 20, 1617, 0, 1),
(218, 22, 20, 1618, 0, 1),
(219, 22, 20, 1619, 0, 1),
(220, 22, 20, 1620, 0, 1),
(221, 22, 20, 1621, 0, 1),
(222, 22, 20, 1622, 0, 1),
(223, 22, 20, 1623, 0, 1),
(224, 22, 20, 1624, 0, 1),
(225, 22, 20, 1625, 0, 1),
(226, 22, 20, 1626, 0, 1),
(227, 22, 20, 1627, 0, 1),
(228, 22, 20, 1628, 0, 1),
(229, 22, 20, 1629, 0, 1),
(230, 22, 20, 1630, 0, 1),
(231, 22, 20, 1631, 0, 1),
(232, 22, 20, 1632, 0, 1),
(233, 22, 20, 1633, 0, 1),
(234, 22, 20, 1634, 0, 1),
(235, 22, 20, 1635, 0, 1),
(236, 22, 20, 1636, 0, 1),
(237, 22, 20, 1637, 0, 1),
(238, 22, 20, 1638, 0, 1),
(239, 22, 20, 1639, 0, 1),
(240, 22, 20, 1640, 0, 1),
(241, 22, 20, 1641, 0, 1),
(242, 22, 20, 1642, 0, 1),
(243, 22, 20, 1643, 0, 1),
(244, 22, 20, 1644, 16894.5, 1),
(245, 22, 20, 1645, 2012, 1),
(246, 22, 20, 1646, 34450, 1),
(247, 22, 21, 1563, 180000, 1),
(248, 22, 21, 1564, 0, 1),
(249, 22, 21, 1565, 10000, 1),
(250, 22, 21, 1566, 0, 1),
(251, 22, 21, 1567, 5785519.09, 1),
(252, 22, 21, 1568, 11564809.39, 1),
(253, 22, 21, 1569, 0, 1),
(254, 22, 21, 1570, -41317.17, 1),
(255, 22, 21, 1571, -8606.73, 1),
(256, 22, 21, 1572, 310500, 1),
(257, 22, 21, 1573, -362455.01, 1),
(258, 22, 21, 1574, 69206.99, 1),
(259, 22, 21, 1575, -33000, 1),
(260, 22, 21, 1576, 0, 1),
(261, 22, 21, 1577, 41553.69, 1),
(262, 22, 21, 1578, 158999.75, 1),
(263, 22, 21, 1579, 1306062.5, 1),
(264, 22, 21, 1580, 54454.25, 1),
(265, 22, 21, 1581, 0, 1),
(266, 22, 21, 1582, 0, 1),
(267, 22, 21, 1583, 0, 1),
(268, 22, 21, 1584, 0, 1),
(269, 22, 21, 1585, 19326609.3, 1),
(270, 22, 21, 1586, 0, 1),
(271, 22, 21, 1587, 0, 1),
(272, 22, 21, 1588, 0, 1),
(273, 22, 21, 1589, 0, 1),
(274, 22, 21, 1590, 0, 1),
(275, 22, 21, 1591, 0, 1),
(276, 22, 21, 1592, 0, 1),
(277, 22, 21, 1593, 0, 1),
(278, 22, 21, 1594, 0, 1),
(279, 22, 21, 1595, 0, 1),
(280, 22, 21, 1596, 0, 1),
(281, 22, 21, 1597, 0, 1),
(282, 22, 21, 1598, 0, 1),
(283, 22, 21, 1599, 0, 1),
(284, 22, 21, 1600, 0, 1),
(285, 22, 21, 1601, 0, 1),
(286, 22, 21, 1602, 0, 1),
(287, 22, 21, 1603, 0, 1),
(288, 22, 21, 1604, 0, 1),
(289, 22, 21, 1605, 0, 1),
(290, 22, 21, 1606, 0, 1),
(291, 22, 21, 1607, 0, 1),
(292, 22, 21, 1608, 0, 1),
(293, 22, 21, 1609, 0, 1),
(294, 22, 21, 1610, 0, 1),
(295, 22, 21, 1611, 0, 1),
(296, 22, 21, 1612, 0, 1),
(297, 22, 21, 1613, 0, 1),
(298, 22, 21, 1614, 0, 1),
(299, 22, 21, 1615, 0, 1),
(300, 22, 21, 1616, 0, 1),
(301, 22, 21, 1617, 0, 1),
(302, 22, 21, 1618, 0, 1),
(303, 22, 21, 1619, 0, 1),
(304, 22, 21, 1620, 0, 1),
(305, 22, 21, 1621, 0, 1),
(306, 22, 21, 1622, 0, 1),
(307, 22, 21, 1623, 0, 1),
(308, 22, 21, 1624, 0, 1),
(309, 22, 21, 1625, 0, 1),
(310, 22, 21, 1626, 0, 1),
(311, 22, 21, 1627, 0, 1),
(312, 22, 21, 1628, 0, 1),
(313, 22, 21, 1629, 0, 1),
(314, 22, 21, 1630, 0, 1),
(315, 22, 21, 1631, 0, 1),
(316, 22, 21, 1632, 0, 1),
(317, 22, 21, 1633, 0, 1),
(318, 22, 21, 1634, 0, 1),
(319, 22, 21, 1635, 0, 1),
(320, 22, 21, 1636, 0, 1),
(321, 22, 21, 1637, 0, 1),
(322, 22, 21, 1638, 0, 1),
(323, 22, 21, 1639, 0, 1),
(324, 22, 21, 1640, 0, 1),
(325, 22, 21, 1641, 0, 1),
(326, 22, 21, 1642, 0, 1),
(327, 22, 21, 1643, 0, 1),
(328, 22, 21, 1644, 171150.55, 1),
(329, 22, 21, 1645, 82512, 1),
(330, 22, 21, 1646, 37220, 1),
(331, 21, 17, 1484, 150000, 1),
(332, 21, 17, 1485, 0, 1),
(333, 21, 17, 1486, 82439.83, 1),
(334, 21, 17, 1487, 1500000, 1),
(335, 21, 17, 1488, 50000, 1),
(336, 21, 17, 1489, 125000, 1),
(337, 21, 17, 1490, 15400, 1),
(338, 21, 17, 1491, 8500000, 1),
(339, 21, 17, 1492, 2350000, 1),
(340, 21, 17, 1493, 890000, 1),
(341, 21, 17, 1494, 550000, 1),
(342, 21, 17, 1495, 0, 1),
(343, 21, 17, 1496, 0, 1),
(344, 21, 17, 1497, 340000, 1),
(345, 21, 17, 1498, 235000, 1),
(346, 21, 17, 1499, 178000, 1),
(347, 21, 17, 1500, 183333.33, 1),
(348, 21, 17, 1501, 0, 1),
(349, 21, 17, 1502, 1665000, 1),
(350, 21, 17, 1503, 11596106.5, 1),
(351, 21, 17, 1504, 0, 1),
(352, 21, 17, 1505, 0, 1),
(353, 21, 17, 1506, 0, 1),
(354, 21, 17, 1507, 0, 1),
(355, 21, 17, 1508, 0, 1),
(356, 21, 17, 1509, 0, 1),
(357, 21, 17, 1510, 0, 1),
(358, 21, 17, 1511, 0, 1),
(359, 21, 17, 1512, 0, 1),
(360, 21, 17, 1513, 0, 1),
(361, 21, 17, 1514, 0, 1),
(362, 21, 17, 1515, 0, 1),
(363, 21, 17, 1516, 0, 1),
(364, 21, 17, 1517, 0, 1),
(365, 21, 17, 1518, 0, 1),
(366, 21, 17, 1519, 0, 1),
(367, 21, 17, 1520, 0, 1),
(368, 21, 17, 1521, 0, 1),
(369, 21, 17, 1522, 0, 1),
(370, 21, 17, 1523, 0, 1),
(371, 21, 17, 1524, 0, 1),
(372, 21, 17, 1525, 0, 1),
(373, 21, 17, 1526, 0, 1),
(374, 21, 17, 1527, 0, 1),
(375, 21, 17, 1528, 0, 1),
(376, 21, 17, 1529, 0, 1),
(377, 21, 17, 1530, 0, 1),
(378, 21, 17, 1531, 0, 1),
(379, 21, 17, 1532, 0, 1),
(380, 21, 17, 1533, 0, 1),
(381, 21, 17, 1534, 0, 1),
(382, 21, 17, 1535, 0, 1),
(383, 21, 17, 1536, 0, 1),
(384, 21, 17, 1537, 0, 1),
(385, 21, 17, 1538, 0, 1),
(386, 21, 17, 1539, 0, 1),
(387, 21, 17, 1540, 0, 1),
(388, 21, 17, 1541, 0, 1),
(389, 21, 17, 1542, 0, 1),
(390, 21, 17, 1543, 0, 1),
(391, 21, 17, 1544, 0, 1),
(392, 21, 17, 1545, 0, 1),
(393, 21, 17, 1546, 0, 1),
(394, 21, 17, 1547, 0, 1),
(395, 21, 17, 1548, 0, 1),
(396, 21, 17, 1549, 0, 1),
(397, 21, 17, 1550, 0, 1),
(398, 21, 17, 1551, 0, 1),
(399, 21, 17, 1552, 0, 1),
(400, 21, 17, 1553, 0, 1),
(401, 21, 17, 1554, 0, 1),
(402, 21, 17, 1555, 0, 1),
(403, 21, 17, 1556, 0, 1),
(404, 21, 17, 1557, 0, 1),
(405, 21, 17, 1558, 10000, 1),
(406, 21, 17, 1560, 3400, 1),
(407, 21, 17, 1561, 1100, 1),
(408, 21, 17, 1562, 900, 1),
(409, 21, 18, 1484, 150000, 1),
(410, 21, 18, 1485, 0, 1),
(411, 21, 18, 1486, 399406.97, 1),
(412, 21, 18, 1487, 1500000, 1),
(413, 21, 18, 1488, 50000, 1),
(414, 21, 18, 1489, 125000, 1),
(415, 21, 18, 1490, 15400, 1),
(416, 21, 18, 1491, 8500000, 1),
(417, 21, 18, 1492, 2350000, 1),
(418, 21, 18, 1493, 890000, 1),
(419, 21, 18, 1494, 575593, 1),
(420, 21, 18, 1495, 0, 1),
(421, 21, 18, 1496, 0, 1),
(422, 21, 18, 1497, 340000, 1),
(423, 21, 18, 1498, 235000, 1),
(424, 21, 18, 1499, 178000, 1),
(425, 21, 18, 1500, 183333.33, 1),
(426, 21, 18, 1501, 0, 1),
(427, 21, 18, 1502, 1402480.25, 1),
(428, 21, 18, 1503, 12241263.38, 1),
(429, 21, 18, 1504, 0, 1),
(430, 21, 18, 1505, 0, 1),
(431, 21, 18, 1506, 0, 1),
(432, 21, 18, 1507, 0, 1),
(433, 21, 18, 1508, 0, 1),
(434, 21, 18, 1509, 0, 1),
(435, 21, 18, 1510, 0, 1),
(436, 21, 18, 1511, 0, 1),
(437, 21, 18, 1512, 0, 1),
(438, 21, 18, 1513, 0, 1),
(439, 21, 18, 1514, 0, 1),
(440, 21, 18, 1515, 0, 1),
(441, 21, 18, 1516, 0, 1),
(442, 21, 18, 1517, 0, 1),
(443, 21, 18, 1518, 0, 1),
(444, 21, 18, 1519, 0, 1),
(445, 21, 18, 1520, 0, 1),
(446, 21, 18, 1521, 0, 1),
(447, 21, 18, 1522, 0, 1),
(448, 21, 18, 1523, 0, 1),
(449, 21, 18, 1524, 0, 1),
(450, 21, 18, 1525, 0, 1),
(451, 21, 18, 1526, 0, 1),
(452, 21, 18, 1527, 0, 1),
(453, 21, 18, 1528, 0, 1),
(454, 21, 18, 1529, 0, 1),
(455, 21, 18, 1530, 0, 1),
(456, 21, 18, 1531, 0, 1),
(457, 21, 18, 1532, 0, 1),
(458, 21, 18, 1533, 0, 1),
(459, 21, 18, 1534, 0, 1),
(460, 21, 18, 1535, 0, 1),
(461, 21, 18, 1536, 0, 1),
(462, 21, 18, 1537, 0, 1),
(463, 21, 18, 1538, 0, 1),
(464, 21, 18, 1539, 0, 1),
(465, 21, 18, 1540, 0, 1),
(466, 21, 18, 1541, 0, 1),
(467, 21, 18, 1542, 0, 1),
(468, 21, 18, 1543, 0, 1),
(469, 21, 18, 1544, 0, 1),
(470, 21, 18, 1545, 0, 1),
(471, 21, 18, 1546, 0, 1),
(472, 21, 18, 1547, 0, 1),
(473, 21, 18, 1548, 0, 1),
(474, 21, 18, 1549, 0, 1),
(475, 21, 18, 1550, 0, 1),
(476, 21, 18, 1551, 0, 1),
(477, 21, 18, 1552, 0, 1),
(478, 21, 18, 1553, 0, 1),
(479, 21, 18, 1554, 0, 1),
(480, 21, 18, 1555, 0, 1),
(481, 21, 18, 1556, 0, 1),
(482, 21, 18, 1557, 0, 1),
(483, 21, 18, 1558, 7876, 1),
(484, 21, 18, 1560, 3400, 1),
(485, 21, 18, 1561, -42900, 1),
(486, 21, 18, 1562, 6947.01, 1);

-- --------------------------------------------------------

--
-- Table structure for table `account_entries_tbl`
--

CREATE TABLE `account_entries_tbl` (
  `Id` int(11) NOT NULL,
  `Account_Entries` varchar(100) NOT NULL
) ENGINE=InnoDB DEFAULT CHARSET=utf8mb4 COLLATE=utf8mb4_unicode_ci;

-- --------------------------------------------------------

--
-- Table structure for table `account_group_tbl`
--

CREATE TABLE `account_group_tbl` (
  `Id` int(11) NOT NULL,
  `Community_Id` int(11) NOT NULL,
  `Account_Group` varchar(100) NOT NULL
) ENGINE=InnoDB DEFAULT CHARSET=utf8mb4 COLLATE=utf8mb4_unicode_ci;

-- --------------------------------------------------------

--
-- Table structure for table `account_type_tbl`
--

CREATE TABLE `account_type_tbl` (
  `Id` int(11) NOT NULL,
  `Account_Type` varchar(100) NOT NULL,
  `Account_Class` varchar(50) DEFAULT NULL,
  `Normal_Balance` varchar(50) NOT NULL
) ENGINE=InnoDB DEFAULT CHARSET=utf8mb4 COLLATE=utf8mb4_unicode_ci;

--
-- Dumping data for table `account_type_tbl`
--

INSERT INTO `account_type_tbl` (`Id`, `Account_Type`, `Account_Class`, `Normal_Balance`) VALUES
(1, 'Current Assets', 'Asset', 'Debit'),
(2, 'Receivables', 'Asset', 'Debit'),
(3, 'Non-Current Assets', 'Asset', 'Debit'),
(4, 'Accumulated Depreciation', 'Contra Asset', 'Credit'),
(5, 'Current Liabilities', 'Liability', 'Credit'),
(6, 'Non-Current Liabilities', 'Liability', 'Credit'),
(7, 'Fund Balances', 'Equity', 'Credit'),
(8, 'Donated Funds', 'Equity', 'Credit'),
(9, 'Income / Receipts', 'Revenue', 'Credit'),
(10, 'Remittances', 'Expenses', 'Debit'),
(11, 'Operating Expenses', 'Expenses', 'Debit');

-- --------------------------------------------------------

--
-- Table structure for table `admin_user_tbl`
--

CREATE TABLE `admin_user_tbl` (
  `Id` int(11) NOT NULL,
  `First_Name` varchar(100) NOT NULL,
  `Middle_Name` varchar(100) NOT NULL,
  `Last_Name` varchar(100) NOT NULL,
  `Gender` varchar(50) NOT NULL,
  `Birthdate` date NOT NULL,
  `User_Type` varchar(50) NOT NULL,
  `Username` varchar(50) NOT NULL,
  `Password` text NOT NULL
) ENGINE=InnoDB DEFAULT CHARSET=utf8mb4 COLLATE=utf8mb4_unicode_ci;

--
-- Dumping data for table `admin_user_tbl`
--

INSERT INTO `admin_user_tbl` (`Id`, `First_Name`, `Middle_Name`, `Last_Name`, `Gender`, `Birthdate`, `User_Type`, `Username`, `Password`) VALUES
(1, 'Gremar', 'Laroga', 'Campilan', 'Male', '1997-11-22', 'Admin', 'gcampilan', '9fd83a435988fda2a75806feeafb547f34ec8c699c2f6feefc49104be5dff1709c9e9992fa853a850fe2110b57e0848bec13e9945330f515359539e506c92689068b53d2015835abe8eca933a425ca6c1a57338ffb1e4ce3ba'),
(2, 'Lea Mae', 'Canilla', 'Arrazola', 'Female', '1993-06-18', 'Admin', 'admin', '9fd83a435988fda2a75806feeafb547f34ec8c699c2f6feefc49104be5dff1709c9e9992fa853a850fe2110b57e0848bec13e9945330f515359539e506c92689068b53d2015835abe8eca933a425ca6c1a57338ffb1e4ce3ba');

-- --------------------------------------------------------

--
-- Table structure for table `audit_trail_action`
--

CREATE TABLE `audit_trail_action` (
  `Id` int(11) NOT NULL,
  `Community_Id` int(11) DEFAULT NULL,
  `User_Id` int(11) DEFAULT NULL,
  `Module` varchar(50) NOT NULL,
  `Action` varchar(100) NOT NULL,
  `Record_Id` int(11) NOT NULL,
  `DateTime` datetime NOT NULL
) ENGINE=InnoDB DEFAULT CHARSET=utf8mb4 COLLATE=utf8mb4_unicode_ci;

--
-- Dumping data for table `audit_trail_action`
--

INSERT INTO `audit_trail_action` (`Id`, `Community_Id`, `User_Id`, `Module`, `Action`, `Record_Id`, `DateTime`) VALUES
(1, 19, 32, 'Cash Receipts', 'Add', 63, '2026-04-11 08:50:03'),
(2, 19, 31, 'Cash Receipts', 'Update/Reject', 63, '2026-04-11 08:52:04'),
(3, 19, 32, 'Cash Receipts', 'Update', 63, '2026-04-11 08:53:12'),
(4, 19, 31, 'Cash Receipts', 'Update/Verify', 63, '2026-04-11 08:53:49'),
(5, 19, 25, 'Cash Receipts', 'Update/Approve', 63, '2026-04-11 08:54:46'),
(6, 19, 32, 'Cash Receipts', 'Add', 64, '2026-04-12 20:57:42'),
(7, 19, 31, 'Cash Receipts', 'Update/Reject', 64, '2026-04-12 20:59:07'),
(8, 19, 32, 'Cash Receipts', 'Update', 64, '2026-04-12 20:59:52'),
(9, 19, 31, 'Cash Receipts', 'Update/Verify', 64, '2026-04-12 21:00:53'),
(10, 19, 25, 'Cash Receipts', 'Update/Approve', 64, '2026-04-12 21:01:33'),
(11, 19, 32, 'Cash Receipts', 'Add', 65, '2026-04-12 21:04:01'),
(12, 19, 31, 'Cash Receipts', 'Update/Verify', 65, '2026-04-12 21:04:29'),
(13, 19, 25, 'Cash Receipts', 'Update/Approve', 65, '2026-04-12 21:04:56'),
(14, 19, 32, 'Check Voucher', 'Add', 72, '2026-04-12 21:06:57'),
(15, 19, 31, 'Check Voucher', 'Update/Verify', 72, '2026-04-12 21:07:58'),
(16, 19, 25, 'Check Voucher', 'Update/Approve', 72, '2026-04-12 21:08:25'),
(17, 19, 32, 'Cash Receipts', 'Add', 66, '2026-04-12 22:56:11'),
(18, 21, 59, 'Cash Receipts', 'Add', 67, '2026-04-14 13:01:54'),
(19, 21, 59, 'Cash Receipts', 'Update', 67, '2026-04-14 13:03:34'),
(20, 21, 59, 'Cash Receipts', 'Add', 68, '2026-04-14 13:06:42'),
(21, 21, 59, 'Cash Receipts', 'Add', 69, '2026-04-14 13:08:19'),
(22, 21, 59, 'Cash Receipts', 'Add', 70, '2026-04-14 13:14:55'),
(23, 21, 59, 'Cash Receipts', 'Add', 71, '2026-04-14 13:18:16'),
(24, 21, 59, 'Cash Receipts', 'Add', 72, '2026-04-14 13:20:03'),
(25, 21, 59, 'Cash Receipts', 'Add', 73, '2026-04-14 13:22:02'),
(26, 21, 59, 'Cash Receipts', 'Add', 74, '2026-04-14 13:23:10'),
(27, 21, 59, 'Cash Receipts', 'Add', 75, '2026-04-14 13:26:30'),
(28, 21, 59, 'Cash Receipts', 'Add', 76, '2026-04-14 13:27:23'),
(29, 21, 59, 'Cash Receipts', 'Add', 77, '2026-04-14 13:28:19'),
(30, 21, 59, 'Cash Receipts', 'Add', 78, '2026-04-14 13:29:23'),
(31, 21, 59, 'Check Voucher', 'Add', 73, '2026-04-14 13:37:27'),
(32, 21, 59, 'Check Voucher', 'Add', 74, '2026-04-14 13:41:21'),
(33, 21, 59, 'Check Voucher', 'Add', 75, '2026-04-14 13:44:05'),
(34, 21, 59, 'Check Voucher', 'Add', 76, '2026-04-14 13:46:01'),
(35, 21, 59, 'Check Voucher', 'Add', 77, '2026-04-14 13:50:58'),
(36, 21, 59, 'Check Voucher', 'Add', 78, '2026-04-14 13:52:34'),
(37, 21, 59, 'Check Voucher', 'Add', 79, '2026-04-14 13:54:27'),
(38, 21, 59, 'Check Voucher', 'Add', 80, '2026-04-14 13:56:17'),
(39, 21, 59, 'Check Voucher', 'Add', 81, '2026-04-14 14:01:45'),
(40, 21, 59, 'Check Voucher', 'Update', 78, '2026-04-14 14:02:51'),
(41, 21, 59, 'Check Voucher', 'Add', 82, '2026-04-14 14:08:08'),
(42, 21, 59, 'Check Voucher', 'Add', 83, '2026-04-14 14:32:05'),
(43, 21, 59, 'General Journal', 'Add', 6, '2026-04-14 15:05:30'),
(44, 21, 59, 'General Journal', 'Add', 7, '2026-04-14 15:10:00'),
(45, 21, 59, 'General Journal', 'Add', 8, '2026-04-14 15:13:12'),
(46, 21, 59, 'General Journal', 'Add', 9, '2026-04-14 15:16:05'),
(47, 21, 59, 'General Journal', 'Add', 10, '2026-04-14 15:18:07'),
(48, 21, 58, 'Cash Receipts', 'Update/Verify', 67, '2026-04-14 15:23:47'),
(49, 21, 58, 'Cash Receipts', 'Update/Verify', 68, '2026-04-14 15:24:06'),
(50, 21, 58, 'Cash Receipts', 'Update/Verify', 69, '2026-04-14 15:24:40'),
(51, 21, 58, 'Cash Receipts', 'Update/Verify', 70, '2026-04-14 15:25:06'),
(52, 21, 58, 'Cash Receipts', 'Update/Verify', 71, '2026-04-14 15:25:19'),
(53, 21, 58, 'Cash Receipts', 'Update/Verify', 72, '2026-04-14 15:25:31'),
(54, 21, 58, 'Cash Receipts', 'Update/Verify', 73, '2026-04-14 15:25:40'),
(55, 21, 58, 'Cash Receipts', 'Update/Verify', 74, '2026-04-14 15:25:51'),
(56, 21, 58, 'Cash Receipts', 'Update/Verify', 75, '2026-04-14 15:26:05'),
(57, 21, 58, 'Cash Receipts', 'Update/Verify', 76, '2026-04-14 15:26:11'),
(58, 21, 58, 'Cash Receipts', 'Update/Verify', 77, '2026-04-14 15:26:19'),
(59, 21, 58, 'Cash Receipts', 'Update/Verify', 78, '2026-04-14 15:26:26'),
(60, 21, 58, 'Check Voucher', 'Update/Verify', 73, '2026-04-14 15:26:42'),
(61, 21, 58, 'Check Voucher', 'Update/Verify', 74, '2026-04-14 15:27:09'),
(62, 21, 58, 'Check Voucher', 'Update/Verify', 75, '2026-04-14 15:27:19'),
(63, 21, 59, 'Check Voucher', 'Update', 76, '2026-04-14 15:27:56'),
(64, 21, 59, 'Check Voucher', 'Update', 77, '2026-04-14 15:28:09'),
(65, 21, 59, 'Check Voucher', 'Update', 79, '2026-04-14 15:28:17'),
(66, 21, 59, 'Check Voucher', 'Update', 83, '2026-04-14 15:28:24'),
(67, 21, 59, 'Check Voucher', 'Update', 82, '2026-04-14 15:28:32'),
(68, 21, 59, 'Check Voucher', 'Update', 81, '2026-04-14 15:28:41'),
(69, 21, 58, 'Check Voucher', 'Update/Verify', 77, '2026-04-14 15:30:04'),
(70, 21, 58, 'Check Voucher', 'Update/Verify', 78, '2026-04-14 15:30:11'),
(71, 21, 58, 'Check Voucher', 'Update/Verify', 79, '2026-04-14 15:30:19'),
(72, 21, 58, 'Check Voucher', 'Update/Verify', 80, '2026-04-14 15:30:26'),
(73, 21, 58, 'Check Voucher', 'Update/Verify', 81, '2026-04-14 15:30:35'),
(74, 21, 58, 'Check Voucher', 'Update/Verify', 82, '2026-04-14 15:30:41'),
(75, 21, 58, 'Check Voucher', 'Update/Verify', 83, '2026-04-14 15:30:47'),
(76, 21, 59, 'Check Voucher', 'Update', 76, '2026-04-14 15:31:28'),
(77, 21, 58, 'Check Voucher', 'Update/Verify', 76, '2026-04-14 15:31:53'),
(78, 21, 58, 'General Journal', 'Update/Verify', 6, '2026-04-14 15:32:24'),
(79, 21, 58, 'General Journal', 'Update/Verify', 7, '2026-04-14 15:32:38'),
(80, 21, 58, 'General Journal', 'Update/Verify', 8, '2026-04-14 15:32:57'),
(81, 21, 58, 'General Journal', 'Update/Verify', 9, '2026-04-14 15:33:08'),
(82, 21, 58, 'General Journal', 'Update/Verify', 10, '2026-04-14 15:33:15'),
(83, 21, 57, 'General Journal', 'Update/Approve', 6, '2026-04-14 15:36:11'),
(84, 21, 57, 'General Journal', 'Update/Approve', 7, '2026-04-14 15:36:26'),
(85, 21, 57, 'General Journal', 'Update/Approve', 8, '2026-04-14 15:36:37'),
(86, 21, 57, 'General Journal', 'Update/Approve', 9, '2026-04-14 15:36:45'),
(87, 21, 57, 'General Journal', 'Update/Approve', 10, '2026-04-14 15:36:51'),
(88, 21, 57, 'Check Voucher', 'Update/Approve', 83, '2026-04-14 15:36:59'),
(89, 21, 57, 'Check Voucher', 'Update/Approve', 82, '2026-04-14 15:37:04'),
(90, 21, 57, 'Check Voucher', 'Update/Approve', 81, '2026-04-14 15:37:08'),
(91, 21, 57, 'Check Voucher', 'Update/Approve', 80, '2026-04-14 15:37:13'),
(92, 21, 57, 'Check Voucher', 'Update/Approve', 79, '2026-04-14 15:37:17'),
(93, 21, 57, 'Check Voucher', 'Update/Approve', 78, '2026-04-14 15:37:22'),
(94, 21, 57, 'Check Voucher', 'Update/Approve', 77, '2026-04-14 15:37:26'),
(95, 21, 57, 'Check Voucher', 'Update/Approve', 76, '2026-04-14 15:37:31'),
(96, 21, 57, 'Check Voucher', 'Update/Approve', 75, '2026-04-14 15:37:35'),
(97, 21, 57, 'Check Voucher', 'Update/Approve', 74, '2026-04-14 15:37:40'),
(98, 21, 57, 'Check Voucher', 'Update/Approve', 73, '2026-04-14 15:37:47'),
(99, 21, 57, 'Cash Receipts', 'Update/Approve', 78, '2026-04-14 15:37:58'),
(100, 21, 57, 'Cash Receipts', 'Update/Approve', 77, '2026-04-14 15:38:02'),
(101, 21, 57, 'Cash Receipts', 'Update/Approve', 76, '2026-04-14 15:38:07'),
(102, 21, 57, 'Cash Receipts', 'Update/Approve', 75, '2026-04-14 15:38:11'),
(103, 21, 57, 'Cash Receipts', 'Update/Approve', 74, '2026-04-14 15:38:15'),
(104, 21, 57, 'Cash Receipts', 'Update/Approve', 73, '2026-04-14 15:38:20'),
(105, 21, 57, 'Cash Receipts', 'Update/Approve', 72, '2026-04-14 15:38:24'),
(106, 21, 57, 'Cash Receipts', 'Update/Approve', 71, '2026-04-14 15:38:29'),
(107, 21, 57, 'Cash Receipts', 'Update/Approve', 70, '2026-04-14 15:38:33'),
(108, 21, 57, 'Cash Receipts', 'Update/Approve', 69, '2026-04-14 15:38:38'),
(109, 21, 57, 'Cash Receipts', 'Update/Approve', 68, '2026-04-14 15:38:44'),
(110, 21, 57, 'Cash Receipts', 'Update/Approve', 67, '2026-04-14 15:38:48'),
(111, 21, 57, 'Cash Receipts', 'Add', 79, '2026-04-14 16:48:34'),
(112, 21, 57, 'Cash Receipts', 'Add', 80, '2026-04-14 16:49:27'),
(113, 21, 57, 'Cash Receipts', 'Add', 81, '2026-04-14 16:56:42'),
(114, 21, 57, 'Cash Receipts', 'Add', 82, '2026-04-14 16:58:36'),
(115, 21, 57, 'Cash Receipts', 'Add', 83, '2026-04-14 16:59:45'),
(116, 21, 57, 'Cash Receipts', 'Add', 84, '2026-04-14 17:02:38'),
(117, 21, 57, 'Cash Receipts', 'Add', 85, '2026-04-14 17:03:45'),
(118, 21, 57, 'Cash Receipts', 'Add', 86, '2026-04-14 17:04:54'),
(119, 21, 59, 'Cash Receipts', 'Add', 87, '2026-04-14 17:16:12'),
(120, 21, 59, 'Cash Receipts', 'Add', 88, '2026-04-14 17:17:33'),
(121, 21, 59, 'Cash Receipts', 'Add', 89, '2026-04-14 17:18:57'),
(122, 21, 59, 'Cash Receipts', 'Add', 90, '2026-04-14 17:26:04'),
(123, 21, 59, 'Cash Receipts', 'Add', 91, '2026-04-14 17:27:15'),
(124, 21, 59, 'Cash Receipts', 'Add', 92, '2026-04-14 17:28:56'),
(125, 21, 59, 'Cash Receipts', 'Add', 93, '2026-04-14 17:31:29'),
(126, 21, 59, 'Cash Receipts', 'Add', 94, '2026-04-14 17:32:33'),
(127, 21, 59, 'Cash Receipts', 'Add', 95, '2026-04-14 17:34:35'),
(128, 21, 59, 'Cash Receipts', 'Update', 95, '2026-04-14 17:34:55'),
(129, 21, 59, 'Cash Receipts', 'Add', 96, '2026-04-14 17:36:25'),
(130, 21, 59, 'Cash Receipts', 'Add', 97, '2026-04-14 17:38:54'),
(131, 21, 59, 'Cash Receipts', 'Add', 98, '2026-04-14 17:39:41'),
(132, 21, 59, 'Cash Receipts', 'Add', 99, '2026-04-14 17:40:52'),
(133, 21, 59, 'Cash Receipts', 'Update', 99, '2026-04-14 17:41:48'),
(134, 21, 59, 'Cash Receipts', 'Add', 100, '2026-04-14 17:43:45'),
(135, 21, 59, 'Cash Receipts', 'Add', 101, '2026-04-14 17:46:48'),
(136, 21, 59, 'Cash Receipts', 'Add', 102, '2026-04-14 17:52:35'),
(137, 21, 59, 'Cash Receipts', 'Add', 103, '2026-04-14 17:54:30'),
(138, 21, 59, 'Cash Receipts', 'Add', 104, '2026-04-14 17:59:08'),
(139, 21, 59, 'Cash Receipts', 'Add', 105, '2026-04-14 18:00:18'),
(140, 21, 59, 'Cash Receipts', 'Add', 106, '2026-04-14 18:01:26'),
(141, 21, 59, 'Cash Receipts', 'Add', 107, '2026-04-14 18:02:26'),
(142, 21, 59, 'Cash Receipts', 'Add', 108, '2026-04-14 18:06:10'),
(143, 21, 59, 'Cash Receipts', 'Add', 109, '2026-04-14 18:09:26'),
(144, 21, 59, 'Cash Receipts', 'Add', 110, '2026-04-14 18:10:37'),
(145, 21, 59, 'Cash Receipts', 'Add', 111, '2026-04-14 18:13:44'),
(146, 21, 59, 'Cash Receipts', 'Add', 112, '2026-04-14 18:16:32'),
(147, 21, 59, 'Cash Receipts', 'Add', 113, '2026-04-14 18:17:48'),
(148, 21, 59, 'Cash Receipts', 'Add', 114, '2026-04-14 18:20:25'),
(149, 21, 59, 'Cash Receipts', 'Add', 115, '2026-04-14 18:21:17'),
(150, 21, 59, 'Cash Receipts', 'Add', 116, '2026-04-14 18:22:07'),
(151, 21, 59, 'Cash Receipts', 'Add', 117, '2026-04-14 18:23:08'),
(152, 21, 59, 'Cash Receipts', 'Add', 118, '2026-04-14 18:30:40'),
(153, 21, 59, 'Cash Receipts', 'Add', 119, '2026-04-14 18:32:59'),
(154, 21, 59, 'Check Voucher', 'Add', 84, '2026-04-14 18:46:06'),
(155, 21, 59, 'Check Voucher', 'Add', 85, '2026-04-14 18:50:42'),
(156, 21, 59, 'Check Voucher', 'Add', 86, '2026-04-14 18:56:35'),
(157, 21, 59, 'Check Voucher', 'Add', 87, '2026-04-14 18:58:18'),
(158, 21, 59, 'Check Voucher', 'Add', 88, '2026-04-14 19:00:45'),
(159, 21, 59, 'Check Voucher', 'Add', 89, '2026-04-14 19:04:30'),
(160, 21, 59, 'Check Voucher', 'Add', 90, '2026-04-14 19:06:29'),
(161, 21, 59, 'Check Voucher', 'Add', 91, '2026-04-14 19:12:23'),
(162, 21, 59, 'Check Voucher', 'Add', 92, '2026-04-14 19:16:18'),
(163, 21, 59, 'Check Voucher', 'Add', 93, '2026-04-14 19:18:33'),
(164, 21, 59, 'Check Voucher', 'Add', 94, '2026-04-14 19:26:58'),
(165, 21, 59, 'Check Voucher', 'Add', 95, '2026-04-14 19:28:55'),
(166, 21, 59, 'Check Voucher', 'Add', 96, '2026-04-14 19:39:09'),
(167, 21, 59, 'Check Voucher', 'Add', 97, '2026-04-14 19:45:21'),
(168, 21, 59, 'Check Voucher', 'Add', 98, '2026-04-14 19:48:04'),
(169, 21, 59, 'Check Voucher', 'Add', 99, '2026-04-14 19:52:07'),
(170, 21, 59, 'Check Voucher', 'Add', 100, '2026-04-14 19:54:05'),
(171, 21, 59, 'Check Voucher', 'Add', 101, '2026-04-14 19:57:03'),
(172, 21, 59, 'Check Voucher', 'Add', 102, '2026-04-14 20:01:23'),
(173, 21, 59, 'Check Voucher', 'Add', 103, '2026-04-14 20:03:00'),
(174, 21, 59, 'Check Voucher', 'Add', 104, '2026-04-14 20:05:32'),
(175, 21, 59, 'Check Voucher', 'Add', 105, '2026-04-14 20:07:45'),
(176, 21, 59, 'Check Voucher', 'Add', 106, '2026-04-14 20:19:38'),
(177, 21, 59, 'Check Voucher', 'Add', 107, '2026-04-14 20:24:31'),
(178, 21, 59, 'Check Voucher', 'Add', 108, '2026-04-14 20:26:46'),
(179, 21, 59, 'Check Voucher', 'Add', 109, '2026-04-14 20:33:02'),
(180, 21, 59, 'Check Voucher', 'Add', 110, '2026-04-14 20:34:37'),
(181, 21, 59, 'Check Voucher', 'Add', 111, '2026-04-14 20:36:30'),
(182, 21, 59, 'Check Voucher', 'Add', 112, '2026-04-14 20:39:42'),
(183, 21, 59, 'Check Voucher', 'Add', 113, '2026-04-14 20:40:57'),
(184, 21, 59, 'Check Voucher', 'Add', 114, '2026-04-14 20:42:23'),
(185, 21, 59, 'Check Voucher', 'Add', 115, '2026-04-14 20:46:00'),
(186, 21, 58, 'Check Voucher', 'Update/Verify', 84, '2026-04-14 20:51:47'),
(187, 21, 58, 'Check Voucher', 'Update/Verify', 85, '2026-04-14 20:51:54'),
(188, 21, 58, 'Check Voucher', 'Update/Verify', 86, '2026-04-14 20:52:02'),
(189, 21, 58, 'Check Voucher', 'Update/Verify', 87, '2026-04-14 20:52:06'),
(190, 21, 58, 'Check Voucher', 'Update/Verify', 88, '2026-04-14 20:52:11'),
(191, 21, 58, 'Check Voucher', 'Update/Verify', 89, '2026-04-14 20:52:15'),
(192, 21, 58, 'Check Voucher', 'Update/Verify', 90, '2026-04-14 20:52:20'),
(193, 21, 58, 'Check Voucher', 'Update/Verify', 91, '2026-04-14 20:52:25'),
(194, 21, 58, 'Check Voucher', 'Update/Verify', 92, '2026-04-14 20:52:30'),
(195, 21, 58, 'Check Voucher', 'Update/Verify', 93, '2026-04-14 20:52:35'),
(196, 21, 58, 'Check Voucher', 'Update/Verify', 94, '2026-04-14 20:52:40'),
(197, 21, 58, 'Check Voucher', 'Update/Verify', 95, '2026-04-14 20:52:45'),
(198, 21, 58, 'Check Voucher', 'Update/Verify', 96, '2026-04-14 20:52:53'),
(199, 21, 58, 'Check Voucher', 'Update/Verify', 97, '2026-04-14 20:52:58'),
(200, 21, 58, 'Check Voucher', 'Update/Verify', 98, '2026-04-14 20:53:03'),
(201, 21, 58, 'Check Voucher', 'Update/Verify', 99, '2026-04-14 20:53:07'),
(202, 21, 58, 'Check Voucher', 'Update/Verify', 100, '2026-04-14 20:53:12'),
(203, 21, 58, 'Check Voucher', 'Update/Verify', 101, '2026-04-14 20:53:17'),
(204, 21, 58, 'Check Voucher', 'Update/Verify', 102, '2026-04-14 20:53:22'),
(205, 21, 58, 'Check Voucher', 'Update/Verify', 103, '2026-04-14 20:53:27'),
(206, 21, 58, 'Check Voucher', 'Update/Verify', 104, '2026-04-14 20:53:31'),
(207, 21, 58, 'Check Voucher', 'Update/Verify', 105, '2026-04-14 20:53:35'),
(208, 21, 58, 'Check Voucher', 'Update/Verify', 106, '2026-04-14 20:53:41'),
(209, 21, 58, 'Check Voucher', 'Update/Verify', 107, '2026-04-14 20:53:46'),
(210, 21, 58, 'Check Voucher', 'Update/Verify', 108, '2026-04-14 20:53:52'),
(211, 21, 58, 'Check Voucher', 'Update/Verify', 109, '2026-04-14 20:54:01'),
(212, 21, 58, 'Check Voucher', 'Update/Verify', 110, '2026-04-14 20:54:05'),
(213, 21, 58, 'Check Voucher', 'Update/Verify', 111, '2026-04-14 20:54:09'),
(214, 21, 58, 'Check Voucher', 'Update/Verify', 112, '2026-04-14 20:54:14'),
(215, 21, 58, 'Check Voucher', 'Update/Verify', 113, '2026-04-14 20:54:18'),
(216, 21, 58, 'Check Voucher', 'Update/Verify', 114, '2026-04-14 20:54:22'),
(217, 21, 58, 'Check Voucher', 'Update/Verify', 115, '2026-04-14 20:54:28'),
(218, 21, 57, 'Check Voucher', 'Update/Approve', 84, '2026-04-14 20:55:18'),
(219, 21, 57, 'Check Voucher', 'Update/Approve', 85, '2026-04-14 20:55:24'),
(220, 21, 57, 'Check Voucher', 'Update/Approve', 86, '2026-04-14 20:55:30'),
(221, 21, 57, 'Check Voucher', 'Update/Approve', 87, '2026-04-14 20:56:50'),
(222, 21, 57, 'Check Voucher', 'Update/Approve', 88, '2026-04-14 20:56:55'),
(223, 21, 57, 'Check Voucher', 'Update/Approve', 89, '2026-04-14 20:56:59'),
(224, 21, 57, 'Check Voucher', 'Update/Approve', 90, '2026-04-14 20:57:03'),
(225, 21, 57, 'Check Voucher', 'Update/Approve', 91, '2026-04-14 20:57:10'),
(226, 21, 57, 'Check Voucher', 'Update/Approve', 92, '2026-04-14 20:57:14'),
(227, 21, 57, 'Check Voucher', 'Update/Approve', 93, '2026-04-14 20:57:18'),
(228, 21, 57, 'Check Voucher', 'Update/Approve', 94, '2026-04-14 20:57:23'),
(229, 21, 57, 'Check Voucher', 'Update/Approve', 95, '2026-04-14 20:57:28'),
(230, 21, 57, 'Check Voucher', 'Update/Approve', 96, '2026-04-14 20:57:34'),
(231, 21, 57, 'Check Voucher', 'Update/Approve', 97, '2026-04-14 20:57:39'),
(232, 21, 57, 'Check Voucher', 'Update/Approve', 98, '2026-04-14 20:57:43'),
(233, 21, 57, 'Check Voucher', 'Update/Approve', 99, '2026-04-14 20:57:47'),
(234, 21, 57, 'Check Voucher', 'Update/Approve', 100, '2026-04-14 20:57:51'),
(235, 21, 57, 'Check Voucher', 'Update/Approve', 101, '2026-04-14 20:57:55'),
(236, 21, 57, 'Check Voucher', 'Update/Approve', 102, '2026-04-14 20:58:00'),
(237, 21, 57, 'Check Voucher', 'Update/Approve', 103, '2026-04-14 20:58:04'),
(238, 21, 57, 'Check Voucher', 'Update/Approve', 104, '2026-04-14 20:58:08'),
(239, 21, 57, 'Check Voucher', 'Update/Approve', 105, '2026-04-14 20:58:12'),
(240, 21, 57, 'Check Voucher', 'Update/Approve', 106, '2026-04-14 20:58:18'),
(241, 21, 57, 'Check Voucher', 'Update/Approve', 107, '2026-04-14 20:58:22'),
(242, 21, 57, 'Check Voucher', 'Update/Approve', 108, '2026-04-14 20:58:26'),
(243, 21, 57, 'Check Voucher', 'Update/Approve', 109, '2026-04-14 20:58:31'),
(244, 21, 57, 'Check Voucher', 'Update/Approve', 110, '2026-04-14 20:58:37'),
(245, 21, 57, 'Check Voucher', 'Update/Approve', 111, '2026-04-14 20:58:42'),
(246, 21, 57, 'Check Voucher', 'Update/Approve', 112, '2026-04-14 20:58:47'),
(247, 21, 57, 'Check Voucher', 'Update/Approve', 113, '2026-04-14 20:58:52'),
(248, 21, 57, 'Check Voucher', 'Update/Approve', 114, '2026-04-14 20:58:56'),
(249, 21, 57, 'Check Voucher', 'Update/Approve', 115, '2026-04-14 20:59:00'),
(250, 21, 57, 'Check Voucher', 'Add', 116, '2026-04-14 21:05:24'),
(251, 21, 57, 'Check Voucher', 'Add', 117, '2026-04-14 21:13:13'),
(252, 21, 57, 'Check Voucher', 'Add', 118, '2026-04-14 21:15:42'),
(253, 21, 57, 'Check Voucher', 'Add', 119, '2026-04-14 21:17:27'),
(254, 21, 57, 'Check Voucher', 'Add', 120, '2026-04-14 21:19:26'),
(255, 21, 57, 'Check Voucher', 'Add', 121, '2026-04-14 21:25:03'),
(256, 21, 57, 'Check Voucher', 'Add', 122, '2026-04-14 21:26:58'),
(257, 21, 57, 'Check Voucher', 'Add', 123, '2026-04-14 21:28:22'),
(258, 21, 57, 'Check Voucher', 'Add', 124, '2026-04-14 21:29:41'),
(259, 21, 57, 'Check Voucher', 'Add', 125, '2026-04-14 21:30:56'),
(260, 21, 57, 'Check Voucher', 'Add', 126, '2026-04-14 21:32:16'),
(261, 21, 57, 'Check Voucher', 'Add', 127, '2026-04-14 21:35:39'),
(262, 21, 57, 'Check Voucher', 'Add', 128, '2026-04-14 21:36:46'),
(263, 21, 57, 'Check Voucher', 'Add', 129, '2026-04-14 21:40:35'),
(264, 21, 57, 'Check Voucher', 'Add', 130, '2026-04-14 21:41:50'),
(265, 21, 57, 'Check Voucher', 'Add', 131, '2026-04-14 21:43:38'),
(266, 21, 57, 'Check Voucher', 'Add', 132, '2026-04-14 21:48:20'),
(267, 21, 57, 'Check Voucher', 'Add', 133, '2026-04-14 21:52:31'),
(268, 21, 57, 'Check Voucher', 'Add', 134, '2026-04-14 21:53:40'),
(269, 21, 57, 'Check Voucher', 'Add', 135, '2026-04-14 21:56:57'),
(270, 21, 57, 'Check Voucher', 'Add', 136, '2026-04-14 22:01:45'),
(271, 21, 57, 'Check Voucher', 'Add', 137, '2026-04-14 22:02:58'),
(272, 21, 57, 'Check Voucher', 'Add', 138, '2026-04-14 22:05:14'),
(273, 21, 57, 'Check Voucher', 'Add', 139, '2026-04-14 22:06:40'),
(274, 21, 57, 'Check Voucher', 'Add', 140, '2026-04-14 22:07:46'),
(275, 21, 57, 'Check Voucher', 'Add', 141, '2026-04-14 22:08:51'),
(276, 21, 57, 'Check Voucher', 'Add', 142, '2026-04-14 22:12:03'),
(277, 21, 57, 'Check Voucher', 'Add', 143, '2026-04-14 22:15:14'),
(278, 21, 57, 'Check Voucher', 'Add', 144, '2026-04-14 22:18:13'),
(279, 21, 57, 'Check Voucher', 'Add', 145, '2026-04-14 22:22:38'),
(280, 21, 57, 'Check Voucher', 'Add', 146, '2026-04-14 22:23:45'),
(281, 21, 57, 'Check Voucher', 'Add', 147, '2026-04-14 22:24:57'),
(282, 21, 57, 'Check Voucher', 'Add', 148, '2026-04-14 22:26:17'),
(283, 21, 57, 'Check Voucher', 'Add', 149, '2026-04-14 22:30:43'),
(284, 21, 57, 'Check Voucher', 'Add', 150, '2026-04-14 22:31:53'),
(285, 21, 57, 'Check Voucher', 'Add', 151, '2026-04-14 22:34:08'),
(286, 21, 59, 'Check Voucher', 'Add', 152, '2026-04-15 06:16:11'),
(287, 21, 59, 'Check Voucher', 'Add', 153, '2026-04-15 06:17:40'),
(288, 21, 59, 'Check Voucher', 'Add', 154, '2026-04-15 06:21:42'),
(289, 21, 59, 'Check Voucher', 'Add', 155, '2026-04-15 06:24:33'),
(290, 21, 59, 'Check Voucher', 'Add', 156, '2026-04-15 06:25:56'),
(291, 21, 59, 'Check Voucher', 'Add', 157, '2026-04-15 06:28:02'),
(292, 21, 59, 'Check Voucher', 'Add', 158, '2026-04-15 06:31:48'),
(293, 21, 59, 'Check Voucher', 'Add', 159, '2026-04-15 06:47:14'),
(294, 21, 59, 'Check Voucher', 'Add', 160, '2026-04-15 06:48:31'),
(295, 21, 59, 'Check Voucher', 'Add', 161, '2026-04-15 06:50:02'),
(296, 21, 59, 'Check Voucher', 'Add', 162, '2026-04-15 06:51:59'),
(297, 21, 59, 'Check Voucher', 'Add', 163, '2026-04-15 06:54:20'),
(298, 21, 59, 'Check Voucher', 'Add', 164, '2026-04-15 06:56:10'),
(299, 21, 59, 'Check Voucher', 'Add', 165, '2026-04-15 07:03:58'),
(300, 21, 59, 'Check Voucher', 'Add', 166, '2026-04-15 07:05:03'),
(301, 21, 59, 'Check Voucher', 'Add', 167, '2026-04-15 07:07:48'),
(302, 21, 59, 'Check Voucher', 'Add', 168, '2026-04-15 07:09:19'),
(303, 21, 59, 'Check Voucher', 'Add', 169, '2026-04-15 07:13:12'),
(304, 21, 59, 'Check Voucher', 'Add', 170, '2026-04-15 07:14:31'),
(305, 21, 59, 'Check Voucher', 'Add', 171, '2026-04-15 07:20:00'),
(306, 21, 59, 'Check Voucher', 'Add', 172, '2026-04-15 07:21:22'),
(307, 21, 59, 'Check Voucher', 'Add', 173, '2026-04-15 07:24:56'),
(308, 21, 59, 'Check Voucher', 'Add', 174, '2026-04-15 07:26:56'),
(309, 21, 59, 'Check Voucher', 'Add', 175, '2026-04-15 07:28:20'),
(310, 21, 59, 'Check Voucher', 'Add', 176, '2026-04-15 07:29:34'),
(311, 21, 59, 'Check Voucher', 'Add', 177, '2026-04-15 07:33:39'),
(312, 21, 59, 'Check Voucher', 'Add', 178, '2026-04-15 07:35:27'),
(313, 21, 59, 'Check Voucher', 'Add', 179, '2026-04-15 07:36:40'),
(314, 21, 59, 'Check Voucher', 'Add', 180, '2026-04-15 07:40:15'),
(315, 21, 59, 'Check Voucher', 'Add', 181, '2026-04-15 08:02:31'),
(316, 21, 59, 'Check Voucher', 'Add', 182, '2026-04-15 08:03:41'),
(317, 21, 59, 'Check Voucher', 'Add', 183, '2026-04-15 08:04:52'),
(318, 21, 59, 'Check Voucher', 'Add', 184, '2026-04-15 08:05:48'),
(319, 21, 59, 'Check Voucher', 'Add', 185, '2026-04-15 08:09:17'),
(320, 21, 59, 'Check Voucher', 'Add', 186, '2026-04-15 08:11:15'),
(321, 21, 59, 'Check Voucher', 'Add', 187, '2026-04-15 08:12:23'),
(322, 21, 59, 'Check Voucher', 'Add', 188, '2026-04-15 08:19:19'),
(323, 21, 59, 'Check Voucher', 'Add', 189, '2026-04-15 08:20:20'),
(324, 21, 59, 'Check Voucher', 'Add', 190, '2026-04-15 09:26:47'),
(325, 21, 59, 'Check Voucher', 'Add', 191, '2026-04-15 09:27:49'),
(326, 21, 59, 'Check Voucher', 'Add', 192, '2026-04-15 09:28:37'),
(327, 21, 59, 'Check Voucher', 'Update', 192, '2026-04-15 09:30:25'),
(328, 21, 59, 'Check Voucher', 'Add', 193, '2026-04-15 09:36:48'),
(329, 21, 59, 'Check Voucher', 'Add', 194, '2026-04-15 09:37:57'),
(330, 21, 59, 'Check Voucher', 'Add', 195, '2026-04-15 09:39:10'),
(331, 21, 59, 'Check Voucher', 'Add', 196, '2026-04-15 09:42:19'),
(332, 21, 59, 'Check Voucher', 'Add', 197, '2026-04-15 09:43:23'),
(333, 21, 59, 'Check Voucher', 'Add', 198, '2026-04-15 09:44:27'),
(334, 21, 59, 'Check Voucher', 'Add', 199, '2026-04-15 09:45:50'),
(335, 21, 59, 'Check Voucher', 'Add', 200, '2026-04-15 09:49:24'),
(336, 21, 59, 'Check Voucher', 'Add', 201, '2026-04-15 09:53:45'),
(337, 21, 59, 'Check Voucher', 'Add', 202, '2026-04-15 09:57:04'),
(338, 21, 59, 'Check Voucher', 'Add', 203, '2026-04-15 09:58:15'),
(339, 21, 59, 'Check Voucher', 'Add', 204, '2026-04-15 10:02:13'),
(340, 21, 59, 'Check Voucher', 'Add', 205, '2026-04-15 10:06:47'),
(341, 21, 59, 'Check Voucher', 'Add', 206, '2026-04-15 10:08:09'),
(342, 21, 59, 'Check Voucher', 'Add', 207, '2026-04-15 10:09:54'),
(343, 21, 59, 'Check Voucher', 'Add', 208, '2026-04-15 10:10:58'),
(344, 21, 59, 'Check Voucher', 'Add', 209, '2026-04-15 10:12:58'),
(345, 21, 59, 'Check Voucher', 'Add', 210, '2026-04-15 10:13:58'),
(346, 21, 59, 'Check Voucher', 'Add', 211, '2026-04-15 10:15:45'),
(347, 21, 59, 'Check Voucher', 'Add', 212, '2026-04-15 10:17:34'),
(348, 21, 59, 'Check Voucher', 'Add', 213, '2026-04-15 10:18:42'),
(349, 21, 59, 'Check Voucher', 'Add', 214, '2026-04-15 10:19:49'),
(350, 21, 59, 'Check Voucher', 'Add', 215, '2026-04-15 10:20:54'),
(351, 21, 59, 'Check Voucher', 'Add', 216, '2026-04-15 10:26:44'),
(352, 21, 59, 'Check Voucher', 'Add', 217, '2026-04-15 10:28:02'),
(353, 21, 59, 'Check Voucher', 'Add', 218, '2026-04-15 10:30:12'),
(354, 21, 59, 'Check Voucher', 'Add', 219, '2026-04-15 10:31:22'),
(355, 21, 59, 'Check Voucher', 'Add', 220, '2026-04-15 10:32:22'),
(356, 21, 59, 'Check Voucher', 'Add', 221, '2026-04-15 10:37:29'),
(357, 21, 59, 'Check Voucher', 'Add', 222, '2026-04-15 10:39:43'),
(358, 21, 59, 'Check Voucher', 'Add', 223, '2026-04-15 10:40:50'),
(359, 21, 59, 'Check Voucher', 'Add', 224, '2026-04-15 10:43:20'),
(360, 21, 59, 'Check Voucher', 'Add', 225, '2026-04-15 10:45:54'),
(361, 21, 59, 'Check Voucher', 'Add', 226, '2026-04-15 10:50:47'),
(362, 21, 59, 'Check Voucher', 'Update', 226, '2026-04-15 10:51:22'),
(363, 21, 59, 'Check Voucher', 'Add', 227, '2026-04-15 10:53:10'),
(364, 21, 59, 'Check Voucher', 'Add', 228, '2026-04-15 10:54:08'),
(365, 21, 59, 'Check Voucher', 'Add', 229, '2026-04-15 10:57:23'),
(366, 21, 59, 'Check Voucher', 'Add', 230, '2026-04-15 10:58:44'),
(367, 21, 59, 'Check Voucher', 'Add', 231, '2026-04-15 10:59:42'),
(368, 21, 59, 'Check Voucher', 'Add', 232, '2026-04-15 11:00:57'),
(369, 21, 59, 'Check Voucher', 'Add', 233, '2026-04-15 11:01:49'),
(370, 21, 59, 'Check Voucher', 'Add', 234, '2026-04-15 11:02:40'),
(371, 21, 59, 'Check Voucher', 'Add', 235, '2026-04-15 11:06:09'),
(372, 21, 59, 'Check Voucher', 'Update', 226, '2026-04-15 11:06:48'),
(373, 21, 59, 'Check Voucher', 'Update', 171, '2026-04-15 11:07:34'),
(374, 21, 59, 'Check Voucher', 'Update', 172, '2026-04-15 11:07:55'),
(375, 21, 59, 'Check Voucher', 'Add', 236, '2026-04-15 11:09:57'),
(376, 21, 59, 'Check Voucher', 'Add', 237, '2026-04-15 11:14:14'),
(377, 21, 59, 'Check Voucher', 'Add', 238, '2026-04-15 11:15:19'),
(378, 21, 59, 'Check Voucher', 'Add', 239, '2026-04-15 11:16:58'),
(379, 21, 59, 'Check Voucher', 'Add', 240, '2026-04-15 11:18:00'),
(380, 21, 59, 'Check Voucher', 'Add', 241, '2026-04-15 11:24:22'),
(381, 21, 59, 'Check Voucher', 'Add', 242, '2026-04-15 11:26:13'),
(382, 21, 59, 'Check Voucher', 'Add', 243, '2026-04-15 11:31:01'),
(383, 21, 59, 'Check Voucher', 'Add', 244, '2026-04-15 11:34:06'),
(384, 21, 59, 'Check Voucher', 'Add', 245, '2026-04-15 11:35:03'),
(385, 21, 59, 'Check Voucher', 'Update', 216, '2026-04-15 11:35:39'),
(386, 21, 59, 'Check Voucher', 'Add', 246, '2026-04-15 11:41:06'),
(387, 21, 59, 'Check Voucher', 'Update', 246, '2026-04-15 11:41:41'),
(388, 21, 59, 'Check Voucher', 'Add', 247, '2026-04-15 11:52:32'),
(389, 21, 59, 'Check Voucher', 'Update', 247, '2026-04-15 11:54:22'),
(390, 21, 59, 'Check Voucher', 'Add', 248, '2026-04-15 12:31:14'),
(391, 21, 59, 'Check Voucher', 'Add', 249, '2026-04-15 12:32:39'),
(392, 21, 59, 'Check Voucher', 'Add', 250, '2026-04-15 12:34:03'),
(393, 21, 59, 'Check Voucher', 'Add', 251, '2026-04-15 12:38:15'),
(394, 21, 59, 'Check Voucher', 'Add', 252, '2026-04-15 12:40:30'),
(395, 21, 59, 'Check Voucher', 'Add', 253, '2026-04-15 12:46:33'),
(396, 21, 59, 'Check Voucher', 'Add', 254, '2026-04-15 12:47:54'),
(397, 21, 59, 'Check Voucher', 'Add', 255, '2026-04-15 12:49:24'),
(398, 21, 59, 'Check Voucher', 'Add', 256, '2026-04-15 12:51:41'),
(399, 21, 59, 'Check Voucher', 'Add', 257, '2026-04-15 12:52:46'),
(400, 21, 59, 'Check Voucher', 'Add', 258, '2026-04-15 12:53:42'),
(401, 21, 59, 'Check Voucher', 'Add', 259, '2026-04-15 12:54:41'),
(402, 21, 59, 'Check Voucher', 'Add', 260, '2026-04-15 12:56:19'),
(403, 21, 59, 'General Journal', 'Add', 11, '2026-04-15 13:00:36'),
(404, 21, 59, 'General Journal', 'Add', 12, '2026-04-15 13:03:53'),
(405, 21, 59, 'General Journal', 'Add', 13, '2026-04-15 13:06:42'),
(406, 21, 59, 'General Journal', 'Add', 14, '2026-04-15 13:08:35'),
(407, 21, 59, 'General Journal', 'Add', 15, '2026-04-15 13:10:59'),
(408, 21, 59, 'General Journal', 'Add', 16, '2026-04-15 13:12:40'),
(409, 21, 59, 'General Journal', 'Add', 17, '2026-04-15 13:14:36'),
(410, 21, 59, 'General Journal', 'Add', 18, '2026-04-15 13:16:07'),
(411, 21, 59, 'General Journal', 'Add', 19, '2026-04-15 14:06:11'),
(412, 21, 59, 'General Journal', 'Add', 20, '2026-04-15 14:09:48'),
(413, 21, 59, 'General Journal', 'Add', 21, '2026-04-15 14:11:41'),
(414, 21, 59, 'General Journal', 'Add', 22, '2026-04-15 14:13:44'),
(415, 21, 59, 'General Journal', 'Add', 23, '2026-04-15 14:15:13'),
(416, 21, 59, 'General Journal', 'Add', 24, '2026-04-15 14:17:13'),
(417, 21, 59, 'General Journal', 'Add', 25, '2026-04-15 14:19:01'),
(418, 21, 59, 'General Journal', 'Add', 26, '2026-04-15 14:20:26'),
(419, 21, 59, 'General Journal', 'Add', 27, '2026-04-15 14:22:37'),
(420, 21, 59, 'General Journal', 'Add', 28, '2026-04-15 14:25:22'),
(421, 21, 59, 'General Journal', 'Add', 29, '2026-04-15 14:27:01'),
(422, 21, 59, 'General Journal', 'Add', 30, '2026-04-15 14:31:42'),
(423, 21, 59, 'General Journal', 'Add', 31, '2026-04-15 14:33:38'),
(424, 21, 59, 'General Journal', 'Add', 32, '2026-04-15 14:36:56'),
(425, 21, 58, 'Check Voucher', 'Update/Verify', 116, '2026-04-15 14:38:42'),
(426, 21, 58, 'Check Voucher', 'Update/Verify', 117, '2026-04-15 14:43:04'),
(427, 21, 58, 'Check Voucher', 'Update/Verify', 118, '2026-04-15 14:43:14'),
(428, 21, 58, 'Check Voucher', 'Update/Verify', 119, '2026-04-15 14:43:24'),
(429, 21, 58, 'Check Voucher', 'Update/Verify', 120, '2026-04-15 14:43:31'),
(430, 21, 58, 'Check Voucher', 'Update/Verify', 121, '2026-04-15 14:43:45'),
(431, 21, 58, 'Check Voucher', 'Update/Verify', 122, '2026-04-15 14:43:52'),
(432, 21, 58, 'Check Voucher', 'Update/Verify', 123, '2026-04-15 14:43:59'),
(433, 21, 58, 'Check Voucher', 'Update/Verify', 124, '2026-04-15 14:45:14'),
(434, 21, 58, 'Check Voucher', 'Update/Verify', 125, '2026-04-15 14:45:23'),
(435, 21, 58, 'Check Voucher', 'Update/Verify', 126, '2026-04-15 14:45:31'),
(436, 21, 58, 'Check Voucher', 'Update/Verify', 127, '2026-04-15 14:45:38'),
(437, 21, 58, 'Check Voucher', 'Update/Verify', 128, '2026-04-15 14:45:49'),
(438, 21, 58, 'Check Voucher', 'Update/Verify', 129, '2026-04-15 14:46:00'),
(439, 21, 58, 'Check Voucher', 'Update/Verify', 130, '2026-04-15 14:46:05'),
(440, 21, 58, 'Check Voucher', 'Update/Verify', 131, '2026-04-15 14:46:12'),
(441, 21, 58, 'Check Voucher', 'Update/Verify', 132, '2026-04-15 14:46:18'),
(442, 21, 58, 'Check Voucher', 'Update/Verify', 133, '2026-04-15 14:46:24'),
(443, 21, 58, 'Check Voucher', 'Update/Verify', 134, '2026-04-15 14:46:29'),
(444, 21, 58, 'Check Voucher', 'Update/Verify', 135, '2026-04-15 14:46:36'),
(445, 21, 58, 'Check Voucher', 'Update/Verify', 136, '2026-04-15 14:46:44'),
(446, 21, 58, 'Check Voucher', 'Update/Verify', 137, '2026-04-15 14:46:50'),
(447, 21, 58, 'Check Voucher', 'Update/Verify', 138, '2026-04-15 14:46:56'),
(448, 21, 58, 'Check Voucher', 'Update/Verify', 139, '2026-04-15 14:47:06'),
(449, 21, 58, 'Check Voucher', 'Update/Verify', 140, '2026-04-15 14:47:12'),
(450, 21, 58, 'Check Voucher', 'Update/Verify', 141, '2026-04-15 14:47:20'),
(451, 21, 58, 'Check Voucher', 'Update/Verify', 142, '2026-04-15 14:47:25'),
(452, 21, 58, 'Check Voucher', 'Update/Verify', 143, '2026-04-15 14:47:34'),
(453, 21, 58, 'Check Voucher', 'Update/Verify', 144, '2026-04-15 14:47:39'),
(454, 21, 58, 'Check Voucher', 'Update/Verify', 145, '2026-04-15 14:47:47'),
(455, 21, 58, 'Check Voucher', 'Update/Verify', 146, '2026-04-15 14:48:06'),
(456, 21, 58, 'Check Voucher', 'Update/Verify', 147, '2026-04-15 14:48:13'),
(457, 21, 58, 'Check Voucher', 'Update/Verify', 148, '2026-04-15 14:48:19'),
(458, 21, 58, 'Check Voucher', 'Update/Verify', 149, '2026-04-15 14:48:27'),
(459, 21, 58, 'Check Voucher', 'Update/Verify', 150, '2026-04-15 14:48:31'),
(460, 21, 58, 'Check Voucher', 'Update/Verify', 151, '2026-04-15 14:48:39'),
(461, 21, 58, 'Check Voucher', 'Update/Verify', 152, '2026-04-15 14:48:45'),
(462, 21, 58, 'Check Voucher', 'Update/Verify', 153, '2026-04-15 14:48:52'),
(463, 21, 58, 'Check Voucher', 'Update/Verify', 154, '2026-04-15 14:48:58'),
(464, 21, 58, 'Check Voucher', 'Update/Verify', 155, '2026-04-15 14:49:02'),
(465, 21, 58, 'Check Voucher', 'Update/Verify', 156, '2026-04-15 14:49:10'),
(466, 21, 58, 'Check Voucher', 'Update/Verify', 157, '2026-04-15 14:49:15'),
(467, 21, 58, 'Check Voucher', 'Update/Verify', 158, '2026-04-15 14:49:22'),
(468, 21, 58, 'Check Voucher', 'Update/Verify', 159, '2026-04-15 14:49:28'),
(469, 21, 58, 'Check Voucher', 'Update/Verify', 160, '2026-04-15 14:49:33'),
(470, 21, 58, 'Check Voucher', 'Update/Verify', 161, '2026-04-15 14:49:40'),
(471, 21, 58, 'Check Voucher', 'Update/Verify', 162, '2026-04-15 14:49:49'),
(472, 21, 58, 'Check Voucher', 'Update/Verify', 163, '2026-04-15 14:50:01'),
(473, 21, 58, 'Check Voucher', 'Update/Verify', 164, '2026-04-15 14:50:06'),
(474, 21, 58, 'Check Voucher', 'Update/Verify', 165, '2026-04-15 14:50:10'),
(475, 21, 58, 'Check Voucher', 'Update/Verify', 166, '2026-04-15 14:50:15'),
(476, 21, 58, 'Check Voucher', 'Update/Verify', 167, '2026-04-15 14:50:20'),
(477, 21, 58, 'Check Voucher', 'Update/Verify', 168, '2026-04-15 14:50:24'),
(478, 21, 58, 'Check Voucher', 'Update/Verify', 169, '2026-04-15 14:50:30'),
(479, 21, 58, 'Check Voucher', 'Update/Verify', 170, '2026-04-15 14:50:35'),
(480, 21, 58, 'Check Voucher', 'Update/Verify', 171, '2026-04-15 14:50:43'),
(481, 21, 58, 'Check Voucher', 'Update/Verify', 172, '2026-04-15 14:50:48'),
(482, 21, 58, 'Check Voucher', 'Update/Verify', 173, '2026-04-15 14:50:55'),
(483, 21, 58, 'Check Voucher', 'Update/Verify', 174, '2026-04-15 14:51:02'),
(484, 21, 58, 'Check Voucher', 'Update/Verify', 175, '2026-04-15 14:51:07'),
(485, 21, 58, 'Check Voucher', 'Update/Verify', 176, '2026-04-15 14:51:11'),
(486, 21, 58, 'Check Voucher', 'Update/Verify', 177, '2026-04-15 14:51:17'),
(487, 21, 58, 'Check Voucher', 'Update/Verify', 178, '2026-04-15 14:51:24'),
(488, 21, 58, 'Check Voucher', 'Update/Verify', 179, '2026-04-15 14:51:28'),
(489, 21, 58, 'Check Voucher', 'Update/Verify', 180, '2026-04-15 14:51:38'),
(490, 21, 58, 'Check Voucher', 'Update/Verify', 181, '2026-04-15 14:51:46'),
(491, 21, 58, 'Check Voucher', 'Update/Verify', 182, '2026-04-15 14:51:51'),
(492, 21, 58, 'Check Voucher', 'Update/Verify', 183, '2026-04-15 14:51:55'),
(493, 21, 58, 'Check Voucher', 'Update/Verify', 184, '2026-04-15 14:52:00'),
(494, 21, 58, 'Check Voucher', 'Update/Verify', 185, '2026-04-15 14:52:05'),
(495, 21, 58, 'Check Voucher', 'Update/Verify', 186, '2026-04-15 14:52:10'),
(496, 21, 58, 'Check Voucher', 'Update/Verify', 187, '2026-04-15 14:52:25'),
(497, 21, 58, 'Check Voucher', 'Update/Verify', 188, '2026-04-15 14:52:31'),
(498, 21, 58, 'Check Voucher', 'Update/Verify', 189, '2026-04-15 14:52:37'),
(499, 21, 58, 'Check Voucher', 'Update/Verify', 190, '2026-04-15 14:52:43'),
(500, 21, 58, 'Check Voucher', 'Update/Verify', 191, '2026-04-15 14:52:50'),
(501, 21, 58, 'Check Voucher', 'Update/Verify', 192, '2026-04-15 14:52:56'),
(502, 21, 58, 'Check Voucher', 'Update/Verify', 193, '2026-04-15 14:53:02'),
(503, 21, 58, 'Check Voucher', 'Update/Verify', 194, '2026-04-15 14:53:09'),
(504, 21, 58, 'Check Voucher', 'Update/Verify', 195, '2026-04-15 14:53:15'),
(505, 21, 58, 'Check Voucher', 'Update/Verify', 196, '2026-04-15 14:53:20'),
(506, 21, 58, 'Check Voucher', 'Update/Verify', 197, '2026-04-15 14:53:28'),
(507, 21, 58, 'Check Voucher', 'Update/Verify', 198, '2026-04-15 14:53:33'),
(508, 21, 58, 'Check Voucher', 'Update/Verify', 199, '2026-04-15 14:53:38'),
(509, 21, 58, 'Check Voucher', 'Update/Verify', 200, '2026-04-15 14:53:43'),
(510, 21, 58, 'Check Voucher', 'Update/Verify', 201, '2026-04-15 14:53:54'),
(511, 21, 58, 'Check Voucher', 'Update/Verify', 202, '2026-04-15 14:53:59'),
(512, 21, 58, 'Check Voucher', 'Update/Verify', 203, '2026-04-15 14:54:04'),
(513, 21, 58, 'Check Voucher', 'Update/Verify', 204, '2026-04-15 14:54:13'),
(514, 21, 58, 'Check Voucher', 'Update/Verify', 205, '2026-04-15 14:54:18'),
(515, 21, 58, 'Check Voucher', 'Update/Verify', 206, '2026-04-15 14:54:24'),
(516, 21, 58, 'Check Voucher', 'Update/Verify', 207, '2026-04-15 14:54:31'),
(517, 21, 58, 'Check Voucher', 'Update/Verify', 208, '2026-04-15 14:54:37'),
(518, 21, 58, 'Check Voucher', 'Update/Verify', 209, '2026-04-15 14:54:44'),
(519, 21, 58, 'Check Voucher', 'Update/Verify', 210, '2026-04-15 14:54:49'),
(520, 21, 58, 'Check Voucher', 'Update/Verify', 211, '2026-04-15 14:54:56'),
(521, 21, 58, 'Check Voucher', 'Update/Verify', 212, '2026-04-15 14:55:01'),
(522, 21, 58, 'Check Voucher', 'Update/Verify', 213, '2026-04-15 14:55:05'),
(523, 21, 58, 'Check Voucher', 'Update/Verify', 214, '2026-04-15 14:55:11'),
(524, 21, 58, 'Check Voucher', 'Update/Verify', 215, '2026-04-15 14:55:16'),
(525, 21, 58, 'Check Voucher', 'Update/Verify', 216, '2026-04-15 14:55:24'),
(526, 21, 58, 'Check Voucher', 'Update/Verify', 217, '2026-04-15 14:55:29'),
(527, 21, 58, 'Check Voucher', 'Update/Verify', 218, '2026-04-15 14:55:33'),
(528, 21, 58, 'Check Voucher', 'Update/Verify', 219, '2026-04-15 14:55:38'),
(529, 21, 58, 'Check Voucher', 'Update/Verify', 220, '2026-04-15 14:55:43'),
(530, 21, 58, 'Check Voucher', 'Update/Verify', 221, '2026-04-15 14:55:51'),
(531, 21, 58, 'Check Voucher', 'Update/Verify', 222, '2026-04-15 14:55:56'),
(532, 21, 58, 'Check Voucher', 'Update/Verify', 223, '2026-04-15 14:56:00'),
(533, 21, 58, 'Check Voucher', 'Update/Verify', 224, '2026-04-15 14:56:06'),
(534, 21, 58, 'Check Voucher', 'Update/Verify', 225, '2026-04-15 14:56:11'),
(535, 21, 58, 'Check Voucher', 'Update/Verify', 226, '2026-04-15 14:56:17'),
(536, 21, 58, 'Check Voucher', 'Update/Verify', 227, '2026-04-15 14:56:22'),
(537, 21, 58, 'Check Voucher', 'Update/Verify', 228, '2026-04-15 14:56:26'),
(538, 21, 58, 'Check Voucher', 'Update/Verify', 229, '2026-04-15 14:56:33'),
(539, 21, 58, 'Check Voucher', 'Update/Verify', 230, '2026-04-15 14:56:37'),
(540, 21, 58, 'Check Voucher', 'Update/Verify', 231, '2026-04-15 14:56:43'),
(541, 21, 58, 'Check Voucher', 'Update/Verify', 232, '2026-04-15 14:56:46'),
(542, 21, 58, 'Check Voucher', 'Update/Verify', 233, '2026-04-15 14:56:52'),
(543, 21, 58, 'Check Voucher', 'Update/Verify', 234, '2026-04-15 14:56:55'),
(544, 21, 58, 'Check Voucher', 'Update/Verify', 235, '2026-04-15 14:57:00'),
(545, 21, 58, 'Check Voucher', 'Update/Verify', 236, '2026-04-15 14:57:07'),
(546, 21, 58, 'Check Voucher', 'Update/Verify', 237, '2026-04-15 14:57:14'),
(547, 21, 58, 'Check Voucher', 'Update/Verify', 238, '2026-04-15 14:57:19'),
(548, 21, 58, 'Check Voucher', 'Update/Verify', 239, '2026-04-15 14:57:24'),
(549, 21, 58, 'Check Voucher', 'Update/Verify', 240, '2026-04-15 14:57:29'),
(550, 21, 58, 'Check Voucher', 'Update/Verify', 241, '2026-04-15 14:57:38'),
(551, 21, 58, 'Check Voucher', 'Update/Verify', 242, '2026-04-15 14:57:47'),
(552, 21, 58, 'Check Voucher', 'Update/Verify', 243, '2026-04-15 14:57:52'),
(553, 21, 58, 'Check Voucher', 'Update/Verify', 244, '2026-04-15 14:57:57'),
(554, 21, 58, 'Check Voucher', 'Update/Verify', 245, '2026-04-15 14:58:02'),
(555, 21, 58, 'Check Voucher', 'Update/Verify', 246, '2026-04-15 14:58:07'),
(556, 21, 58, 'Check Voucher', 'Update/Verify', 247, '2026-04-15 14:58:13'),
(557, 21, 58, 'Check Voucher', 'Update/Verify', 248, '2026-04-15 14:58:17'),
(558, 21, 58, 'Check Voucher', 'Update/Verify', 249, '2026-04-15 14:58:25'),
(559, 21, 58, 'Check Voucher', 'Update/Verify', 250, '2026-04-15 14:58:31'),
(560, 21, 58, 'Check Voucher', 'Update/Verify', 260, '2026-04-15 14:58:39'),
(561, 21, 58, 'Check Voucher', 'Update/Verify', 259, '2026-04-15 14:58:43'),
(562, 21, 58, 'Check Voucher', 'Update/Verify', 258, '2026-04-15 14:58:48'),
(563, 21, 58, 'Check Voucher', 'Update/Verify', 256, '2026-04-15 14:59:05'),
(564, 21, 58, 'Check Voucher', 'Update/Verify', 255, '2026-04-15 14:59:12'),
(565, 21, 58, 'Check Voucher', 'Update/Verify', 254, '2026-04-15 14:59:17'),
(566, 21, 58, 'Check Voucher', 'Update/Verify', 253, '2026-04-15 14:59:23'),
(567, 21, 58, 'Check Voucher', 'Update/Verify', 252, '2026-04-15 14:59:29'),
(568, 21, 58, 'Check Voucher', 'Update/Verify', 251, '2026-04-15 14:59:35'),
(569, 21, 59, 'Check Voucher', 'Update', 257, '2026-04-15 15:00:09'),
(570, 21, 58, 'Check Voucher', 'Update/Verify', 257, '2026-04-15 15:00:32'),
(571, 21, 58, 'Cash Receipts', 'Update/Verify', 79, '2026-04-15 15:01:09'),
(572, 21, 58, 'Cash Receipts', 'Update/Verify', 80, '2026-04-15 15:01:17'),
(573, 21, 58, 'Cash Receipts', 'Update/Verify', 81, '2026-04-15 15:01:25'),
(574, 21, 58, 'Cash Receipts', 'Update/Verify', 82, '2026-04-15 15:01:30'),
(575, 21, 58, 'Cash Receipts', 'Update/Verify', 83, '2026-04-15 15:01:40'),
(576, 21, 58, 'Cash Receipts', 'Update/Verify', 84, '2026-04-15 15:01:46'),
(577, 21, 58, 'Cash Receipts', 'Update/Verify', 85, '2026-04-15 15:01:51'),
(578, 21, 58, 'Cash Receipts', 'Update/Verify', 86, '2026-04-15 15:01:57'),
(579, 21, 58, 'Cash Receipts', 'Update/Verify', 87, '2026-04-15 15:02:03'),
(580, 21, 58, 'Cash Receipts', 'Update/Verify', 88, '2026-04-15 15:02:09'),
(581, 21, 58, 'Cash Receipts', 'Update/Verify', 89, '2026-04-15 15:02:17'),
(582, 21, 58, 'Cash Receipts', 'Update/Verify', 90, '2026-04-15 15:02:24'),
(583, 21, 58, 'Cash Receipts', 'Update/Verify', 91, '2026-04-15 15:02:29'),
(584, 21, 58, 'Cash Receipts', 'Update/Verify', 92, '2026-04-15 15:02:35'),
(585, 21, 58, 'Cash Receipts', 'Update/Verify', 93, '2026-04-15 15:02:42'),
(586, 21, 58, 'Cash Receipts', 'Update/Verify', 94, '2026-04-15 15:02:47'),
(587, 21, 58, 'Cash Receipts', 'Update/Verify', 95, '2026-04-15 15:02:52'),
(588, 21, 58, 'Cash Receipts', 'Update/Verify', 96, '2026-04-15 15:02:57'),
(589, 21, 58, 'Cash Receipts', 'Update/Verify', 97, '2026-04-15 15:03:05'),
(590, 21, 58, 'Cash Receipts', 'Update/Verify', 98, '2026-04-15 15:03:15'),
(591, 21, 58, 'Cash Receipts', 'Update/Verify', 99, '2026-04-15 15:03:20'),
(592, 21, 58, 'Cash Receipts', 'Update/Verify', 100, '2026-04-15 15:03:29'),
(593, 21, 58, 'Cash Receipts', 'Update/Verify', 101, '2026-04-15 15:03:34'),
(594, 21, 58, 'Cash Receipts', 'Update/Verify', 102, '2026-04-15 15:03:39'),
(595, 21, 58, 'Cash Receipts', 'Update/Verify', 103, '2026-04-15 15:03:44'),
(596, 21, 58, 'Cash Receipts', 'Update/Verify', 104, '2026-04-15 15:03:49'),
(597, 21, 58, 'Cash Receipts', 'Update/Verify', 105, '2026-04-15 15:03:53'),
(598, 21, 58, 'Cash Receipts', 'Update/Verify', 106, '2026-04-15 15:03:59'),
(599, 21, 58, 'Cash Receipts', 'Update/Verify', 107, '2026-04-15 15:04:05'),
(600, 21, 58, 'Cash Receipts', 'Update/Verify', 108, '2026-04-15 15:04:12'),
(601, 21, 58, 'Cash Receipts', 'Update/Verify', 109, '2026-04-15 15:04:17'),
(602, 21, 58, 'Cash Receipts', 'Update/Verify', 110, '2026-04-15 15:04:24'),
(603, 21, 58, 'Cash Receipts', 'Update/Verify', 111, '2026-04-15 15:04:28'),
(604, 21, 58, 'Cash Receipts', 'Update/Verify', 112, '2026-04-15 15:04:33'),
(605, 21, 58, 'Cash Receipts', 'Update/Verify', 113, '2026-04-15 15:04:38'),
(606, 21, 58, 'Cash Receipts', 'Update/Verify', 114, '2026-04-15 15:04:43'),
(607, 21, 58, 'Cash Receipts', 'Update/Verify', 115, '2026-04-15 15:04:48'),
(608, 21, 58, 'Cash Receipts', 'Update/Verify', 116, '2026-04-15 15:04:53'),
(609, 21, 58, 'Cash Receipts', 'Update/Verify', 117, '2026-04-15 15:04:57'),
(610, 21, 58, 'Cash Receipts', 'Update/Verify', 118, '2026-04-15 15:05:01'),
(611, 21, 58, 'Cash Receipts', 'Update/Verify', 119, '2026-04-15 15:05:07'),
(612, 21, 58, 'General Journal', 'Update/Verify', 32, '2026-04-15 15:05:27'),
(613, 21, 58, 'General Journal', 'Update/Verify', 31, '2026-04-15 15:05:34'),
(614, 21, 58, 'General Journal', 'Update/Verify', 30, '2026-04-15 15:05:46'),
(615, 21, 58, 'General Journal', 'Update/Verify', 29, '2026-04-15 15:05:53'),
(616, 21, 58, 'General Journal', 'Update/Verify', 28, '2026-04-15 15:05:59'),
(617, 21, 58, 'General Journal', 'Update/Verify', 27, '2026-04-15 15:06:05'),
(618, 21, 58, 'General Journal', 'Update/Verify', 26, '2026-04-15 15:06:12'),
(619, 21, 58, 'General Journal', 'Update/Verify', 25, '2026-04-15 15:06:18'),
(620, 21, 58, 'General Journal', 'Update/Verify', 24, '2026-04-15 15:06:22'),
(621, 21, 58, 'General Journal', 'Update/Verify', 23, '2026-04-15 15:06:27'),
(622, 21, 58, 'General Journal', 'Update/Verify', 22, '2026-04-15 15:06:34'),
(623, 21, 58, 'General Journal', 'Update/Verify', 21, '2026-04-15 15:06:39'),
(624, 21, 58, 'General Journal', 'Update/Verify', 20, '2026-04-15 15:06:44'),
(625, 21, 58, 'General Journal', 'Update/Verify', 19, '2026-04-15 15:06:50'),
(626, 21, 58, 'General Journal', 'Update/Verify', 18, '2026-04-15 15:06:56'),
(627, 21, 58, 'General Journal', 'Update/Verify', 17, '2026-04-15 15:07:02'),
(628, 21, 58, 'General Journal', 'Update/Verify', 16, '2026-04-15 15:07:07'),
(629, 21, 58, 'General Journal', 'Update/Verify', 15, '2026-04-15 15:07:13'),
(630, 21, 58, 'General Journal', 'Update/Verify', 14, '2026-04-15 15:07:19'),
(631, 21, 58, 'General Journal', 'Update/Verify', 13, '2026-04-15 15:07:26'),
(632, 21, 58, 'General Journal', 'Update/Verify', 11, '2026-04-15 15:07:35'),
(633, 21, 58, 'General Journal', 'Update/Verify', 12, '2026-04-15 15:07:43'),
(634, 21, 57, 'Cash Receipts', 'Update/Approve', 119, '2026-04-15 15:12:31'),
(635, 21, 57, 'Cash Receipts', 'Update/Approve', 118, '2026-04-15 15:12:35'),
(636, 21, 57, 'Cash Receipts', 'Update/Approve', 117, '2026-04-15 15:12:38'),
(637, 21, 57, 'Cash Receipts', 'Update/Approve', 116, '2026-04-15 15:12:43'),
(638, 21, 57, 'Cash Receipts', 'Update/Approve', 115, '2026-04-15 15:12:48'),
(639, 21, 57, 'Cash Receipts', 'Update/Approve', 114, '2026-04-15 15:12:52'),
(640, 21, 57, 'Cash Receipts', 'Update/Approve', 113, '2026-04-15 15:12:57'),
(641, 21, 57, 'Cash Receipts', 'Update/Approve', 112, '2026-04-15 15:13:00'),
(642, 21, 57, 'Cash Receipts', 'Update/Approve', 111, '2026-04-15 15:13:04'),
(643, 21, 57, 'Cash Receipts', 'Update/Approve', 110, '2026-04-15 15:13:09'),
(644, 21, 57, 'Cash Receipts', 'Update/Approve', 109, '2026-04-15 15:13:16'),
(645, 21, 57, 'Cash Receipts', 'Update/Approve', 108, '2026-04-15 15:13:21'),
(646, 21, 57, 'Cash Receipts', 'Update/Approve', 107, '2026-04-15 15:13:25'),
(647, 21, 57, 'Cash Receipts', 'Update/Approve', 106, '2026-04-15 15:13:29'),
(648, 21, 57, 'Cash Receipts', 'Update/Approve', 105, '2026-04-15 15:13:33'),
(649, 21, 57, 'Cash Receipts', 'Update/Approve', 104, '2026-04-15 15:13:37'),
(650, 21, 57, 'Cash Receipts', 'Update/Approve', 103, '2026-04-15 15:14:02'),
(651, 21, 57, 'Cash Receipts', 'Update/Approve', 102, '2026-04-15 15:14:07'),
(652, 21, 57, 'Cash Receipts', 'Update/Approve', 101, '2026-04-15 15:14:11'),
(653, 21, 57, 'Cash Receipts', 'Update/Approve', 100, '2026-04-15 15:14:32'),
(654, 21, 57, 'Cash Receipts', 'Update/Approve', 99, '2026-04-15 15:14:39'),
(655, 21, 57, 'Cash Receipts', 'Update/Approve', 98, '2026-04-15 15:14:43'),
(656, 21, 57, 'Cash Receipts', 'Update/Approve', 97, '2026-04-15 15:14:47'),
(657, 21, 57, 'Cash Receipts', 'Update/Approve', 96, '2026-04-15 15:14:51'),
(658, 21, 57, 'Cash Receipts', 'Update/Approve', 95, '2026-04-15 15:14:55'),
(659, 21, 57, 'Cash Receipts', 'Update/Approve', 94, '2026-04-15 15:14:59'),
(660, 21, 57, 'Cash Receipts', 'Update/Approve', 93, '2026-04-15 15:15:04'),
(661, 21, 57, 'Cash Receipts', 'Update/Approve', 92, '2026-04-15 15:15:07'),
(662, 21, 57, 'Cash Receipts', 'Update/Approve', 91, '2026-04-15 15:15:13'),
(663, 21, 57, 'Cash Receipts', 'Update/Approve', 90, '2026-04-15 15:15:17'),
(664, 21, 57, 'Cash Receipts', 'Update/Approve', 89, '2026-04-15 15:15:22'),
(665, 21, 57, 'Cash Receipts', 'Update/Approve', 88, '2026-04-15 15:15:26'),
(666, 21, 57, 'Cash Receipts', 'Update/Approve', 87, '2026-04-15 15:15:29'),
(667, 21, 57, 'Cash Receipts', 'Update/Approve', 86, '2026-04-15 15:15:33'),
(668, 21, 57, 'Cash Receipts', 'Update/Approve', 85, '2026-04-15 15:15:39'),
(669, 21, 57, 'Cash Receipts', 'Update/Approve', 84, '2026-04-15 15:15:43'),
(670, 21, 57, 'Cash Receipts', 'Update/Approve', 83, '2026-04-15 15:15:47'),
(671, 21, 57, 'Cash Receipts', 'Update/Approve', 82, '2026-04-15 15:15:51'),
(672, 21, 57, 'Cash Receipts', 'Update/Approve', 81, '2026-04-15 15:15:55'),
(673, 21, 57, 'Cash Receipts', 'Update/Approve', 80, '2026-04-15 15:15:59'),
(674, 21, 57, 'Cash Receipts', 'Update/Approve', 79, '2026-04-15 15:16:05'),
(675, 21, 57, 'General Journal', 'Update/Approve', 12, '2026-04-15 15:16:17'),
(676, 21, 57, 'General Journal', 'Update/Approve', 11, '2026-04-15 15:16:21'),
(677, 21, 57, 'General Journal', 'Update/Approve', 13, '2026-04-15 15:16:52'),
(678, 21, 57, 'General Journal', 'Update/Approve', 14, '2026-04-15 15:16:56'),
(679, 21, 57, 'General Journal', 'Update/Approve', 15, '2026-04-15 15:17:00'),
(680, 21, 57, 'General Journal', 'Update/Approve', 16, '2026-04-15 15:17:03'),
(681, 21, 57, 'General Journal', 'Update/Approve', 17, '2026-04-15 15:17:07'),
(682, 21, 57, 'General Journal', 'Update/Approve', 18, '2026-04-15 15:17:12'),
(683, 21, 57, 'General Journal', 'Update/Approve', 19, '2026-04-15 15:17:16'),
(684, 21, 57, 'General Journal', 'Update/Approve', 20, '2026-04-15 15:17:20'),
(685, 21, 57, 'General Journal', 'Update/Approve', 21, '2026-04-15 15:17:24'),
(686, 21, 57, 'General Journal', 'Update/Approve', 22, '2026-04-15 15:17:28'),
(687, 21, 57, 'General Journal', 'Update/Approve', 23, '2026-04-15 15:17:32'),
(688, 21, 57, 'General Journal', 'Update/Approve', 24, '2026-04-15 15:17:35'),
(689, 21, 57, 'General Journal', 'Update/Approve', 25, '2026-04-15 15:17:39'),
(690, 21, 57, 'General Journal', 'Update/Approve', 26, '2026-04-15 15:17:42'),
(691, 21, 57, 'General Journal', 'Update/Approve', 27, '2026-04-15 15:17:46'),
(692, 21, 57, 'General Journal', 'Update/Approve', 28, '2026-04-15 15:17:50'),
(693, 21, 57, 'General Journal', 'Update/Approve', 29, '2026-04-15 15:17:54'),
(694, 21, 57, 'General Journal', 'Update/Approve', 30, '2026-04-15 15:17:58'),
(695, 21, 57, 'General Journal', 'Update/Approve', 31, '2026-04-15 15:18:03'),
(696, 21, 57, 'General Journal', 'Update/Approve', 32, '2026-04-15 15:18:08'),
(697, 21, 57, 'Check Voucher', 'Update/Approve', 260, '2026-04-15 15:18:21'),
(698, 21, 57, 'Check Voucher', 'Update/Approve', 259, '2026-04-15 15:18:25'),
(699, 21, 57, 'Check Voucher', 'Update/Approve', 258, '2026-04-15 15:18:31'),
(700, 21, 57, 'Check Voucher', 'Update/Approve', 257, '2026-04-15 15:18:36'),
(701, 21, 57, 'Check Voucher', 'Update/Approve', 256, '2026-04-15 15:18:41'),
(702, 21, 57, 'Check Voucher', 'Update/Approve', 255, '2026-04-15 15:19:29'),
(703, 21, 57, 'Check Voucher', 'Update/Approve', 254, '2026-04-15 15:19:33'),
(704, 21, 57, 'Check Voucher', 'Update/Approve', 253, '2026-04-15 15:19:37'),
(705, 21, 57, 'Check Voucher', 'Update/Approve', 252, '2026-04-15 15:19:41');
INSERT INTO `audit_trail_action` (`Id`, `Community_Id`, `User_Id`, `Module`, `Action`, `Record_Id`, `DateTime`) VALUES
(706, 21, 57, 'Check Voucher', 'Update/Approve', 251, '2026-04-15 15:19:46'),
(707, 21, 57, 'Check Voucher', 'Update/Approve', 250, '2026-04-15 15:19:53'),
(708, 21, 57, 'Check Voucher', 'Update/Approve', 249, '2026-04-15 15:19:57'),
(709, 21, 57, 'Check Voucher', 'Update/Approve', 248, '2026-04-15 15:20:01'),
(710, 21, 57, 'Check Voucher', 'Update/Approve', 247, '2026-04-15 15:20:05'),
(711, 21, 57, 'Check Voucher', 'Update/Approve', 246, '2026-04-15 15:20:09'),
(712, 21, 57, 'Check Voucher', 'Update/Approve', 245, '2026-04-15 15:20:15'),
(713, 21, 57, 'Check Voucher', 'Update/Approve', 244, '2026-04-15 15:20:19'),
(714, 21, 57, 'Check Voucher', 'Update/Approve', 243, '2026-04-15 15:20:23'),
(715, 21, 57, 'Check Voucher', 'Update/Approve', 242, '2026-04-15 15:20:27'),
(716, 21, 57, 'Check Voucher', 'Update/Approve', 241, '2026-04-15 15:20:31'),
(717, 21, 57, 'Check Voucher', 'Update/Approve', 240, '2026-04-15 15:20:36'),
(718, 21, 57, 'Check Voucher', 'Update/Approve', 239, '2026-04-15 15:20:40'),
(719, 21, 57, 'Check Voucher', 'Update/Approve', 238, '2026-04-15 15:20:44'),
(720, 21, 57, 'Check Voucher', 'Update/Approve', 237, '2026-04-15 15:20:53'),
(721, 21, 57, 'Check Voucher', 'Update/Approve', 236, '2026-04-15 15:20:57'),
(722, 21, 57, 'Check Voucher', 'Update/Approve', 235, '2026-04-15 15:21:01'),
(723, 21, 57, 'Check Voucher', 'Update/Approve', 234, '2026-04-15 15:21:04'),
(724, 21, 57, 'Check Voucher', 'Update/Approve', 233, '2026-04-15 15:21:08'),
(725, 21, 57, 'Check Voucher', 'Update/Approve', 232, '2026-04-15 15:21:12'),
(726, 21, 57, 'Check Voucher', 'Update/Approve', 231, '2026-04-15 15:21:17'),
(727, 21, 57, 'Check Voucher', 'Update/Approve', 230, '2026-04-15 15:21:24'),
(728, 21, 57, 'Check Voucher', 'Update/Approve', 229, '2026-04-15 15:21:29'),
(729, 21, 57, 'Check Voucher', 'Update/Approve', 228, '2026-04-15 15:21:34'),
(730, 21, 57, 'Check Voucher', 'Update/Approve', 227, '2026-04-15 15:21:38'),
(731, 21, 57, 'Check Voucher', 'Update/Approve', 226, '2026-04-15 15:21:45'),
(732, 21, 57, 'Check Voucher', 'Update/Approve', 225, '2026-04-15 15:21:50'),
(733, 21, 57, 'Check Voucher', 'Update/Approve', 224, '2026-04-15 15:21:54'),
(734, 21, 57, 'Check Voucher', 'Update/Approve', 223, '2026-04-15 15:21:58'),
(735, 21, 57, 'Check Voucher', 'Update/Approve', 222, '2026-04-15 15:22:02'),
(736, 21, 57, 'Check Voucher', 'Update/Approve', 221, '2026-04-15 15:22:06'),
(737, 21, 57, 'Check Voucher', 'Update/Approve', 220, '2026-04-15 15:22:12'),
(738, 21, 57, 'Check Voucher', 'Update/Approve', 219, '2026-04-15 15:22:15'),
(739, 21, 57, 'Check Voucher', 'Update/Approve', 218, '2026-04-15 15:22:19'),
(740, 21, 57, 'Check Voucher', 'Update/Approve', 217, '2026-04-15 15:22:23'),
(741, 21, 57, 'Check Voucher', 'Update/Approve', 216, '2026-04-15 15:22:27'),
(742, 21, 57, 'Check Voucher', 'Update/Approve', 215, '2026-04-15 15:22:31'),
(743, 21, 57, 'Check Voucher', 'Update/Approve', 214, '2026-04-15 15:22:35'),
(744, 21, 57, 'Check Voucher', 'Update/Approve', 213, '2026-04-15 15:22:39'),
(745, 21, 57, 'Check Voucher', 'Update/Approve', 212, '2026-04-15 15:22:43'),
(746, 21, 57, 'Check Voucher', 'Update/Approve', 211, '2026-04-15 15:22:48'),
(747, 21, 57, 'Check Voucher', 'Update/Approve', 210, '2026-04-15 15:23:02'),
(748, 21, 57, 'Check Voucher', 'Update/Approve', 209, '2026-04-15 15:23:06'),
(749, 21, 57, 'Check Voucher', 'Update/Approve', 208, '2026-04-15 15:23:10'),
(750, 21, 57, 'Check Voucher', 'Update/Approve', 207, '2026-04-15 15:23:14'),
(751, 21, 57, 'Check Voucher', 'Update/Approve', 206, '2026-04-15 15:23:19'),
(752, 21, 57, 'Check Voucher', 'Update/Approve', 205, '2026-04-15 15:23:23'),
(753, 21, 57, 'Check Voucher', 'Update/Approve', 204, '2026-04-15 15:23:27'),
(754, 21, 57, 'Check Voucher', 'Update/Approve', 203, '2026-04-15 15:23:31'),
(755, 21, 57, 'Check Voucher', 'Update/Approve', 202, '2026-04-15 15:23:35'),
(756, 21, 57, 'Check Voucher', 'Update/Approve', 201, '2026-04-15 15:23:40'),
(757, 21, 57, 'Check Voucher', 'Update/Approve', 200, '2026-04-15 15:23:45'),
(758, 21, 57, 'Check Voucher', 'Update/Approve', 199, '2026-04-15 15:23:49'),
(759, 21, 57, 'Check Voucher', 'Update/Approve', 198, '2026-04-15 15:23:53'),
(760, 21, 57, 'Check Voucher', 'Update/Approve', 197, '2026-04-15 15:23:57'),
(761, 21, 57, 'Check Voucher', 'Update/Approve', 196, '2026-04-15 15:24:02'),
(762, 21, 57, 'Check Voucher', 'Update/Approve', 195, '2026-04-15 15:24:07'),
(763, 21, 57, 'Check Voucher', 'Update/Approve', 194, '2026-04-15 15:24:12'),
(764, 21, 57, 'Check Voucher', 'Update/Approve', 193, '2026-04-15 15:24:17'),
(765, 21, 57, 'Check Voucher', 'Update/Approve', 192, '2026-04-15 15:24:21'),
(766, 21, 57, 'Check Voucher', 'Update/Approve', 191, '2026-04-15 15:24:25'),
(767, 21, 57, 'Check Voucher', 'Update/Approve', 190, '2026-04-15 15:24:31'),
(768, 21, 57, 'Check Voucher', 'Update/Approve', 189, '2026-04-15 15:24:34'),
(769, 21, 57, 'Check Voucher', 'Update/Approve', 188, '2026-04-15 15:24:39'),
(770, 21, 57, 'Check Voucher', 'Update/Approve', 187, '2026-04-15 15:24:43'),
(771, 21, 57, 'Check Voucher', 'Update/Approve', 186, '2026-04-15 15:24:47'),
(772, 21, 57, 'Check Voucher', 'Update/Approve', 185, '2026-04-15 15:24:51'),
(773, 21, 57, 'Check Voucher', 'Update/Approve', 184, '2026-04-15 15:24:54'),
(774, 21, 57, 'Check Voucher', 'Update/Approve', 183, '2026-04-15 15:24:59'),
(775, 21, 57, 'Check Voucher', 'Update/Approve', 182, '2026-04-15 15:25:04'),
(776, 21, 57, 'Check Voucher', 'Update/Approve', 181, '2026-04-15 15:25:08'),
(777, 21, 57, 'Check Voucher', 'Update/Approve', 180, '2026-04-15 15:25:14'),
(778, 21, 57, 'Check Voucher', 'Update/Approve', 179, '2026-04-15 15:25:19'),
(779, 21, 57, 'Check Voucher', 'Update/Approve', 178, '2026-04-15 15:25:24'),
(780, 21, 57, 'Check Voucher', 'Update/Approve', 177, '2026-04-15 15:25:29'),
(781, 21, 57, 'Check Voucher', 'Update/Approve', 176, '2026-04-15 15:25:34'),
(782, 21, 57, 'Check Voucher', 'Update/Approve', 175, '2026-04-15 15:25:38'),
(783, 21, 57, 'Check Voucher', 'Update/Approve', 174, '2026-04-15 15:25:43'),
(784, 21, 57, 'Check Voucher', 'Update/Approve', 173, '2026-04-15 15:25:49'),
(785, 21, 57, 'Check Voucher', 'Update/Approve', 172, '2026-04-15 15:25:54'),
(786, 21, 57, 'Check Voucher', 'Update/Approve', 171, '2026-04-15 15:25:58'),
(787, 21, 57, 'Check Voucher', 'Update/Approve', 170, '2026-04-15 15:26:04'),
(788, 21, 57, 'Check Voucher', 'Update/Approve', 169, '2026-04-15 15:26:10'),
(789, 21, 57, 'Check Voucher', 'Update/Approve', 168, '2026-04-15 15:26:15'),
(790, 21, 57, 'Check Voucher', 'Update/Approve', 167, '2026-04-15 15:26:19'),
(791, 21, 57, 'Check Voucher', 'Update/Approve', 166, '2026-04-15 15:26:24'),
(792, 21, 57, 'Check Voucher', 'Update/Approve', 165, '2026-04-15 15:26:28'),
(793, 21, 57, 'Check Voucher', 'Update/Approve', 164, '2026-04-15 15:26:31'),
(794, 21, 57, 'Check Voucher', 'Update/Approve', 163, '2026-04-15 15:26:35'),
(795, 21, 57, 'Check Voucher', 'Update/Approve', 162, '2026-04-15 15:26:40'),
(796, 21, 57, 'Check Voucher', 'Update/Approve', 161, '2026-04-15 15:26:44'),
(797, 21, 57, 'Check Voucher', 'Update/Approve', 160, '2026-04-15 15:26:50'),
(798, 21, 57, 'Check Voucher', 'Update/Approve', 159, '2026-04-15 15:26:57'),
(799, 21, 57, 'Check Voucher', 'Update/Approve', 158, '2026-04-15 15:27:01'),
(800, 21, 57, 'Check Voucher', 'Update/Approve', 157, '2026-04-15 15:27:05'),
(801, 21, 57, 'Check Voucher', 'Update/Approve', 156, '2026-04-15 15:27:09'),
(802, 21, 57, 'Check Voucher', 'Update/Approve', 155, '2026-04-15 15:27:13'),
(803, 21, 57, 'Check Voucher', 'Update/Approve', 154, '2026-04-15 15:27:18'),
(804, 21, 57, 'Check Voucher', 'Update/Approve', 153, '2026-04-15 15:27:22'),
(805, 21, 57, 'Check Voucher', 'Update/Approve', 152, '2026-04-15 15:27:26'),
(806, 21, 57, 'Check Voucher', 'Update/Approve', 151, '2026-04-15 15:27:30'),
(807, 21, 57, 'Check Voucher', 'Update/Approve', 150, '2026-04-15 15:27:36'),
(808, 21, 57, 'Check Voucher', 'Update/Approve', 149, '2026-04-15 15:27:40'),
(809, 21, 57, 'Check Voucher', 'Update/Approve', 148, '2026-04-15 15:27:45'),
(810, 21, 57, 'Check Voucher', 'Update/Approve', 147, '2026-04-15 15:27:48'),
(811, 21, 57, 'Check Voucher', 'Update/Approve', 146, '2026-04-15 15:27:51'),
(812, 21, 57, 'Check Voucher', 'Update/Approve', 145, '2026-04-15 15:27:56'),
(813, 21, 57, 'Check Voucher', 'Update/Approve', 144, '2026-04-15 15:28:00'),
(814, 21, 57, 'Check Voucher', 'Update/Approve', 143, '2026-04-15 15:28:04'),
(815, 21, 57, 'Check Voucher', 'Update/Approve', 142, '2026-04-15 15:28:09'),
(816, 21, 57, 'Check Voucher', 'Update/Approve', 141, '2026-04-15 15:28:12'),
(817, 21, 57, 'Check Voucher', 'Update/Approve', 140, '2026-04-15 15:28:19'),
(818, 21, 57, 'Check Voucher', 'Update/Approve', 139, '2026-04-15 15:28:23'),
(819, 21, 57, 'Check Voucher', 'Update/Approve', 138, '2026-04-15 15:28:27'),
(820, 21, 57, 'Check Voucher', 'Update/Approve', 137, '2026-04-15 15:28:33'),
(821, 21, 57, 'Check Voucher', 'Update/Approve', 136, '2026-04-15 15:28:37'),
(822, 21, 57, 'Check Voucher', 'Update/Approve', 135, '2026-04-15 15:28:41'),
(823, 21, 57, 'Check Voucher', 'Update/Approve', 134, '2026-04-15 15:28:45'),
(824, 21, 57, 'Check Voucher', 'Update/Approve', 133, '2026-04-15 15:28:49'),
(825, 21, 57, 'Check Voucher', 'Update/Approve', 132, '2026-04-15 15:28:53'),
(826, 21, 57, 'Check Voucher', 'Update/Approve', 131, '2026-04-15 15:28:58'),
(827, 21, 57, 'Check Voucher', 'Update/Approve', 130, '2026-04-15 15:29:06'),
(828, 21, 57, 'Check Voucher', 'Update/Approve', 129, '2026-04-15 15:29:09'),
(829, 21, 57, 'Check Voucher', 'Update/Approve', 128, '2026-04-15 15:29:13'),
(830, 21, 57, 'Check Voucher', 'Update/Approve', 127, '2026-04-15 15:29:19'),
(831, 21, 57, 'Check Voucher', 'Update/Approve', 126, '2026-04-15 15:29:22'),
(832, 21, 57, 'Check Voucher', 'Update/Approve', 125, '2026-04-15 15:29:38'),
(833, 21, 57, 'Check Voucher', 'Update/Approve', 124, '2026-04-15 15:29:42'),
(834, 21, 57, 'Check Voucher', 'Update/Approve', 123, '2026-04-15 15:29:47'),
(835, 21, 57, 'Check Voucher', 'Update/Approve', 122, '2026-04-15 15:29:51'),
(836, 21, 57, 'Check Voucher', 'Update/Approve', 121, '2026-04-15 15:29:55'),
(837, 21, 57, 'Check Voucher', 'Update/Approve', 120, '2026-04-15 15:30:00'),
(838, 21, 57, 'Check Voucher', 'Update/Approve', 119, '2026-04-15 15:30:04'),
(839, 21, 57, 'Check Voucher', 'Update/Approve', 118, '2026-04-15 15:30:08'),
(840, 21, 57, 'Check Voucher', 'Update/Approve', 117, '2026-04-15 15:30:13'),
(841, 21, 57, 'Check Voucher', 'Update/Approve', 116, '2026-04-15 15:30:17'),
(842, 21, 57, 'Close Calendar Year', 'Close', 16, '2026-04-15 20:53:39'),
(843, 21, 57, 'Open Calendar Year', 'Open', 17, '2026-04-15 20:53:39'),
(844, 21, 59, 'Cash Receipts', 'Add', 120, '2026-04-15 21:15:48'),
(845, 21, 59, 'Cash Receipts', 'Add', 121, '2026-04-15 21:18:40'),
(846, 21, 59, 'Cash Receipts', 'Add', 122, '2026-04-15 21:19:48'),
(847, 21, 59, 'Cash Receipts', 'Add', 123, '2026-04-15 21:23:12'),
(848, 21, 59, 'Cash Receipts', 'Add', 124, '2026-04-15 21:24:21'),
(849, 21, 59, 'Cash Receipts', 'Add', 125, '2026-04-15 21:25:30'),
(850, 21, 59, 'Cash Receipts', 'Add', 126, '2026-04-15 21:28:47'),
(851, 21, 59, 'Cash Receipts', 'Add', 127, '2026-04-15 21:30:06'),
(852, 21, 59, 'Cash Receipts', 'Add', 128, '2026-04-15 21:32:44'),
(853, 21, 59, 'Cash Receipts', 'Add', 129, '2026-04-15 21:34:18'),
(854, 21, 59, 'Cash Receipts', 'Add', 130, '2026-04-15 21:35:23'),
(855, 21, 59, 'Cash Receipts', 'Add', 131, '2026-04-15 21:36:44'),
(856, 21, 59, 'Cash Receipts', 'Update', 131, '2026-04-15 21:36:51'),
(857, 21, 58, 'Cash Receipts', 'Update/Verify', 120, '2026-04-15 21:37:23'),
(858, 21, 58, 'Cash Receipts', 'Update/Verify', 121, '2026-04-15 21:37:31'),
(859, 21, 58, 'Cash Receipts', 'Update/Verify', 122, '2026-04-15 21:37:40'),
(860, 21, 58, 'Cash Receipts', 'Update/Verify', 123, '2026-04-15 21:37:53'),
(861, 21, 58, 'Cash Receipts', 'Update/Verify', 124, '2026-04-15 21:38:00'),
(862, 21, 58, 'Cash Receipts', 'Update/Verify', 125, '2026-04-15 21:38:06'),
(863, 21, 58, 'Cash Receipts', 'Update/Verify', 126, '2026-04-15 21:38:18'),
(864, 21, 58, 'Cash Receipts', 'Update/Verify', 127, '2026-04-15 21:38:23'),
(865, 21, 58, 'Cash Receipts', 'Update/Verify', 128, '2026-04-15 21:38:31'),
(866, 21, 58, 'Cash Receipts', 'Update/Verify', 129, '2026-04-15 21:38:37'),
(867, 21, 58, 'Cash Receipts', 'Update/Verify', 130, '2026-04-15 21:38:42'),
(868, 21, 58, 'Cash Receipts', 'Update/Verify', 131, '2026-04-15 21:38:48'),
(869, 21, 57, 'Cash Receipts', 'Update/Approve', 120, '2026-04-15 21:39:17'),
(870, 21, 57, 'Cash Receipts', 'Update/Approve', 121, '2026-04-15 21:39:24'),
(871, 21, 57, 'Cash Receipts', 'Update/Approve', 122, '2026-04-15 21:39:29'),
(872, 21, 57, 'Cash Receipts', 'Update/Approve', 123, '2026-04-15 21:39:36'),
(873, 21, 57, 'Cash Receipts', 'Update/Approve', 124, '2026-04-15 21:39:41'),
(874, 21, 57, 'Cash Receipts', 'Update/Approve', 125, '2026-04-15 21:39:45'),
(875, 21, 57, 'Cash Receipts', 'Update/Approve', 126, '2026-04-15 21:39:51'),
(876, 21, 57, 'Cash Receipts', 'Update/Approve', 127, '2026-04-15 21:39:56'),
(877, 21, 57, 'Cash Receipts', 'Update/Approve', 128, '2026-04-15 21:40:02'),
(878, 21, 57, 'Cash Receipts', 'Update/Approve', 129, '2026-04-15 21:40:07'),
(879, 21, 57, 'Cash Receipts', 'Update/Approve', 130, '2026-04-15 21:40:12'),
(880, 21, 57, 'Cash Receipts', 'Update/Approve', 131, '2026-04-15 21:40:20'),
(881, 21, 59, 'Check Voucher', 'Add', 261, '2026-04-15 21:44:29'),
(882, 21, 59, 'Check Voucher', 'Add', 262, '2026-04-15 21:45:59'),
(883, 21, 59, 'Check Voucher', 'Add', 263, '2026-04-15 21:47:39'),
(884, 21, 59, 'Check Voucher', 'Add', 264, '2026-04-15 21:51:50'),
(885, 21, 59, 'Check Voucher', 'Add', 265, '2026-04-15 21:53:14'),
(886, 21, 59, 'Check Voucher', 'Add', 266, '2026-04-15 21:54:57'),
(887, 21, 59, 'Check Voucher', 'Add', 267, '2026-04-15 21:56:04'),
(888, 21, 59, 'Check Voucher', 'Add', 268, '2026-04-15 22:02:04'),
(889, 21, 59, 'Check Voucher', 'Add', 269, '2026-04-15 22:04:09'),
(890, 21, 59, 'Check Voucher', 'Add', 270, '2026-04-15 22:05:08'),
(891, 21, 59, 'Check Voucher', 'Add', 271, '2026-04-15 22:06:10'),
(892, 21, 59, 'Check Voucher', 'Add', 272, '2026-04-15 22:08:05'),
(893, 21, 59, 'Check Voucher', 'Add', 273, '2026-04-15 22:12:26'),
(894, 21, 59, 'Check Voucher', 'Add', 274, '2026-04-15 22:15:00'),
(895, 21, 59, 'Check Voucher', 'Add', 275, '2026-04-15 22:17:12'),
(896, 21, 59, 'Check Voucher', 'Add', 276, '2026-04-15 22:22:02'),
(897, 21, 59, 'Check Voucher', 'Add', 277, '2026-04-15 22:23:12'),
(898, 21, 59, 'Check Voucher', 'Add', 278, '2026-04-15 22:24:15'),
(899, 21, 59, 'Check Voucher', 'Add', 279, '2026-04-15 22:27:36'),
(900, 21, 59, 'Check Voucher', 'Add', 280, '2026-04-15 22:29:53'),
(901, 21, 59, 'Check Voucher', 'Add', 281, '2026-04-15 22:31:14'),
(902, 21, 59, 'Check Voucher', 'Add', 282, '2026-04-15 22:32:20'),
(903, 21, 59, 'Check Voucher', 'Add', 283, '2026-04-15 22:33:33'),
(904, 21, 59, 'Check Voucher', 'Add', 284, '2026-04-15 22:37:06'),
(905, 21, 59, 'Check Voucher', 'Add', 285, '2026-04-15 22:38:30'),
(906, 21, 59, 'Check Voucher', 'Add', 286, '2026-04-15 22:40:15'),
(907, 21, 59, 'Check Voucher', 'Add', 287, '2026-04-15 22:43:25'),
(908, 21, 59, 'Check Voucher', 'Add', 288, '2026-04-15 22:46:53'),
(909, 21, 59, 'Check Voucher', 'Add', 289, '2026-04-15 22:49:09'),
(910, 21, 59, 'Check Voucher', 'Add', 290, '2026-04-15 22:50:20'),
(911, 21, 59, 'Check Voucher', 'Add', 291, '2026-04-15 22:51:35'),
(912, 21, 59, 'Check Voucher', 'Add', 292, '2026-04-15 22:54:58'),
(913, 21, 59, 'Check Voucher', 'Add', 293, '2026-04-15 22:56:05'),
(914, 21, 59, 'Check Voucher', 'Add', 294, '2026-04-15 22:57:26'),
(915, 21, 59, 'Check Voucher', 'Add', 295, '2026-04-15 22:59:04'),
(916, 21, 58, 'Check Voucher', 'Update/Verify', 261, '2026-04-15 23:01:55'),
(917, 21, 58, 'Check Voucher', 'Update/Verify', 262, '2026-04-15 23:02:11'),
(918, 21, 58, 'Check Voucher', 'Update/Verify', 263, '2026-04-15 23:02:28'),
(919, 21, 58, 'Check Voucher', 'Update/Verify', 265, '2026-04-15 23:02:52'),
(920, 21, 58, 'Check Voucher', 'Update/Verify', 266, '2026-04-15 23:03:12'),
(921, 21, 58, 'Check Voucher', 'Update/Verify', 267, '2026-04-15 23:03:28'),
(922, 21, 58, 'Check Voucher', 'Update/Verify', 268, '2026-04-15 23:03:37'),
(923, 21, 58, 'Check Voucher', 'Update/Verify', 269, '2026-04-15 23:03:46'),
(924, 21, 58, 'Check Voucher', 'Update/Verify', 270, '2026-04-15 23:03:58'),
(925, 21, 58, 'Check Voucher', 'Update/Verify', 271, '2026-04-15 23:04:07'),
(926, 21, 58, 'Check Voucher', 'Update/Verify', 272, '2026-04-15 23:04:16'),
(927, 21, 58, 'Check Voucher', 'Update/Verify', 273, '2026-04-15 23:04:26'),
(928, 21, 58, 'Check Voucher', 'Update/Verify', 274, '2026-04-15 23:04:36'),
(929, 21, 58, 'Check Voucher', 'Update/Verify', 295, '2026-04-15 23:04:49'),
(930, 21, 58, 'Check Voucher', 'Update/Verify', 294, '2026-04-15 23:04:56'),
(931, 21, 58, 'Check Voucher', 'Update/Verify', 293, '2026-04-15 23:05:01'),
(932, 21, 58, 'Check Voucher', 'Update/Verify', 292, '2026-04-15 23:05:11'),
(933, 21, 58, 'Check Voucher', 'Update/Verify', 291, '2026-04-15 23:05:17'),
(934, 21, 58, 'Check Voucher', 'Update/Verify', 290, '2026-04-15 23:05:25'),
(935, 21, 58, 'Check Voucher', 'Update/Verify', 289, '2026-04-15 23:05:31'),
(936, 21, 58, 'Check Voucher', 'Update/Verify', 288, '2026-04-15 23:05:38'),
(937, 21, 58, 'Check Voucher', 'Update/Verify', 287, '2026-04-15 23:05:44'),
(938, 21, 58, 'Check Voucher', 'Update/Verify', 286, '2026-04-15 23:05:50'),
(939, 21, 58, 'Check Voucher', 'Update/Verify', 285, '2026-04-15 23:05:56'),
(940, 21, 58, 'Check Voucher', 'Update/Verify', 284, '2026-04-15 23:06:02'),
(941, 21, 58, 'Check Voucher', 'Update/Verify', 283, '2026-04-15 23:06:08'),
(942, 21, 58, 'Check Voucher', 'Update/Verify', 282, '2026-04-15 23:06:15'),
(943, 21, 58, 'Check Voucher', 'Update/Verify', 281, '2026-04-15 23:06:23'),
(944, 21, 58, 'Check Voucher', 'Update/Verify', 280, '2026-04-15 23:06:29'),
(945, 21, 58, 'Check Voucher', 'Update/Verify', 279, '2026-04-15 23:06:36'),
(946, 21, 58, 'Check Voucher', 'Update/Verify', 278, '2026-04-15 23:06:43'),
(947, 21, 58, 'Check Voucher', 'Update/Verify', 277, '2026-04-15 23:06:49'),
(948, 21, 58, 'Check Voucher', 'Update/Verify', 276, '2026-04-15 23:06:57'),
(949, 21, 58, 'Check Voucher', 'Update/Verify', 275, '2026-04-15 23:07:04'),
(950, 21, 59, 'Check Voucher', 'Update', 264, '2026-04-15 23:08:22'),
(951, 21, 58, 'Check Voucher', 'Update/Verify', 264, '2026-04-15 23:08:43'),
(952, 21, 57, 'Check Voucher', 'Update/Approve', 270, '2026-04-15 23:09:05'),
(953, 21, 57, 'Check Voucher', 'Update/Approve', 269, '2026-04-15 23:09:10'),
(954, 21, 57, 'Check Voucher', 'Update/Approve', 268, '2026-04-15 23:09:49'),
(955, 21, 57, 'Check Voucher', 'Update/Approve', 267, '2026-04-15 23:09:54'),
(956, 21, 57, 'Check Voucher', 'Update/Approve', 266, '2026-04-15 23:09:59'),
(957, 21, 57, 'Check Voucher', 'Update/Approve', 265, '2026-04-15 23:10:02'),
(958, 21, 57, 'Check Voucher', 'Update/Approve', 264, '2026-04-15 23:10:07'),
(959, 21, 57, 'Check Voucher', 'Update/Approve', 263, '2026-04-15 23:10:12'),
(960, 21, 57, 'Check Voucher', 'Update/Approve', 262, '2026-04-15 23:10:16'),
(961, 21, 57, 'Check Voucher', 'Update/Approve', 261, '2026-04-15 23:10:21'),
(962, 21, 57, 'Check Voucher', 'Update/Approve', 271, '2026-04-15 23:10:28'),
(963, 21, 57, 'Check Voucher', 'Update/Approve', 280, '2026-04-15 23:10:32'),
(964, 21, 57, 'Check Voucher', 'Update/Approve', 281, '2026-04-15 23:10:37'),
(965, 21, 57, 'Check Voucher', 'Update/Approve', 282, '2026-04-15 23:10:43'),
(966, 21, 57, 'Check Voucher', 'Update/Approve', 283, '2026-04-15 23:10:48'),
(967, 21, 57, 'Check Voucher', 'Update/Approve', 284, '2026-04-15 23:10:52'),
(968, 21, 57, 'Check Voucher', 'Update/Approve', 285, '2026-04-15 23:10:56'),
(969, 21, 57, 'Check Voucher', 'Update/Approve', 286, '2026-04-15 23:11:01'),
(970, 21, 57, 'Check Voucher', 'Update/Approve', 287, '2026-04-15 23:11:04'),
(971, 21, 57, 'Check Voucher', 'Update/Approve', 288, '2026-04-15 23:11:08'),
(972, 21, 57, 'Check Voucher', 'Update/Approve', 289, '2026-04-15 23:11:12'),
(973, 21, 57, 'Check Voucher', 'Update/Approve', 290, '2026-04-15 23:11:16'),
(974, 21, 57, 'Check Voucher', 'Update/Approve', 291, '2026-04-15 23:11:21'),
(975, 21, 57, 'Check Voucher', 'Update/Approve', 292, '2026-04-15 23:11:24'),
(976, 21, 57, 'Check Voucher', 'Update/Approve', 293, '2026-04-15 23:11:28'),
(977, 21, 57, 'Check Voucher', 'Update/Approve', 294, '2026-04-15 23:11:32'),
(978, 21, 57, 'Check Voucher', 'Update/Approve', 295, '2026-04-15 23:11:36'),
(979, 21, 57, 'Check Voucher', 'Update/Approve', 279, '2026-04-15 23:11:42'),
(980, 21, 57, 'Check Voucher', 'Update/Approve', 278, '2026-04-15 23:11:48'),
(981, 21, 57, 'Check Voucher', 'Update/Approve', 277, '2026-04-15 23:11:52'),
(982, 21, 57, 'Check Voucher', 'Update/Approve', 276, '2026-04-15 23:11:57'),
(983, 21, 57, 'Check Voucher', 'Update/Approve', 275, '2026-04-15 23:12:01'),
(984, 21, 57, 'Check Voucher', 'Update/Approve', 274, '2026-04-15 23:12:05'),
(985, 21, 57, 'Check Voucher', 'Update/Approve', 273, '2026-04-15 23:12:10'),
(986, 21, 57, 'Check Voucher', 'Update/Approve', 272, '2026-04-15 23:12:14'),
(987, 21, 59, 'General Journal', 'Add', 33, '2026-04-15 23:20:07'),
(988, 21, 59, 'General Journal', 'Add', 34, '2026-04-15 23:22:38'),
(989, 21, 59, 'General Journal', 'Add', 35, '2026-04-15 23:26:04'),
(990, 21, 59, 'General Journal', 'Add', 36, '2026-04-15 23:27:48'),
(991, 21, 59, 'General Journal', 'Add', 37, '2026-04-15 23:29:45'),
(992, 21, 59, 'General Journal', 'Add', 38, '2026-04-15 23:32:02'),
(993, 21, 58, 'General Journal', 'Update/Verify', 33, '2026-04-15 23:32:28'),
(994, 21, 58, 'General Journal', 'Update/Verify', 34, '2026-04-15 23:32:37'),
(995, 21, 58, 'General Journal', 'Update/Verify', 35, '2026-04-15 23:32:48'),
(996, 21, 58, 'General Journal', 'Update/Verify', 36, '2026-04-15 23:32:58'),
(997, 21, 58, 'General Journal', 'Update/Verify', 37, '2026-04-15 23:33:04'),
(998, 21, 58, 'General Journal', 'Update/Verify', 38, '2026-04-15 23:33:14'),
(999, 21, 57, 'General Journal', 'Update/Approve', 38, '2026-04-15 23:33:37'),
(1000, 21, 57, 'General Journal', 'Update/Approve', 37, '2026-04-15 23:33:41'),
(1001, 21, 57, 'General Journal', 'Update/Approve', 36, '2026-04-15 23:33:45'),
(1002, 21, 57, 'General Journal', 'Update/Approve', 35, '2026-04-15 23:33:49'),
(1003, 21, 57, 'General Journal', 'Update/Approve', 34, '2026-04-15 23:33:53'),
(1004, 21, 57, 'General Journal', 'Update/Approve', 33, '2026-04-15 23:33:58'),
(1005, 22, 61, 'Chart of Accounts', 'Add', 1563, '2026-04-16 08:19:58'),
(1006, 22, 61, 'Chart of Accounts', 'Add', 1564, '2026-04-16 08:20:18'),
(1007, 22, 61, 'Chart of Accounts', 'Add', 1565, '2026-04-16 08:21:22'),
(1008, 22, 61, 'Chart of Accounts', 'Add', 1566, '2026-04-16 08:21:41'),
(1009, 22, 61, 'Chart of Accounts', 'Add', 1567, '2026-04-16 08:22:05'),
(1010, 22, 61, 'Chart of Accounts', 'Add', 1568, '2026-04-16 08:23:17'),
(1011, 22, 61, 'Chart of Accounts', 'Add', 1569, '2026-04-16 08:24:53'),
(1012, 22, 61, 'Chart of Accounts', 'Add', 1570, '2026-04-16 08:25:11'),
(1013, 22, 61, 'Chart of Accounts', 'Add', 1571, '2026-04-16 08:25:37'),
(1014, 22, 61, 'Chart of Accounts', 'Add', 1572, '2026-04-16 08:25:58'),
(1015, 22, 61, 'Chart of Accounts', 'Add', 1573, '2026-04-16 08:26:20'),
(1016, 22, 61, 'Chart of Accounts', 'Add', 1574, '2026-04-16 08:27:15'),
(1017, 22, 61, 'Chart of Accounts', 'Add', 1575, '2026-04-16 08:27:38'),
(1018, 22, 61, 'Chart of Accounts', 'Add', 1576, '2026-04-16 08:27:58'),
(1019, 22, 61, 'Chart of Accounts', 'Add', 1577, '2026-04-16 08:28:44'),
(1020, 22, 61, 'Chart of Accounts', 'Add', 1578, '2026-04-16 08:29:58'),
(1021, 22, 61, 'Chart of Accounts', 'Add', 1579, '2026-04-16 08:30:19'),
(1022, 22, 61, 'Chart of Accounts', 'Add', 1580, '2026-04-16 08:30:34'),
(1023, 22, 61, 'Chart of Accounts', 'Add', 1581, '2026-04-16 08:31:13'),
(1024, 22, 61, 'Chart of Accounts', 'Add', 1582, '2026-04-16 08:31:42'),
(1025, 22, 61, 'Chart of Accounts', 'Add', 1583, '2026-04-16 08:32:13'),
(1026, 22, 61, 'Chart of Accounts', 'Add', 1584, '2026-04-16 08:33:46'),
(1027, 22, 61, 'Chart of Accounts', 'Add', 1585, '2026-04-16 08:34:21'),
(1028, 22, 61, 'Chart of Accounts', 'Add', 1586, '2026-04-16 08:34:37'),
(1029, 22, 61, 'Chart of Accounts', 'Add', 1587, '2026-04-16 08:36:02'),
(1030, 22, 61, 'Chart of Accounts', 'Add', 1588, '2026-04-16 08:36:21'),
(1031, 22, 61, 'Chart of Accounts', 'Add', 1589, '2026-04-16 08:36:45'),
(1032, 22, 61, 'Chart of Accounts', 'Add', 1590, '2026-04-16 08:37:27'),
(1033, 22, 61, 'Chart of Accounts', 'Add', 1591, '2026-04-16 08:37:46'),
(1034, 22, 61, 'Chart of Accounts', 'Add', 1592, '2026-04-16 08:38:15'),
(1035, 22, 61, 'Chart of Accounts', 'Add', 1593, '2026-04-16 08:38:36'),
(1036, 22, 61, 'Chart of Accounts', 'Add', 1594, '2026-04-16 08:38:52'),
(1037, 22, 61, 'Chart of Accounts', 'Add', 1595, '2026-04-16 08:39:05'),
(1038, 22, 61, 'Chart of Accounts', 'Add', 1596, '2026-04-16 08:39:34'),
(1039, 22, 61, 'Chart of Accounts', 'Add', 1597, '2026-04-16 08:39:56'),
(1040, 22, 61, 'Chart of Accounts', 'Add', 1598, '2026-04-16 08:40:14'),
(1041, 22, 61, 'Chart of Accounts', 'Add', 1599, '2026-04-16 08:40:32'),
(1042, 22, 61, 'Chart of Accounts', 'Add', 1600, '2026-04-16 08:40:56'),
(1043, 22, 61, 'Chart of Accounts', 'Add', 1601, '2026-04-16 08:41:15'),
(1044, 22, 61, 'Chart of Accounts', 'Add', 1602, '2026-04-16 08:43:01'),
(1045, 22, 61, 'Chart of Accounts', 'Add', 1603, '2026-04-16 08:43:29'),
(1046, 22, 61, 'Chart of Accounts', 'Add', 1604, '2026-04-16 08:44:03'),
(1047, 22, 61, 'Chart of Accounts', 'Add', 1605, '2026-04-16 08:44:25'),
(1048, 22, 61, 'Chart of Accounts', 'Add', 1606, '2026-04-16 08:46:29'),
(1049, 22, 61, 'Chart of Accounts', 'Add', 1607, '2026-04-16 08:46:44'),
(1050, 22, 61, 'Chart of Accounts', 'Add', 1608, '2026-04-16 08:47:19'),
(1051, 22, 61, 'Chart of Accounts', 'Add', 1609, '2026-04-16 08:47:37'),
(1052, 22, 61, 'Chart of Accounts', 'Add', 1610, '2026-04-16 08:47:54'),
(1053, 22, 61, 'Chart of Accounts', 'Add', 1611, '2026-04-16 08:48:11'),
(1054, 22, 61, 'Chart of Accounts', 'Add', 1612, '2026-04-16 08:48:28'),
(1055, 22, 61, 'Chart of Accounts', 'Add', 1613, '2026-04-16 08:48:51'),
(1056, 22, 61, 'Chart of Accounts', 'Add', 1614, '2026-04-16 08:49:17'),
(1057, 22, 61, 'Chart of Accounts', 'Add', 1615, '2026-04-16 08:49:35'),
(1058, 22, 61, 'Chart of Accounts', 'Add', 1616, '2026-04-16 08:49:51'),
(1059, 22, 61, 'Chart of Accounts', 'Add', 1617, '2026-04-16 08:50:08'),
(1060, 22, 61, 'Chart of Accounts', 'Add', 1618, '2026-04-16 08:50:28'),
(1061, 22, 61, 'Chart of Accounts', 'Add', 1619, '2026-04-16 08:50:46'),
(1062, 22, 61, 'Chart of Accounts', 'Add', 1620, '2026-04-16 08:51:06'),
(1063, 22, 61, 'Chart of Accounts', 'Add', 1621, '2026-04-16 08:51:28'),
(1064, 22, 61, 'Chart of Accounts', 'Add', 1622, '2026-04-16 08:51:46'),
(1065, 22, 61, 'Chart of Accounts', 'Add', 1623, '2026-04-16 08:52:09'),
(1066, 22, 61, 'Chart of Accounts', 'Add', 1624, '2026-04-16 08:52:31'),
(1067, 22, 61, 'Chart of Accounts', 'Add', 1625, '2026-04-16 08:52:57'),
(1068, 22, 61, 'Chart of Accounts', 'Add', 1626, '2026-04-16 08:53:15'),
(1069, 22, 61, 'Chart of Accounts', 'Add', 1627, '2026-04-16 08:53:32'),
(1070, 22, 61, 'Chart of Accounts', 'Add', 1628, '2026-04-16 08:53:54'),
(1071, 22, 61, 'Chart of Accounts', 'Add', 1629, '2026-04-16 08:54:16'),
(1072, 22, 61, 'Chart of Accounts', 'Add', 1630, '2026-04-16 08:54:30'),
(1073, 22, 61, 'Chart of Accounts', 'Add', 1631, '2026-04-16 08:54:47'),
(1074, 22, 61, 'Chart of Accounts', 'Add', 1632, '2026-04-16 08:55:06'),
(1075, 22, 61, 'Chart of Accounts', 'Add', 1633, '2026-04-16 08:55:25'),
(1076, 22, 61, 'Chart of Accounts', 'Add', 1634, '2026-04-16 08:55:43'),
(1077, 22, 61, 'Chart of Accounts', 'Add', 1635, '2026-04-16 08:55:59'),
(1078, 22, 61, 'Chart of Accounts', 'Add', 1636, '2026-04-16 08:56:18'),
(1079, 22, 61, 'Chart of Accounts', 'Add', 1637, '2026-04-16 08:56:38'),
(1080, 22, 61, 'Chart of Accounts', 'Add', 1638, '2026-04-16 08:57:01'),
(1081, 22, 61, 'Chart of Accounts', 'Add', 1639, '2026-04-16 08:57:20'),
(1082, 22, 61, 'Chart of Accounts', 'Add', 1640, '2026-04-16 08:57:34'),
(1083, 22, 61, 'Chart of Accounts', 'Add', 1641, '2026-04-16 08:57:50'),
(1084, 22, 61, 'Chart of Accounts', 'Add', 1642, '2026-04-16 08:58:05'),
(1085, 22, 61, 'Chart of Accounts', 'Add', 1643, '2026-04-16 08:58:19'),
(1086, 22, 61, 'Chart of Accounts', 'Update', 1568, '2026-04-16 09:01:09'),
(1087, 22, 61, 'General Journal', 'Add', 39, '2026-04-16 09:11:18'),
(1088, 22, 61, 'General Journal', 'Update', 39, '2026-04-16 09:13:04'),
(1089, 22, 61, 'General Journal', 'Add', 40, '2026-04-16 09:41:26'),
(1090, 22, 61, 'General Journal', 'Add', 41, '2026-04-16 09:47:59'),
(1091, 22, 61, 'General Journal', 'Update', 41, '2026-04-16 09:50:55'),
(1092, 22, 61, 'Chart of Accounts', 'Add', 1644, '2026-04-16 09:52:55'),
(1093, 22, 61, 'Chart of Accounts', 'Add', 1645, '2026-04-16 09:54:59'),
(1094, 22, 61, 'General Journal', 'Add', 42, '2026-04-16 10:10:58'),
(1095, 22, 62, 'General Journal', 'Update/Verify', 39, '2026-04-16 10:16:21'),
(1096, 22, 62, 'General Journal', 'Update/Verify', 40, '2026-04-16 10:16:29'),
(1097, 22, 62, 'General Journal', 'Update/Verify', 41, '2026-04-16 10:16:38'),
(1098, 22, 62, 'General Journal', 'Update/Verify', 42, '2026-04-16 10:16:45'),
(1099, 22, 60, 'General Journal', 'Update/Approve', 39, '2026-04-16 10:17:14'),
(1100, 22, 60, 'General Journal', 'Update/Approve', 40, '2026-04-16 10:17:18'),
(1101, 22, 60, 'General Journal', 'Update/Approve', 41, '2026-04-16 10:17:22'),
(1102, 22, 60, 'General Journal', 'Update/Approve', 42, '2026-04-16 10:17:27'),
(1103, 22, 61, 'General Journal', 'Add', 43, '2026-04-16 10:25:44'),
(1104, 22, 61, 'Chart of Accounts', 'Add', 1646, '2026-04-16 10:39:28'),
(1105, 22, 61, 'General Journal', 'Add', 44, '2026-04-16 11:00:05'),
(1106, 22, 62, 'General Journal', 'Update/Verify', 43, '2026-04-16 11:00:53'),
(1107, 22, 62, 'General Journal', 'Update/Verify', 44, '2026-04-16 11:01:01'),
(1108, 22, 60, 'General Journal', 'Update/Approve', 43, '2026-04-16 11:01:37'),
(1109, 22, 60, 'General Journal', 'Update/Approve', 44, '2026-04-16 11:01:41'),
(1110, 22, 61, 'Chart of Accounts', 'Update', 1563, '2026-04-16 11:06:14'),
(1111, 22, 61, 'Chart of Accounts', 'Update', 1585, '2026-04-16 11:06:39'),
(1112, 22, 61, 'Chart of Accounts', 'Update', 1585, '2026-04-16 11:07:17'),
(1113, 22, 61, 'Chart of Accounts', 'Update', 1568, '2026-04-16 11:07:43'),
(1114, 22, 61, 'Chart of Accounts', 'Update', 1565, '2026-04-16 11:07:54'),
(1115, 22, 61, 'Chart of Accounts', 'Update', 1567, '2026-04-16 11:09:06'),
(1116, 22, 60, 'Close Calendar Year', 'Close', 19, '2026-04-16 11:11:29'),
(1117, 22, 60, 'Open Calendar Year', 'Open', 20, '2026-04-16 11:11:29'),
(1118, 22, 60, 'Calendar Year', 'Reopen', 19, '2026-04-16 11:13:57'),
(1119, 22, 60, 'Chart of Accounts', 'Update', 1585, '2026-04-16 11:14:24'),
(1120, 22, 60, 'Close Calendar Year', 'Close', 19, '2026-04-16 11:14:36'),
(1121, 22, 60, 'Open Calendar Year', 'Open', 20, '2026-04-16 11:14:36'),
(1122, 22, 60, 'General Journal', 'Add', 45, '2026-04-16 12:12:23'),
(1123, 22, 60, 'General Journal', 'Add', 46, '2026-04-16 12:33:58'),
(1124, 22, 60, 'General Journal', 'Add', 47, '2026-04-16 12:40:49'),
(1125, 22, 60, 'General Journal', 'Update', 47, '2026-04-16 12:41:05'),
(1126, 22, 60, 'General Journal', 'Update', 47, '2026-04-16 12:42:13'),
(1127, 22, 60, 'General Journal', 'Add', 48, '2026-04-16 13:00:37'),
(1128, 22, 60, 'General Journal', 'Add', 49, '2026-04-16 13:10:17'),
(1129, 22, 60, 'General Journal', 'Add', 50, '2026-04-16 13:22:44'),
(1130, 22, 60, 'General Journal', 'Add', 51, '2026-04-16 13:36:15'),
(1131, 22, 60, 'General Journal', 'Add', 52, '2026-04-16 13:47:47'),
(1132, 22, 60, 'General Journal', 'Add', 53, '2026-04-16 13:59:44'),
(1133, 22, 60, 'General Journal', 'Add', 54, '2026-04-16 14:09:57'),
(1134, 22, 60, 'General Journal', 'Add', 55, '2026-04-16 14:15:37'),
(1135, 22, 60, 'General Journal', 'Add', 56, '2026-04-16 14:26:17'),
(1136, 22, 60, 'General Journal', 'Add', 57, '2026-04-16 14:32:45'),
(1137, 22, 60, 'General Journal', 'Add', 58, '2026-04-16 14:41:12'),
(1138, 22, 60, 'General Journal', 'Add', 59, '2026-04-16 14:48:11'),
(1139, 22, 60, 'General Journal', 'Add', 60, '2026-04-16 14:56:45'),
(1140, 22, 60, 'General Journal', 'Add', 61, '2026-04-16 15:05:36'),
(1141, 22, 60, 'General Journal', 'Add', 62, '2026-04-16 15:15:33'),
(1142, 22, 60, 'General Journal', 'Add', 63, '2026-04-16 15:23:04'),
(1143, 22, 60, 'General Journal', 'Add', 64, '2026-04-16 15:35:20'),
(1144, 22, 60, 'General Journal', 'Add', 65, '2026-04-16 15:41:23'),
(1145, 22, 60, 'General Journal', 'Add', 66, '2026-04-16 15:51:37'),
(1146, 22, 60, 'General Journal', 'Add', 67, '2026-04-16 15:57:51'),
(1147, 22, 60, 'General Journal', 'Add', 68, '2026-04-16 16:08:40'),
(1148, 22, 62, 'General Journal', 'Update/Verify', 45, '2026-04-16 16:14:13'),
(1149, 22, 62, 'General Journal', 'Update/Verify', 46, '2026-04-16 16:14:21'),
(1150, 22, 62, 'General Journal', 'Update/Verify', 47, '2026-04-16 16:14:30'),
(1151, 22, 62, 'General Journal', 'Update/Verify', 48, '2026-04-16 16:14:37'),
(1152, 22, 62, 'General Journal', 'Update/Verify', 49, '2026-04-16 16:14:50'),
(1153, 22, 62, 'General Journal', 'Update/Verify', 50, '2026-04-16 16:15:02'),
(1154, 22, 62, 'General Journal', 'Update/Verify', 51, '2026-04-16 16:15:10'),
(1155, 22, 62, 'General Journal', 'Update/Verify', 52, '2026-04-16 16:15:18'),
(1156, 22, 62, 'General Journal', 'Update/Verify', 53, '2026-04-16 16:15:29'),
(1157, 22, 62, 'General Journal', 'Update/Verify', 54, '2026-04-16 16:15:41'),
(1158, 22, 62, 'General Journal', 'Update/Verify', 55, '2026-04-16 16:15:51'),
(1159, 22, 62, 'General Journal', 'Update/Verify', 56, '2026-04-16 16:16:01'),
(1160, 22, 62, 'General Journal', 'Update/Verify', 57, '2026-04-16 16:16:09'),
(1161, 22, 62, 'General Journal', 'Update/Verify', 58, '2026-04-16 16:16:20'),
(1162, 22, 62, 'General Journal', 'Update/Verify', 68, '2026-04-16 16:16:35'),
(1163, 22, 62, 'General Journal', 'Update/Verify', 67, '2026-04-16 16:16:46'),
(1164, 22, 62, 'General Journal', 'Update/Verify', 66, '2026-04-16 16:16:58'),
(1165, 22, 62, 'General Journal', 'Update/Verify', 65, '2026-04-16 16:17:07'),
(1166, 22, 62, 'General Journal', 'Update/Verify', 64, '2026-04-16 16:17:22'),
(1167, 22, 62, 'General Journal', 'Update/Verify', 63, '2026-04-16 16:17:32'),
(1168, 22, 62, 'General Journal', 'Update/Verify', 62, '2026-04-16 16:17:40'),
(1169, 22, 62, 'General Journal', 'Update/Verify', 61, '2026-04-16 16:17:49'),
(1170, 22, 62, 'General Journal', 'Update/Verify', 60, '2026-04-16 16:18:03'),
(1171, 22, 62, 'General Journal', 'Update/Verify', 59, '2026-04-16 16:18:13'),
(1172, 22, 60, 'General Journal', 'Update/Approve', 68, '2026-04-16 16:18:54'),
(1173, 22, 60, 'General Journal', 'Update/Approve', 67, '2026-04-16 16:18:58'),
(1174, 22, 60, 'General Journal', 'Update/Approve', 66, '2026-04-16 16:19:03'),
(1175, 22, 60, 'General Journal', 'Update/Approve', 65, '2026-04-16 16:19:07'),
(1176, 22, 60, 'General Journal', 'Update/Approve', 64, '2026-04-16 16:19:12'),
(1177, 22, 60, 'General Journal', 'Update/Approve', 63, '2026-04-16 16:19:16'),
(1178, 22, 60, 'General Journal', 'Update/Approve', 62, '2026-04-16 16:19:20'),
(1179, 22, 60, 'General Journal', 'Update/Approve', 61, '2026-04-16 16:19:25'),
(1180, 22, 60, 'General Journal', 'Update/Approve', 60, '2026-04-16 16:19:29'),
(1181, 22, 60, 'General Journal', 'Update/Approve', 59, '2026-04-16 16:19:33'),
(1182, 22, 60, 'General Journal', 'Update/Approve', 58, '2026-04-16 16:19:39'),
(1183, 22, 60, 'General Journal', 'Update/Approve', 57, '2026-04-16 16:19:44'),
(1184, 22, 60, 'General Journal', 'Update/Approve', 56, '2026-04-16 16:19:48'),
(1185, 22, 60, 'General Journal', 'Update/Approve', 55, '2026-04-16 16:19:52'),
(1186, 22, 60, 'General Journal', 'Update/Approve', 54, '2026-04-16 16:19:56'),
(1187, 22, 60, 'General Journal', 'Update/Approve', 53, '2026-04-16 16:20:00'),
(1188, 22, 60, 'General Journal', 'Update/Approve', 52, '2026-04-16 16:20:04'),
(1189, 22, 60, 'General Journal', 'Update/Approve', 51, '2026-04-16 16:20:08'),
(1190, 22, 60, 'General Journal', 'Update/Approve', 50, '2026-04-16 16:20:12'),
(1191, 22, 60, 'General Journal', 'Update/Approve', 49, '2026-04-16 16:20:16'),
(1192, 22, 60, 'General Journal', 'Update/Approve', 48, '2026-04-16 16:20:21'),
(1193, 22, 60, 'General Journal', 'Update/Approve', 47, '2026-04-16 16:20:26'),
(1194, 22, 60, 'General Journal', 'Update/Approve', 46, '2026-04-16 16:20:29'),
(1195, 22, 60, 'General Journal', 'Update/Approve', 45, '2026-04-16 16:20:34'),
(1196, 22, 60, 'Close Calendar Year', 'Close', 20, '2026-04-16 16:21:24'),
(1197, 22, 60, 'Open Calendar Year', 'Open', 21, '2026-04-16 16:21:24'),
(1198, 22, 61, 'General Journal', 'Add', 69, '2026-04-16 16:35:18'),
(1199, 22, 60, 'General Journal', 'Update/Verify', 69, '2026-04-16 16:40:49'),
(1200, 22, 60, 'General Journal', 'Update/Approve', 69, '2026-04-16 16:40:59'),
(1201, 22, 61, 'General Journal', 'Add', 70, '2026-04-16 16:44:55'),
(1202, 22, 61, 'General Journal', 'Add', 71, '2026-04-16 17:09:04'),
(1203, 22, 61, 'General Journal', 'Add', 72, '2026-04-16 17:12:38'),
(1204, 22, 61, 'Chart of Accounts', 'Add', 1647, '2026-04-16 17:13:16'),
(1205, 22, 61, 'General Journal', 'Update', 72, '2026-04-16 17:22:18'),
(1206, 22, 61, 'General Journal', 'Add', 73, '2026-04-16 17:33:49'),
(1207, 22, 61, 'General Journal', 'Add', 74, '2026-04-16 17:43:22'),
(1208, 22, 62, 'General Journal', 'Update/Verify', 70, '2026-04-16 17:44:01'),
(1209, 22, 62, 'General Journal', 'Update/Verify', 71, '2026-04-16 17:44:10'),
(1210, 22, 62, 'General Journal', 'Update/Verify', 72, '2026-04-16 17:44:21'),
(1211, 22, 62, 'General Journal', 'Update/Verify', 73, '2026-04-16 17:44:31'),
(1212, 22, 62, 'General Journal', 'Update/Verify', 74, '2026-04-16 17:44:43'),
(1213, 22, 60, 'General Journal', 'Update/Approve', 70, '2026-04-16 17:45:07'),
(1214, 22, 60, 'General Journal', 'Update/Approve', 71, '2026-04-16 17:45:11'),
(1215, 22, 60, 'General Journal', 'Update/Approve', 72, '2026-04-16 17:45:14'),
(1216, 22, 60, 'General Journal', 'Update/Approve', 73, '2026-04-16 17:45:18'),
(1217, 22, 60, 'General Journal', 'Update/Approve', 74, '2026-04-16 17:45:23'),
(1218, 21, 59, 'Chart of Accounts', 'Update', 1502, '2026-04-16 19:41:11'),
(1219, 21, 59, 'Chart of Accounts', 'Update', 1558, '2026-04-16 19:42:07'),
(1220, 21, 59, 'Chart of Accounts', 'Update', 1561, '2026-04-16 19:42:16'),
(1221, 21, 59, 'Chart of Accounts', 'Update', 1562, '2026-04-16 19:43:20'),
(1222, 21, 59, 'Chart of Accounts', 'Update', 1561, '2026-04-16 19:43:34'),
(1223, 21, 59, 'Chart of Accounts', 'Update', 1561, '2026-04-16 19:45:23'),
(1224, 21, 59, 'Chart of Accounts', 'Update', 1561, '2026-04-16 19:46:32'),
(1225, 21, 59, 'Chart of Accounts', 'Update', 1560, '2026-04-16 19:47:13'),
(1226, 21, 59, 'Chart of Accounts', 'Update', 1561, '2026-04-16 19:47:20'),
(1227, 21, 59, 'Chart of Accounts', 'Update', 1561, '2026-04-16 19:48:07'),
(1228, 21, 59, 'Chart of Accounts', 'Update', 1486, '2026-04-16 19:48:54'),
(1229, 21, 59, 'Chart of Accounts', 'Update', 1503, '2026-04-16 19:50:38'),
(1230, 21, 59, 'Chart of Accounts', 'Update', 1488, '2026-04-16 19:52:18'),
(1231, 21, 59, 'Chart of Accounts', 'Update', 1489, '2026-04-16 19:52:26'),
(1232, 21, 59, 'Chart of Accounts', 'Update', 1490, '2026-04-16 19:52:33'),
(1233, 21, 59, 'Chart of Accounts', 'Update', 1503, '2026-04-16 19:53:42'),
(1234, 21, 59, 'Chart of Accounts', 'Update', 1502, '2026-04-16 19:59:45'),
(1235, 21, 59, 'Chart of Accounts', 'Update', 1502, '2026-04-16 20:00:53'),
(1236, 21, 59, 'Chart of Accounts', 'Update', 1502, '2026-04-16 20:02:23'),
(1237, 21, 59, 'Chart of Accounts', 'Update', 1503, '2026-04-16 20:06:17'),
(1238, 21, 59, 'Chart of Accounts', 'Update', 1502, '2026-04-16 20:10:09'),
(1239, 21, 57, 'Calendar Year', 'Reopen', 16, '2026-04-16 20:13:03'),
(1240, 21, 57, 'Chart of Accounts', 'Update', 1503, '2026-04-16 20:14:14'),
(1241, 21, 57, 'Close Calendar Year', 'Close', 16, '2026-04-16 20:14:59'),
(1242, 21, 57, 'Open Calendar Year', 'Open', 17, '2026-04-16 20:14:59'),
(1243, 21, 57, 'Close Calendar Year', 'Close', 17, '2026-04-16 20:15:06'),
(1244, 21, 57, 'Open Calendar Year', 'Open', 18, '2026-04-16 20:15:06');

-- --------------------------------------------------------

--
-- Table structure for table `audit_trail_logon`
--

CREATE TABLE `audit_trail_logon` (
  `Id` int(11) NOT NULL,
  `Community_Id` int(11) DEFAULT NULL,
  `User_Id` int(11) DEFAULT NULL,
  `Logon` datetime DEFAULT NULL,
  `Logoff` datetime DEFAULT NULL
) ENGINE=InnoDB DEFAULT CHARSET=utf8mb4 COLLATE=utf8mb4_unicode_ci;

--
-- Dumping data for table `audit_trail_logon`
--

INSERT INTO `audit_trail_logon` (`Id`, `Community_Id`, `User_Id`, `Logon`, `Logoff`) VALUES
(1, 19, 32, '2026-04-10 20:10:24', '2026-04-10 20:11:35'),
(2, 19, 25, '2026-04-10 20:11:49', '2026-04-10 20:12:05'),
(3, 19, 32, '2026-04-10 22:28:49', '2026-04-10 23:35:09'),
(4, 19, 25, '2026-04-10 23:35:21', NULL),
(5, 19, 25, '2026-04-11 05:23:25', NULL),
(6, 19, 25, '2026-04-11 08:44:37', NULL),
(7, 19, 25, '2026-04-11 08:45:43', '2026-04-11 08:46:48'),
(8, 19, 32, '2026-04-11 08:46:54', '2026-04-11 08:50:35'),
(9, 19, 31, '2026-04-11 08:50:54', '2026-04-11 08:52:15'),
(10, 19, 32, '2026-04-11 08:52:28', '2026-04-11 08:53:19'),
(11, 19, 31, '2026-04-11 08:53:31', '2026-04-11 08:53:56'),
(12, 19, 25, '2026-04-11 08:54:12', NULL),
(13, 19, 32, '2026-04-11 20:38:05', NULL),
(14, 19, 25, '2026-04-12 09:51:29', NULL),
(15, 19, 25, '2026-04-12 13:18:22', NULL),
(16, 19, 32, '2026-04-12 20:12:11', '2026-04-12 20:57:58'),
(17, 19, 31, '2026-04-12 20:58:07', '2026-04-12 20:59:14'),
(18, 19, 32, '2026-04-12 20:59:27', '2026-04-12 20:59:58'),
(19, 19, 31, '2026-04-12 21:00:07', '2026-04-12 21:01:01'),
(20, 19, 25, '2026-04-12 21:01:11', '2026-04-12 21:03:04'),
(21, 19, 32, '2026-04-12 21:03:18', '2026-04-12 21:04:07'),
(22, 19, 31, '2026-04-12 21:04:20', '2026-04-12 21:04:33'),
(23, 19, 25, '2026-04-12 21:04:47', '2026-04-12 21:05:08'),
(24, 19, 32, '2026-04-12 21:05:21', '2026-04-12 21:07:30'),
(25, 19, 31, '2026-04-12 21:07:46', '2026-04-12 21:08:02'),
(26, 19, 25, '2026-04-12 21:08:15', '2026-04-12 21:09:49'),
(27, 19, 32, '2026-04-12 21:10:01', '2026-04-12 21:23:49'),
(28, 19, 25, '2026-04-12 21:24:04', '2026-04-12 21:38:02'),
(29, 19, 32, '2026-04-12 21:38:30', NULL),
(30, 19, 32, '2026-04-13 09:53:34', '2026-04-13 09:55:08'),
(31, 19, 31, '2026-04-13 09:55:21', '2026-04-13 09:55:42'),
(32, 4, 4, '2026-04-13 11:08:39', '2026-04-13 13:05:53'),
(33, 21, 57, '2026-04-13 13:09:18', NULL),
(34, 21, 57, '2026-04-13 17:31:31', NULL),
(35, 21, 57, '2026-04-13 20:50:12', '2026-04-13 20:53:02'),
(36, 21, 59, '2026-04-13 20:53:15', NULL),
(37, 21, 57, '2026-04-14 12:54:29', '2026-04-14 12:54:43'),
(38, 21, 59, '2026-04-14 12:54:59', '2026-04-14 13:57:45'),
(39, 21, 59, '2026-04-14 13:57:55', '2026-04-14 15:19:59'),
(40, 21, 58, '2026-04-14 15:20:15', '2026-04-14 15:27:27'),
(41, 21, 59, '2026-04-14 15:27:38', '2026-04-14 15:29:14'),
(42, 21, 58, '2026-04-14 15:29:24', '2026-04-14 15:30:54'),
(43, 21, 59, '2026-04-14 15:31:07', '2026-04-14 15:31:32'),
(44, 21, 58, '2026-04-14 15:31:43', '2026-04-14 15:33:21'),
(45, 21, 57, '2026-04-14 15:33:33', '2026-04-14 17:06:03'),
(46, 21, 59, '2026-04-14 17:06:48', '2026-04-14 18:39:59'),
(47, 21, 59, '2026-04-14 18:40:11', '2026-04-14 18:41:11'),
(48, 21, 58, '2026-04-14 18:41:22', '2026-04-14 18:41:40'),
(49, 21, 59, '2026-04-14 18:41:54', '2026-04-14 20:51:17'),
(50, 21, 58, '2026-04-14 20:51:32', '2026-04-14 20:54:32'),
(51, 21, 57, '2026-04-14 20:54:51', NULL),
(52, 19, 32, '2026-04-15 02:17:09', '2026-04-15 02:34:57'),
(53, 21, 59, '2026-04-15 06:11:22', '2026-04-15 14:38:02'),
(54, 21, 58, '2026-04-15 14:38:12', '2026-04-15 14:59:41'),
(55, 21, 59, '2026-04-15 14:59:53', '2026-04-15 15:00:14'),
(56, 21, 58, '2026-04-15 15:00:24', '2026-04-15 15:07:54'),
(57, 21, 57, '2026-04-15 15:08:07', NULL),
(58, 21, 57, '2026-04-15 17:02:50', '2026-04-15 17:04:40'),
(59, 21, 57, '2026-04-15 17:23:41', '2026-04-15 18:08:18'),
(60, 21, 57, '2026-04-15 17:58:33', '2026-04-15 19:09:17'),
(61, 19, 32, '2026-04-15 19:09:29', '2026-04-15 19:13:04'),
(62, 21, 57, '2026-04-15 19:13:16', '2026-04-15 19:17:25'),
(63, 19, 32, '2026-04-15 19:17:37', '2026-04-15 19:24:19'),
(64, 21, 57, '2026-04-15 19:24:33', '2026-04-15 20:52:00'),
(65, 21, 57, '2026-04-15 20:52:53', '2026-04-15 20:56:15'),
(66, 21, 59, '2026-04-15 20:56:25', '2026-04-15 21:36:59'),
(67, 21, 58, '2026-04-15 21:37:10', '2026-04-15 21:38:53'),
(68, 21, 57, '2026-04-15 21:39:10', '2026-04-15 21:40:24'),
(69, 21, 59, '2026-04-15 21:40:35', '2026-04-15 22:59:15'),
(70, 21, 58, '2026-04-15 22:59:28', '2026-04-15 23:07:09'),
(71, 21, 59, '2026-04-15 23:07:25', '2026-04-15 23:08:26'),
(72, 21, 58, '2026-04-15 23:08:36', '2026-04-15 23:08:47'),
(73, 21, 57, '2026-04-15 23:08:58', '2026-04-15 23:12:29'),
(74, 21, 59, '2026-04-15 23:12:39', NULL),
(75, 21, 59, '2026-04-15 23:24:02', '2026-04-15 23:32:07'),
(76, 21, 57, '2026-04-15 23:25:35', '2026-04-15 23:35:11'),
(77, 21, 58, '2026-04-15 23:32:16', '2026-04-15 23:33:21'),
(78, 21, 57, '2026-04-15 23:33:31', NULL),
(79, 21, 57, '2026-04-16 07:44:37', '2026-04-16 07:44:57'),
(80, 1, 1, '2026-04-16 07:50:55', '2026-04-16 07:51:44'),
(81, 22, 60, '2026-04-16 07:53:14', '2026-04-16 08:08:22'),
(82, 22, 61, '2026-04-16 08:11:15', '2026-04-16 10:14:02'),
(83, 22, 60, '2026-04-16 10:15:01', '2026-04-16 10:15:50'),
(84, 22, 62, '2026-04-16 10:16:00', '2026-04-16 10:16:49'),
(85, 22, 60, '2026-04-16 10:16:59', '2026-04-16 10:18:59'),
(86, 22, 61, '2026-04-16 10:19:16', '2026-04-16 11:00:13'),
(87, 22, 62, '2026-04-16 11:00:28', '2026-04-16 11:01:05'),
(88, 22, 60, '2026-04-16 11:01:29', '2026-04-16 11:04:05'),
(89, 22, 61, '2026-04-16 11:04:18', '2026-04-16 11:11:00'),
(90, 22, 60, '2026-04-16 11:11:11', '2026-04-16 16:09:39'),
(91, 22, 60, '2026-04-16 12:11:37', '2026-04-16 14:08:41'),
(92, 22, 62, '2026-04-16 16:10:03', '2026-04-16 16:18:17'),
(93, 22, 60, '2026-04-16 16:18:46', '2026-04-16 16:25:59'),
(94, 22, 61, '2026-04-16 16:26:11', '2026-04-16 17:43:33'),
(95, 22, 60, '2026-04-16 16:31:00', '2026-04-16 16:43:13'),
(96, 22, 60, '2026-04-16 16:46:14', NULL),
(97, 22, 62, '2026-04-16 17:43:44', '2026-04-16 17:44:50'),
(98, 22, 60, '2026-04-16 17:45:01', '2026-04-16 19:40:10'),
(99, 21, 59, '2026-04-16 19:40:35', '2026-04-16 20:12:36'),
(100, 21, 57, '2026-04-16 20:12:51', NULL),
(101, 21, 59, '2026-04-16 21:24:02', NULL),
(102, 21, 59, '2026-04-16 21:24:27', '2026-04-16 21:24:35'),
(103, 21, 57, '2026-04-16 21:26:34', NULL),
(104, 21, 57, '2026-04-16 21:44:34', NULL),
(105, 21, 57, '2026-04-16 21:52:43', NULL),
(106, 21, 57, '2026-04-17 02:04:09', '2026-04-17 02:05:41');

-- --------------------------------------------------------

--
-- Table structure for table `banks_tbl`
--

CREATE TABLE `banks_tbl` (
  `Id` int(11) NOT NULL,
  `Community_Id` int(11) NOT NULL,
  `Bank_Code` varchar(50) DEFAULT NULL,
  `Description` varchar(255) NOT NULL,
  `Deposit_Type` varchar(50) NOT NULL,
  `Bank_Account_Number` varchar(50) NOT NULL,
  `Last_Number` varchar(50) NOT NULL
) ENGINE=InnoDB DEFAULT CHARSET=utf8mb4 COLLATE=utf8mb4_unicode_ci;

--
-- Dumping data for table `banks_tbl`
--

INSERT INTO `banks_tbl` (`Id`, `Community_Id`, `Bank_Code`, `Description`, `Deposit_Type`, `Bank_Account_Number`, `Last_Number`) VALUES
(1, 19, 'B0001', 'Cash in Bank BPI 1951-0028-16', 'Checking', 'BPI- 1951-0028-16', 'CM019-1'),
(2, 4, 'B0001', 'Cash in Bank BPI-00-8873-0881-69', 'Savings', 'BPI-00-8873-0881-69', 'CM004-1'),
(3, 1, 'B0001', 'Cash n Bank BDO-000948028870', 'Checking', 'BDO-000948028870', 'CM001-1'),
(4, 20, 'B0001', 'Cash in Bank BPI-1951-0079-82', 'Checking', 'BPI-1951-0079-82', 'CM020-1'),
(5, 14, 'B0001', 'Cash in Bank BPI-2381-0002-68', 'Checking', 'BPI-2381-0002-68', 'CM014-1'),
(6, 17, 'B0001', 'Cash in Bank BPI 002261-0003-02', 'Checking', 'Cash in Bank BPI 002261-0003-02', 'CM017-1'),
(8, 5, 'B0001', 'Cash in Bank BPI FAMILY SAVINGS 7313-0005-45', 'Savings', 'Cash in Bank BPI FAMILY SAVINGS 7313-0005-45', 'CM005-1'),
(9, 10, 'B0001', 'Cash in BPI-8873-0864-09', 'Savings', 'Cash in Bank BPI-8873-0864-09', 'CM010-1'),
(10, 6, 'B0001', 'Cash in Bank BPI-3483-0387-54', 'Savings', 'Cash in Bank BPI-3483-0387-54', 'CM006-1'),
(11, 11, 'B0001', 'Cash in Bank BPI-1033-2050-38', 'Savings', 'Cash in Bank BPI-1033-2050-38', 'CM011-1'),
(12, 3, 'B0001', 'Cash in Bank BPI-1083-5220-42', 'Checking', 'Cash in Bank BPI-1083-5220-42', 'CM003-1'),
(13, 16, 'B0001', 'Cash in Bank BPI-8461-0036-57', 'Checking', 'Cash in Bank BPI-8461-0036-57', 'CM016-1'),
(14, 18, 'B0001', 'Cash in Bank BPI 1091-0052-27', 'Checking', 'Cash in Bank BPI 1091-0052-27', 'CM018-1'),
(15, 12, 'B0001', 'Cash on Hand', 'Savings', 'Cash on Hand', 'CM012-1'),
(16, 2, 'B0001', 'Cash on Hand', 'Savings', 'Cash on Hand', 'CM002-1'),
(17, 21, 'B0001', 'Cash in Bank BPI1951-0028-16', 'Checking', 'Cash in Bank BPI1951-0028-16', 'CM021-1');

-- --------------------------------------------------------

--
-- Table structure for table `business_info_tbl`
--

CREATE TABLE `business_info_tbl` (
  `Id` int(11) NOT NULL,
  `Community_Id` int(11) NOT NULL,
  `Business_Logo` varchar(255) DEFAULT NULL,
  `Address` text DEFAULT NULL,
  `NoOfStreet` varchar(100) DEFAULT NULL,
  `City` varchar(100) DEFAULT NULL,
  `Province` varchar(100) DEFAULT NULL,
  `ZIP_Code` varchar(100) DEFAULT NULL,
  `Phone_Number` varchar(100) DEFAULT NULL,
  `Mobile_Number` varchar(100) DEFAULT NULL,
  `Email_Address` varchar(100) DEFAULT NULL,
  `Website` varchar(100) DEFAULT NULL,
  `TIN` varchar(100) DEFAULT NULL
) ENGINE=InnoDB DEFAULT CHARSET=utf8mb4 COLLATE=utf8mb4_unicode_ci;

--
-- Dumping data for table `business_info_tbl`
--

INSERT INTO `business_info_tbl` (`Id`, `Community_Id`, `Business_Logo`, `Address`, `NoOfStreet`, `City`, `Province`, `ZIP_Code`, `Phone_Number`, `Mobile_Number`, `Email_Address`, `Website`, `TIN`) VALUES
(1, 1, NULL, NULL, NULL, NULL, NULL, NULL, NULL, NULL, NULL, NULL, NULL),
(2, 2, NULL, 'Brgy. Prosperidad', 'No. 175', 'Agusan del Sur', 'Agusan del Sur,', '8500', '', '', 'recoletosdelosarcos@gmail.com', '', '000-556-552-000'),
(3, 3, NULL, NULL, NULL, NULL, NULL, NULL, NULL, NULL, NULL, NULL, NULL),
(4, 4, NULL, 'Casian Island, Taytay, Palawan', 'Casian Island', 'Taytay', 'Palawan', '5312', '', 'NA', 'recoletosdecasian@yahoo.com', 'NA', '000-556-552-000'),
(5, 5, NULL, NULL, NULL, NULL, NULL, NULL, NULL, NULL, NULL, NULL, NULL),
(6, 6, NULL, NULL, NULL, NULL, NULL, NULL, NULL, NULL, NULL, NULL, NULL),
(7, 7, NULL, NULL, NULL, NULL, NULL, NULL, NULL, NULL, NULL, NULL, NULL),
(8, 8, NULL, NULL, NULL, NULL, NULL, NULL, NULL, NULL, NULL, NULL, NULL),
(9, 9, NULL, NULL, NULL, NULL, NULL, NULL, NULL, NULL, NULL, NULL, NULL),
(10, 10, NULL, NULL, NULL, NULL, NULL, NULL, NULL, NULL, NULL, NULL, NULL),
(11, 11, NULL, NULL, NULL, NULL, NULL, NULL, NULL, NULL, NULL, NULL, NULL),
(12, 12, NULL, NULL, NULL, NULL, NULL, NULL, NULL, NULL, NULL, NULL, NULL),
(13, 13, NULL, NULL, NULL, NULL, NULL, NULL, NULL, NULL, NULL, NULL, NULL),
(14, 14, NULL, NULL, NULL, NULL, NULL, NULL, NULL, NULL, NULL, NULL, NULL),
(15, 15, NULL, NULL, NULL, NULL, NULL, NULL, NULL, NULL, NULL, NULL, NULL),
(16, 16, NULL, NULL, NULL, NULL, NULL, NULL, NULL, NULL, NULL, NULL, NULL),
(17, 17, NULL, NULL, NULL, NULL, NULL, NULL, NULL, NULL, NULL, NULL, NULL),
(18, 18, NULL, NULL, NULL, NULL, NULL, NULL, NULL, NULL, NULL, NULL, NULL),
(19, 19, NULL, '24 Neptune Street, Brgy. Bahay Toro, Quezon City', '24 Neptune', 'Quezon City', 'Metro Manila', '1106', '', '09171722232', 'leahcauba@yahoo.com', '', '000-556-552-000'),
(20, 20, NULL, NULL, NULL, NULL, NULL, NULL, NULL, NULL, NULL, NULL, NULL),
(21, 21, NULL, '24 Neptune Street, Brgy. Bahay Toro, Quezon City', '24 NEPTUNE', 'Quezon City', 'Metro Manila', '1106', '09175686116', '09399896433', 'bernabedosdos@yahoo.com', '', '000-556-552-000'),
(22, 22, NULL, NULL, NULL, NULL, NULL, NULL, NULL, NULL, NULL, NULL, NULL);

-- --------------------------------------------------------

--
-- Table structure for table `calendar_tbl`
--

CREATE TABLE `calendar_tbl` (
  `Id` int(11) NOT NULL,
  `Community_Id` int(11) NOT NULL,
  `Year` varchar(50) NOT NULL,
  `Date_From` date NOT NULL,
  `Date_To` date NOT NULL,
  `Is_Current` int(11) NOT NULL,
  `Locked` int(11) NOT NULL
) ENGINE=InnoDB DEFAULT CHARSET=utf8mb4 COLLATE=utf8mb4_unicode_ci;

--
-- Dumping data for table `calendar_tbl`
--

INSERT INTO `calendar_tbl` (`Id`, `Community_Id`, `Year`, `Date_From`, `Date_To`, `Is_Current`, `Locked`) VALUES
(1, 2, '2026', '2026-01-01', '2026-12-31', 1, 0),
(2, 19, '2026', '2026-01-01', '2026-12-31', 1, 0),
(3, 1, '2026', '2026-01-01', '2026-12-31', 1, 0),
(4, 20, '2026', '2026-01-01', '2026-12-31', 1, 0),
(5, 14, '2026', '2026-01-01', '2026-12-31', 1, 0),
(6, 17, '2026', '2026-01-01', '2026-12-31', 1, 0),
(7, 4, '2026', '2026-01-01', '2026-12-31', 1, 0),
(8, 5, '2026', '2026-01-01', '2026-12-31', 1, 0),
(9, 10, '2026', '2026-01-01', '2026-12-31', 1, 0),
(10, 6, '2026', '2026-01-01', '2026-12-31', 1, 0),
(11, 11, '2026', '2026-01-01', '2026-12-31', 1, 0),
(12, 12, '2026', '2026-01-01', '2026-12-31', 1, 0),
(13, 3, '2026', '2026-01-01', '2026-12-31', 1, 0),
(14, 16, '2026', '2026-01-01', '2026-12-31', 1, 0),
(15, 18, '2026', '2026-01-01', '2026-12-31', 1, 0),
(16, 21, '2024', '2024-01-01', '2024-12-31', 0, 1),
(17, 21, '2025', '2025-01-01', '2025-12-31', 0, 1),
(18, 21, '2026', '2026-01-01', '2026-12-31', 1, 0),
(19, 22, '2024', '2024-01-01', '2024-12-31', 0, 1),
(20, 22, '2025', '2025-01-01', '2025-12-31', 0, 1),
(21, 22, '2026', '2026-01-01', '2026-12-31', 1, 0);

-- --------------------------------------------------------

--
-- Table structure for table `cashreceiptposting_account_tbl`
--

CREATE TABLE `cashreceiptposting_account_tbl` (
  `Id` int(11) NOT NULL,
  `CRP_Id` int(11) NOT NULL,
  `Account_Id` int(11) NOT NULL,
  `Debit` double NOT NULL,
  `Credit` double NOT NULL
) ENGINE=InnoDB DEFAULT CHARSET=utf8mb4 COLLATE=utf8mb4_unicode_ci;

--
-- Dumping data for table `cashreceiptposting_account_tbl`
--

INSERT INTO `cashreceiptposting_account_tbl` (`Id`, `CRP_Id`, `Account_Id`, `Debit`, `Credit`) VALUES
(3, 1, 2, 0, 66960),
(4, 1, 3, 66960, 0),
(5, 2, 2, 0, 125000),
(6, 2, 3, 125000, 0);

-- --------------------------------------------------------

--
-- Table structure for table `cashreceiptposting_orlist_tbl`
--

CREATE TABLE `cashreceiptposting_orlist_tbl` (
  `Id` int(11) NOT NULL,
  `CRP_Id` int(11) NOT NULL,
  `Cash_Receipt_Id` int(11) NOT NULL
) ENGINE=InnoDB DEFAULT CHARSET=utf8mb4 COLLATE=utf8mb4_unicode_ci;

--
-- Dumping data for table `cashreceiptposting_orlist_tbl`
--

INSERT INTO `cashreceiptposting_orlist_tbl` (`Id`, `CRP_Id`, `Cash_Receipt_Id`) VALUES
(2, 1, 3),
(3, 2, 2);

-- --------------------------------------------------------

--
-- Table structure for table `cashreceipt_account_tbl`
--

CREATE TABLE `cashreceipt_account_tbl` (
  `Id` int(11) NOT NULL,
  `Cash_Receipt_Id` int(11) NOT NULL,
  `Account_Id` int(11) NOT NULL,
  `Debit` double NOT NULL,
  `Credit` double NOT NULL
) ENGINE=InnoDB DEFAULT CHARSET=utf8mb4 COLLATE=utf8mb4_unicode_ci;

--
-- Dumping data for table `cashreceipt_account_tbl`
--

INSERT INTO `cashreceipt_account_tbl` (`Id`, `Cash_Receipt_Id`, `Account_Id`, `Debit`, `Credit`) VALUES
(7, 1, 26, 0, 10000),
(8, 1, 3, 0, 484678.15),
(9, 1, 30, 534456.39, 0),
(10, 1, 32, 0, 3750),
(11, 1, 37, 0, 31178.65),
(12, 1, 38, 0, 4849.59),
(29, 3, 2, 66960, 0),
(30, 3, 21, 0, 66960),
(51, 5, 2, 1100, 0),
(52, 5, 26, 0, 1100),
(55, 6, 2, 125000, 0),
(56, 6, 24, 0, 125000),
(57, 7, 2, 16500, 0),
(58, 7, 34, 0, 16500),
(59, 8, 2, 61960, 0),
(60, 8, 21, 0, 61960),
(61, 9, 2, 125000, 0),
(62, 9, 24, 0, 125000),
(63, 10, 2, 5000, 0),
(64, 10, 26, 0, 5000),
(67, 2, 2, 125000, 0),
(68, 2, 24, 0, 125000),
(71, 4, 3, 612539.16, 0),
(72, 4, 33, 10000, 0),
(73, 4, 37, 28317.64, 0),
(74, 4, 38, 4849.59, 0),
(75, 4, 32, 3750, 0),
(76, 4, 30, 0, 659456.39),
(77, 11, 2, 34880, 0),
(78, 11, 21, 0, 34880),
(122, 17, 75, 1096294.66, 0),
(123, 17, 161, 47500, 0),
(124, 17, 124, 0, 1208184.39),
(125, 17, 132, 16889.73, 0),
(126, 17, 126, 7500, 0),
(127, 17, 153, 40000, 0),
(134, 18, 1428, 6562.13, 0),
(135, 18, 1393, 416473.35, 0),
(136, 18, 1420, 0, 529656.71),
(137, 18, 1422, 8333.33, 0),
(138, 18, 1427, 24027.53, 0),
(139, 18, 1410, 74260.37, 0),
(140, 19, 1033, 1178584.52, 0),
(141, 19, 1060, 0, 1348012.94),
(142, 19, 1062, 12500, 0),
(143, 19, 1050, 146928.42, 0),
(144, 19, 1476, 10000, 0),
(147, 21, 313, 110983.33, 0),
(148, 21, 340, 0, 113983.33),
(149, 21, 330, 0, 0),
(150, 21, 342, 2500, 0),
(151, 21, 374, 500, 0),
(152, 22, 446, 500, 0),
(153, 22, 412, 0, 61866.67),
(154, 22, 420, 888.25, 0),
(155, 22, 414, 2500, 0),
(156, 22, 385, 46340.49, 0),
(157, 22, 402, 11637.93, 0),
(163, 24, 844, 0, 78675),
(164, 24, 846, 2500, 0),
(165, 24, 817, 44287.85, 0),
(166, 24, 878, 500, 0),
(167, 24, 822, 31387.15, 0),
(178, 30, 1177, 40500, 0),
(179, 30, 1206, 3750, 0),
(180, 30, 1204, 0, 57250),
(181, 30, 1238, 500, 0),
(182, 30, 1233, 12500, 0),
(183, 31, 1321, 277500.55, 0),
(184, 31, 1382, 2000, 0),
(185, 31, 1348, 0, 282000.55),
(186, 31, 1350, 2500, 0),
(189, 32, 312, 35000, 0),
(190, 32, 331, 0, 35000),
(191, 33, 312, 10000, 0),
(192, 33, 336, 0, 10000),
(197, 35, 312, 35000, 0),
(198, 35, 331, 0, 35000),
(199, 34, 340, 0, 151483.33),
(200, 34, 374, 500, 0),
(201, 34, 342, 2500, 0),
(202, 34, 313, 148483.33, 0),
(203, 36, 313, 180983.33, 0),
(204, 36, 342, 2500, 0),
(205, 36, 340, 0, 183983.33),
(206, 36, 374, 500, 0),
(207, 37, 331, 0, 35000),
(208, 37, 312, 35000, 0),
(211, 38, 888, 12000, 0),
(212, 38, 916, 0, 12000),
(213, 39, 916, 0, 12000),
(214, 39, 888, 12000, 0),
(215, 40, 916, 0, 14560.52),
(216, 40, 888, 14560.52, 0),
(219, 41, 1276, 0, 129964.5),
(220, 41, 1249, 129964.5, 0),
(221, 42, 1276, 0, 129964.5),
(222, 42, 1249, 129964.5, 0),
(223, 20, 1276, 0, 129964.5),
(224, 20, 1249, 129964.5, 0),
(225, 43, 208, 6300, 0),
(226, 43, 198, 3750, 0),
(227, 43, 230, 500, 0),
(228, 43, 196, 0, 111950),
(229, 43, 168, 97600, 0),
(230, 43, 218, 3800, 0),
(231, 44, 168, 5000, 0),
(232, 44, 192, 0, 5000),
(233, 45, 168, 7500, 0),
(234, 45, 192, 0, 7500),
(235, 46, 230, 500, 0),
(236, 46, 168, 77700, 0),
(237, 46, 198, 3750, 0),
(238, 46, 218, 3800, 0),
(239, 46, 196, 0, 85750),
(240, 47, 168, 10000, 0),
(241, 47, 187, 0, 10000),
(247, 48, 196, 0, 112997),
(248, 48, 198, 3750, 0),
(249, 48, 230, 500, 0),
(250, 48, 218, 3800, 0),
(251, 48, 168, 104947, 0),
(264, 49, 412, 0, 114366.67),
(265, 49, 420, 888.25, 0),
(266, 49, 446, 500, 0),
(267, 49, 424, 12500, 0),
(268, 49, 414, 2500, 0),
(269, 49, 385, 97978.42, 0),
(270, 50, 424, 12500, 0),
(271, 50, 412, 0, 61866.67),
(272, 50, 446, 500, 0),
(273, 50, 420, 888.25, 0),
(274, 50, 414, 2500, 0),
(275, 50, 385, 45478.42, 0),
(280, 52, 774, 3750, 0),
(281, 52, 784, 12500, 0),
(282, 52, 772, 0, 138150),
(283, 52, 806, 250, 0),
(284, 52, 745, 121650, 0),
(285, 23, 745, 124902.28, 0),
(286, 23, 806, 250, 0),
(287, 23, 772, 0, 140650),
(288, 23, 784, 11747.72, 0),
(289, 23, 774, 3750, 0),
(292, 53, 763, 0, 15000),
(293, 53, 744, 15000, 0),
(304, 55, 744, 15000, 0),
(305, 55, 763, 0, 15000),
(306, 54, 772, 0, 170650),
(307, 54, 774, 3750, 0),
(308, 54, 806, 250, 0),
(309, 54, 784, 9291.94, 0),
(310, 54, 745, 157358.06, 0),
(311, 51, 763, 0, 15000),
(312, 51, 744, 15000, 0),
(317, 56, 1348, 0, 229500.55),
(318, 56, 1382, 2000, 0),
(319, 56, 1321, 225000.55, 0),
(320, 56, 1350, 2500, 0),
(321, 57, 1348, 0, 229500.55),
(322, 57, 1350, 2500, 0),
(323, 57, 1382, 2000, 0),
(324, 57, 1321, 225000.55, 0),
(325, 57, 1348, 0, 0),
(336, 58, 817, 56787.85, 0),
(337, 58, 878, 500, 0),
(338, 58, 846, 2500, 0),
(339, 58, 822, 18887.15, 0),
(340, 58, 844, 0, 78675),
(346, 59, 822, 18887.15, 0),
(347, 59, 846, 2500, 0),
(348, 59, 817, 56787.85, 0),
(349, 59, 844, 0, 78675),
(350, 59, 878, 500, 0),
(351, 60, 484, 0, 146807.5),
(352, 60, 486, 2500, 0),
(353, 60, 518, 500, 0),
(354, 60, 496, 3000, 0),
(355, 60, 457, 140807.5, 0),
(356, 61, 496, 17540.19, 0),
(357, 61, 484, 0, 129481.5),
(358, 61, 518, 250, 0),
(359, 61, 486, 2500, 0),
(360, 61, 457, 109191.31, 0),
(361, 62, 484, 0, 131521.69),
(362, 62, 496, 17540.19, 0),
(363, 62, 457, 111231.5, 0),
(364, 62, 518, 250, 0),
(365, 62, 486, 2500, 0),
(368, 63, 3, 150000, 0),
(369, 63, 30, 0, 150000),
(372, 64, 3, 150000, 0),
(373, 64, 30, 0, 150000),
(374, 65, 3, 100000, 0),
(375, 65, 30, 0, 100000),
(376, 66, 6, 10, 0),
(377, 66, 2, 0, 10),
(386, 67, 1486, 538246.63, 0),
(387, 67, 1514, 0, 670178.36),
(388, 67, 1522, 4849.59, 0),
(389, 67, 1516, 3750, 0),
(390, 67, 1521, 19032.14, 0),
(391, 67, 1502, 75000, 0),
(392, 67, 1561, 3200, 0),
(393, 67, 1517, 25000, 0),
(394, 67, 1562, 1100, 0),
(395, 68, 1486, 125000, 0),
(396, 68, 1508, 0, 125000),
(397, 69, 1486, 79760, 0),
(398, 69, 1505, 0, 79760),
(399, 70, 1486, 485784.63, 0),
(400, 70, 1562, 1062, 0),
(401, 70, 1522, 4849.59, 0),
(402, 70, 1502, 75000, 0),
(403, 70, 1521, 19032.14, 0),
(404, 70, 1517, 25000, 0),
(405, 70, 1516, 3750, 0),
(406, 70, 1561, 3200, 0),
(407, 70, 1514, 0, 617678.36),
(408, 71, 1486, 9200, 0),
(409, 71, 1526, 0, 9200),
(410, 72, 1508, 0, 125000),
(411, 72, 1486, 125000, 0),
(412, 73, 1486, 4000, 0),
(413, 73, 1536, 0, 1500),
(414, 73, 1524, 0, 2500),
(415, 74, 1505, 0, 68714.2),
(416, 74, 1486, 68714.2, 0),
(417, 75, 1561, 3200, 0),
(418, 75, 1514, 0, 1042678.36),
(419, 75, 1486, 910784.63, 0),
(420, 75, 1517, 25000, 0),
(421, 75, 1562, 1062, 0),
(422, 75, 1502, 75000, 0),
(423, 75, 1516, 3750, 0),
(424, 75, 1522, 4849.59, 0),
(425, 75, 1521, 19032.14, 0),
(426, 76, 1486, 125000, 0),
(427, 76, 1508, 0, 125000),
(428, 77, 1510, 0, 3000),
(429, 77, 1486, 3000, 0),
(430, 78, 1486, 83702.8, 0),
(431, 78, 1505, 0, 83702.8),
(432, 79, 1486, 538784.63, 0),
(433, 79, 1521, 19032.14, 0),
(434, 79, 1516, 3750, 0),
(435, 79, 1522, 4849.59, 0),
(436, 79, 1558, 1062, 0),
(437, 79, 1502, 75000, 0),
(438, 79, 1517, 25000, 0),
(439, 79, 1561, 3200, 0),
(440, 79, 1514, 0, 670678.36),
(441, 80, 1486, 125000, 0),
(442, 80, 1508, 0, 125000),
(443, 81, 1522, 4849.59, 0),
(444, 81, 1516, 3750, 0),
(445, 81, 1561, 3200, 0),
(446, 81, 1521, 24522.14, 0),
(447, 81, 1502, 75000, 0),
(448, 81, 1514, 0, 586956.39),
(449, 81, 1562, 1062, 0),
(450, 81, 1486, 474572.66, 0),
(451, 82, 1486, 125000, 0),
(452, 82, 1508, 0, 125000),
(453, 83, 1486, 49760, 0),
(454, 83, 1505, 0, 49760),
(455, 84, 1486, 425732.66, 0),
(456, 84, 1522, 4849.59, 0),
(457, 84, 1521, 20862.14, 0),
(458, 84, 1516, 3750, 0),
(459, 84, 1502, 75000, 0),
(460, 84, 1561, 3200, 0),
(461, 84, 1514, 0, 534456.39),
(462, 84, 1558, 1062, 0),
(463, 85, 1486, 125000, 0),
(464, 85, 1508, 0, 125000),
(465, 86, 1486, 48116.08, 0),
(466, 86, 1505, 0, 48116.08),
(467, 87, 1486, 428982.16, 0),
(468, 87, 1522, 4849.59, 0),
(469, 87, 1561, 3200, 0),
(470, 87, 1516, 3750, 0),
(471, 87, 1517, 10000, 0),
(472, 87, 1502, 75000, 0),
(473, 87, 1514, 0, 549456.39),
(474, 87, 1521, 23674.64, 0),
(475, 88, 1486, 125000, 0),
(476, 88, 1508, 0, 125000),
(477, 89, 1486, 69920, 0),
(478, 89, 1505, 0, 69920),
(479, 90, 1486, 738982.16, 0),
(480, 90, 1516, 3750, 0),
(481, 90, 1522, 4849.59, 0),
(482, 90, 1502, 75000, 0),
(483, 90, 1521, 23674.64, 0),
(484, 90, 1561, 3200, 0),
(485, 90, 1517, 10000, 0),
(486, 90, 1514, 0, 859456.39),
(487, 91, 1486, 125000, 0),
(488, 91, 1508, 0, 125000),
(489, 92, 1486, 53840, 0),
(490, 92, 1505, 0, 53840),
(491, 93, 1521, 23287.15, 0),
(492, 93, 1561, 4000, 0),
(493, 93, 1517, 10000, 0),
(494, 93, 1522, 4849.59, 0),
(495, 93, 1486, 571069.65, 0),
(496, 93, 1514, 0, 616956.39),
(497, 93, 1516, 3750, 0),
(498, 94, 1486, 125000, 0),
(499, 94, 1508, 0, 125000),
(502, 95, 1486, 500, 0),
(503, 95, 1509, 0, 500),
(504, 96, 1505, 0, 22080),
(505, 96, 1486, 22080, 0),
(506, 97, 1522, 4849.59, 0),
(507, 97, 1521, 23287.15, 0),
(508, 97, 1514, 0, 586956.39),
(509, 97, 1486, 541069.65, 0),
(510, 97, 1561, 4000, 0),
(511, 97, 1516, 3750, 0),
(512, 97, 1517, 10000, 0),
(513, 98, 1486, 125000, 0),
(514, 98, 1508, 0, 125000),
(517, 99, 1486, 4000, 0),
(518, 99, 1510, 0, 4000),
(519, 100, 1486, 75780, 0),
(520, 100, 1505, 0, 75780),
(521, 101, 1486, 533569.65, 0),
(522, 101, 1516, 3750, 0),
(523, 101, 1521, 23287.15, 0),
(524, 101, 1514, 0, 579456.39),
(525, 101, 1561, 4000, 0),
(526, 101, 1522, 4849.59, 0),
(527, 101, 1517, 10000, 0),
(528, 102, 1486, 850, 0),
(529, 102, 1510, 0, 850),
(530, 103, 1486, 1150, 0),
(531, 103, 1510, 0, 1150),
(532, 104, 1510, 0, 1100),
(533, 104, 1486, 1100, 0),
(534, 105, 1486, 125000, 0),
(535, 105, 1508, 0, 125000),
(536, 106, 1486, 1400, 0),
(537, 106, 1517, 0, 1400),
(538, 107, 1486, 58100, 0),
(539, 107, 1505, 0, 58100),
(540, 108, 1486, 593569.65, 0),
(541, 108, 1516, 3750, 0),
(542, 108, 1522, 4849.59, 0),
(543, 108, 1517, 10000, 0),
(544, 108, 1514, 0, 639456.39),
(545, 108, 1561, 4000, 0),
(546, 108, 1521, 23287.15, 0),
(547, 109, 1508, 0, 125000),
(548, 109, 1486, 125000, 0),
(549, 110, 1486, 62720, 0),
(550, 110, 1505, 0, 62720),
(551, 111, 1486, 484278.15, 0),
(552, 111, 1562, 4291.5, 0),
(553, 111, 1561, 4000, 0),
(554, 111, 1516, 3750, 0),
(555, 111, 1522, 4849.59, 0),
(556, 111, 1521, 23287.15, 0),
(557, 111, 1517, 10000, 0),
(558, 111, 1514, 0, 534456.39),
(559, 112, 1508, 0, 125000),
(560, 112, 1486, 125000, 0),
(561, 113, 1486, 65308, 0),
(562, 113, 1505, 0, 65308),
(563, 114, 1486, 539639.16, 0),
(564, 114, 1522, 4849.59, 0),
(565, 114, 1516, 3750, 0),
(566, 114, 1561, 4000, 0),
(567, 114, 1521, 23287.15, 0),
(568, 114, 1562, 1430.49, 0),
(569, 114, 1517, 10000, 0),
(570, 114, 1514, 0, 586956.39),
(571, 115, 1486, 125000, 0),
(572, 115, 1508, 0, 125000),
(573, 116, 1486, 10000, 0),
(574, 116, 1510, 0, 10000),
(575, 117, 1486, 54080, 0),
(576, 117, 1505, 0, 54080),
(577, 118, 1486, 56153.2, 0),
(578, 118, 1557, 0, 56153.2),
(579, 119, 1486, 937951.16, 0),
(580, 119, 1522, 4849.59, 0),
(581, 119, 1561, 4000, 0),
(582, 119, 1516, 3750, 0),
(583, 119, 1517, 10000, 0),
(584, 119, 1521, 23287.15, 0),
(585, 119, 1514, 0, 985268.39),
(586, 119, 1562, 1430.49, 0),
(587, 120, 1486, 125000, 0),
(588, 120, 1508, 0, 125000),
(589, 121, 1486, 484678.15, 0),
(590, 121, 1514, 0, 534456.39),
(591, 121, 1517, 10000, 0),
(592, 121, 1522, 4849.59, 0),
(593, 121, 1516, 3750, 0),
(594, 121, 1521, 23287.15, 0),
(595, 121, 1561, 3600, 0),
(596, 121, 1562, 4291.5, 0),
(597, 122, 1486, 66960, 0),
(598, 122, 1505, 0, 66960),
(599, 123, 1486, 612539.16, 0),
(600, 123, 1561, 3600, 0),
(601, 123, 1522, 4849.59, 0),
(602, 123, 1516, 3750, 0),
(603, 123, 1517, 10000, 0),
(604, 123, 1521, 23287.15, 0),
(605, 123, 1562, 1430.49, 0),
(606, 123, 1514, 0, 659456.39),
(607, 124, 1510, 0, 1100),
(608, 124, 1486, 1100, 0),
(609, 125, 1486, 125000, 0),
(610, 125, 1508, 0, 125000),
(611, 126, 1518, 0, 16500),
(612, 126, 1486, 16500, 0),
(613, 127, 1486, 61960, 0),
(614, 127, 1505, 0, 61960),
(615, 128, 1486, 513226.31, 0),
(616, 128, 1522, 4849.59, 0),
(617, 128, 1516, 3750, 0),
(618, 128, 1514, 0, 534456.39),
(619, 128, 1561, 1200, 0),
(620, 128, 1517, 10000, 0),
(621, 128, 1562, 1430.49, 0),
(622, 129, 1486, 125000, 0),
(623, 129, 1508, 0, 125000),
(624, 130, 1486, 5000, 0),
(625, 130, 1510, 0, 5000),
(628, 131, 1486, 34880, 0),
(629, 131, 1505, 0, 34880);

-- --------------------------------------------------------

--
-- Table structure for table `cash_receipts_posting_tbl`
--

CREATE TABLE `cash_receipts_posting_tbl` (
  `Id` int(11) NOT NULL,
  `Community_Id` int(11) NOT NULL,
  `Transaction_Number` varchar(50) NOT NULL,
  `Transaction_Date` date NOT NULL,
  `Particular` varchar(255) NOT NULL,
  `Deposit_Amount` double NOT NULL,
  `Date_Deposited` date NOT NULL,
  `Document` text DEFAULT NULL,
  `Status` int(11) NOT NULL,
  `Calendar_Id` int(11) NOT NULL,
  `Bank_Id` int(11) NOT NULL,
  `Encoded_At` datetime NOT NULL,
  `Encoded_By` int(11) NOT NULL,
  `Verified_At` datetime DEFAULT NULL,
  `Verified_By` int(11) DEFAULT NULL,
  `Approved_At` datetime DEFAULT NULL,
  `Approved_By` int(11) DEFAULT NULL,
  `Last_Update` datetime DEFAULT NULL,
  `Last_Number` varchar(50) NOT NULL,
  `Comments` text NOT NULL
) ENGINE=InnoDB DEFAULT CHARSET=utf8mb4 COLLATE=utf8mb4_unicode_ci;

--
-- Dumping data for table `cash_receipts_posting_tbl`
--

INSERT INTO `cash_receipts_posting_tbl` (`Id`, `Community_Id`, `Transaction_Number`, `Transaction_Date`, `Particular`, `Deposit_Amount`, `Date_Deposited`, `Document`, `Status`, `Calendar_Id`, `Bank_Id`, `Encoded_At`, `Encoded_By`, `Verified_At`, `Verified_By`, `Approved_At`, `Approved_By`, `Last_Update`, `Last_Number`, `Comments`) VALUES
(1, 19, 'CRP-001', '2026-02-03', 'To record deposit per OR number 2640', 66960, '2026-02-03', NULL, 3, 2, 1, '2026-02-05 10:19:14', 32, '2026-02-05 13:30:45', 31, '2026-02-05 15:29:06', 25, '2026-04-06 19:26:01', 'CM019-1', ''),
(2, 19, 'CRP-002', '2026-01-16', 'parish contribution for Jan. 2026.', 125000, '2026-01-23', NULL, 1, 2, 1, '2026-01-18 10:01:27', 32, '2026-01-18 13:38:46', NULL, '2026-01-18 15:24:53', NULL, '2026-04-06 15:37:17', 'CM019-2', '');

-- --------------------------------------------------------

--
-- Table structure for table `cash_receipts_tbl`
--

CREATE TABLE `cash_receipts_tbl` (
  `Id` int(11) NOT NULL,
  `Community_Id` int(11) NOT NULL,
  `Transaction_Number` varchar(50) NOT NULL,
  `Transaction_Date` date NOT NULL,
  `Payor_Id` int(11) NOT NULL,
  `Client_Id` int(11) NOT NULL,
  `Particular` text NOT NULL,
  `Payment_Type` varchar(50) NOT NULL,
  `OR_Number` varchar(50) NOT NULL,
  `Amount_In_Cash` double NOT NULL,
  `Amount_In_Check` double NOT NULL,
  `Amount_In_DirectDeposit` double NOT NULL,
  `Check_Number` varchar(50) DEFAULT NULL,
  `Check_Date` date DEFAULT NULL,
  `Bank_Check` varchar(100) DEFAULT NULL,
  `Check_Status` varchar(50) DEFAULT NULL,
  `Document` text DEFAULT NULL,
  `Status` varchar(50) NOT NULL,
  `Calendar_Id` int(11) DEFAULT NULL,
  `Bank_Id` int(11) DEFAULT NULL,
  `Encoded_At` datetime NOT NULL,
  `Encoded_By` int(11) NOT NULL,
  `Verified_At` datetime DEFAULT NULL,
  `Verified_By` int(11) DEFAULT NULL,
  `Approved_At` datetime DEFAULT NULL,
  `Approved_By` int(11) DEFAULT NULL,
  `Last_Update` datetime DEFAULT NULL,
  `Last_Number` varchar(50) NOT NULL,
  `Comments` text NOT NULL
) ENGINE=InnoDB DEFAULT CHARSET=utf8mb4 COLLATE=utf8mb4_unicode_ci;

--
-- Dumping data for table `cash_receipts_tbl`
--

INSERT INTO `cash_receipts_tbl` (`Id`, `Community_Id`, `Transaction_Number`, `Transaction_Date`, `Payor_Id`, `Client_Id`, `Particular`, `Payment_Type`, `OR_Number`, `Amount_In_Cash`, `Amount_In_Check`, `Amount_In_DirectDeposit`, `Check_Number`, `Check_Date`, `Bank_Check`, `Check_Status`, `Document`, `Status`, `Calendar_Id`, `Bank_Id`, `Encoded_At`, `Encoded_By`, `Verified_At`, `Verified_By`, `Approved_At`, `Approved_By`, `Last_Update`, `Last_Number`, `Comments`) VALUES
(1, 19, 'CR-001', '2026-01-06', 5, 5, 'Subsidy for the month of January 2026', 'Check', '2638', 0, 0, 484678.15, '', NULL, '', '', 'jan_subsidy-20260406143259_69d3539bb3ff1.jpg', '3', 2, 1, '2026-01-08 09:22:26', 32, '2026-01-08 13:41:46', 31, '2026-01-08 15:12:52', 25, '2026-04-06 14:34:30', 'CM019-1', ''),
(2, 19, 'CR-002', '2026-01-16', 3, 3, 'SNDT Parish contribution for the month of January 2026.', 'Check', '2639', 0, 125000, 0, '1099709', '2026-01-15', 'bdo', '', 'or_2639-20260408103853_69d5bfbd1a4d0.jpg', '3', 2, NULL, '2026-01-18 09:20:35', 32, '2026-01-18 13:55:00', 31, '2026-01-18 15:28:49', 25, '2026-04-08 13:05:55', 'CM019-2', ''),
(3, 19, 'CR-003', '2026-01-30', 6, 6, 'Ministerial for January 2026', 'Cash', '2640', 66960, 0, 0, '', NULL, '', '', 'or_2640-20260408103918_69d5bfd692838.jpg', '3', 2, NULL, '2026-02-01 09:21:10', 32, '2026-02-01 13:32:02', 31, '2026-02-01 15:38:08', 25, '2026-04-08 13:06:01', 'CM019-3', ''),
(4, 19, 'CR-004', '2026-02-06', 5, 5, 'Subsidy for February 2026.', 'Deposit', '2641', 0, 0, 612539.16, '', NULL, '', '', 'attachment1-20260408124655_69d5ddbf9112a.pdf', '3', 2, 1, '2026-02-08 10:57:39', 32, '2026-02-08 13:58:53', 31, '2026-02-08 16:53:32', 25, '2026-04-08 13:06:06', 'CM019-4', ''),
(5, 19, 'CR-005', '2026-02-09', 4, 4, 'Donation for the used of grandia.', 'Cash', '2643', 1100, 0, 0, '', NULL, '', '', 'or_2643-20260408103357_69d5be95d4f2b.jpg', '3', 2, 1, '2026-02-11 10:21:32', 32, '2026-02-11 13:05:36', 31, '2026-02-11 15:12:55', 25, '2026-04-08 13:06:11', 'CM019-5', ''),
(6, 19, 'CR-006', '2026-02-16', 3, 3, 'Parish contribution for the month of  Feb. 2026.', 'Check', '2644', 0, 125000, 0, '1099743', '2026-02-13', 'bdo', '', 'or_2644-20260408105103_69d5c2972f1fc.jpg', '3', 2, 1, '2026-02-18 08:46:31', 32, '2026-02-18 13:58:09', 31, '2026-02-18 15:08:31', 25, '2026-04-08 13:06:16', 'CM019-6', ''),
(7, 19, 'CR-007', '2026-02-16', 7, 7, 'participation of food for the breakfast.', 'Cash', '2645', 16500, 0, 0, '', NULL, '', '', 'or_2645-20260408114247_69d5ceb798380.jpg', '3', 2, 1, '2026-02-18 09:20:27', 32, '2026-02-18 13:01:19', 31, '2026-02-18 16:32:22', 25, '2026-04-08 13:06:21', 'CM019-7', ''),
(8, 19, 'CR-008', '2026-02-27', 6, 6, 'Ministerial box for the month of February 2026.', 'Cash', '2646', 61960, 0, 0, '', NULL, '', '', 'attachment2-20260408124821_69d5de15c2ada.pdf', '3', 2, 1, '2026-03-01 10:20:50', 32, '2026-03-01 13:36:10', 31, '2026-03-01 16:20:00', 25, '2026-04-08 13:06:25', 'CM019-8', ''),
(9, 19, 'CR-009', '2026-03-11', 3, 3, 'Parish contribution for the month of march 2026.', 'Check', '2648', 0, 125000, 0, '1099767', '2026-03-09', 'bdo', '', 'attachment3-20260408124915_69d5de4b93f90.pdf', '3', 2, 1, '2026-03-13 09:34:30', 32, '2026-03-13 13:37:30', 31, '2026-03-13 16:06:04', 25, '2026-04-08 13:06:30', 'CM019-9', ''),
(10, 19, 'CR-010', '2026-03-09', 4, 4, 'Donation for the used of the car.', 'Cash', '2649', 5000, 0, 0, '', NULL, '', '', 'or_4649-20260408125150_69d5dee6f3d12.jpg', '3', 2, 1, '2026-03-11 10:37:59', 32, '2026-03-11 13:44:12', 31, '2026-03-11 15:06:09', 25, '2026-04-08 13:06:35', 'CM019-10', ''),
(11, 19, 'CR-011', '2026-03-31', 6, 6, 'Ministerial for the month of March 2026.', 'Cash', '2650', 34880, 0, 0, '', NULL, '', '', 'attachment4-20260408130347_69d5e1b3b8d13.pdf', '3', 2, 1, '2026-04-02 08:08:13', 32, '2026-04-02 13:04:27', 31, '2026-04-02 15:28:12', 25, '2026-04-08 13:06:39', 'CM019-11', ''),
(17, 1, 'CR-001', '2026-01-05', 16, 16, 'To record subsidy for the month of January 2026', 'Deposit', '0100', 0, 0, 1096294.66, '', NULL, '', '', 'unknown_35-20260409142504_69d74640e9b56.jpg', '3', 3, 3, '2026-04-09 14:25:04', 34, '2026-04-09 14:26:01', 33, '2026-04-09 14:26:30', 1, '2026-04-09 14:26:30', 'CM001-1', 'Edit Direct Deposit amount. It should be 1,096,294.66'),
(18, 20, 'CR-001', '2026-01-02', 18, 18, 'To record subsidy for the month of January 2026', 'Deposit', '0226', 0, 0, 416473.35, '', NULL, '', '', 'unknown_37-20260409145817_69d74e0955362.jpg', '3', 4, 4, '2026-04-09 14:58:17', 39, '2026-04-09 14:59:02', 38, '2026-04-09 15:00:43', 29, '2026-04-09 15:00:43', 'CM020-1', 'Re-scan the attachment'),
(19, 14, 'CR-001', '2026-01-02', 19, 19, 'To record subsidy for the month of January 2026', 'Deposit', '10051', 0, 0, 1178584.52, '', '0001-01-01', '', '', NULL, '0', 5, 5, '2026-04-09 15:46:52', 41, NULL, NULL, NULL, NULL, '2026-04-09 15:46:52', 'CM014-1', 'No Attachment'),
(20, 17, 'CR-001', '2026-01-02', 20, 20, 'To record subsidy for the month of January 2026', 'Deposit', '0301', 0, 0, 129964.5, '', NULL, '', '', 'unknown_38-20260409155847_69d75c3736d86.jpg', '3', 6, 6, '2026-01-04 09:26:46', 42, '2026-01-04 13:05:14', 27, '2026-01-04 16:58:47', 27, '2026-04-10 09:24:30', 'CM017-1', ''),
(21, 4, 'CR-001', '2026-01-02', 8, 8, 'To record subsidy for the month of January 2026', 'Deposit', '751', 0, 0, 110983.33, '', NULL, '', '', 'unknown_39-20260409160841_69d75e8937a08.jpg', '3', 7, 2, '2026-01-04 10:51:25', 4, '2026-01-04 13:03:23', 4, '2026-01-04 15:51:00', 4, '2026-04-09 23:33:29', 'CM004-1', ''),
(22, 5, 'CR-001', '2026-01-02', 21, 21, 'To record deposit for the month of January 2026', 'Deposit', '0851', 0, 0, 46340.49, '', NULL, '', '', 'unknown_40-20260409162756_69d7630c31845.jpg', '3', 8, 8, '2026-01-04 09:08:27', 44, '2026-01-04 13:54:01', 43, '2026-01-04 15:43:19', 5, '2026-04-09 16:30:21', 'CM005-1', ''),
(23, 10, 'CR-001', '2026-01-02', 22, 22, 'To record subsidy for the month of January 2026', 'Deposit', '8951', 0, 0, 124902.28, '', NULL, '', '', 'unknown_57-20260410141158_69d894aec2365.jpg', '3', 9, 9, '2026-01-04 08:01:27', 46, '2026-01-04 13:48:36', 45, '2026-01-04 15:03:12', 10, '2026-04-10 14:49:19', 'CM010-1', ''),
(24, 11, 'CR-001', '2026-01-02', 12, 12, 'To record subsidy for the month of January 2026', 'Deposit', '9152', 0, 0, 44287.85, '', NULL, '', '', 'unknown_41-20260409171217_69d76d71cb421.jpg', '3', 11, 11, '2026-01-04 10:54:10', 37, '2026-01-04 13:07:21', 36, '2026-01-04 16:25:12', 21, '2026-04-10 16:55:00', 'CM011-1', ''),
(30, 16, 'CR-001', '2026-01-02', 25, 25, 'To record subsidy for the month of January 2026', 'Deposit', '8910', 0, 0, 40500, '', NULL, '', '', NULL, '1', 14, 13, '2026-04-09 17:57:39', 52, NULL, NULL, NULL, NULL, '2026-04-09 17:57:39', 'CM016-1', ''),
(31, 18, 'CR-001', '2026-01-02', 26, 26, 'To record subsidy for January 2026', 'Deposit', '10001', 0, 0, 277500.55, '', NULL, '', '', 'unknown_42-20260409181349_69d77bddcea3b.jpg', '3', 15, 14, '2026-01-04 08:46:38', 54, '2026-01-04 13:12:52', 53, '2026-01-04 15:35:33', 28, '2026-04-09 18:15:55', 'CM018-1', ''),
(32, 4, 'CR-002', '2026-01-30', 9, 9, 'To record ministerial fund from Parish', 'Cash', '752', 35000, 0, 0, '', NULL, '', '', NULL, '3', 7, NULL, '2026-02-01 10:52:04', 35, '2026-02-01 13:30:17', 4, '2026-02-01 16:18:42', 4, '2026-04-10 00:17:57', 'CM004-2', ''),
(33, 4, 'CR-003', '2026-01-30', 10, 10, 'To record donations', 'Cash', '753', 10000, 0, 0, '', NULL, '', '', NULL, '3', 7, NULL, '2026-02-01 10:17:46', 35, '2026-02-01 13:51:33', 4, '2026-02-01 15:00:02', 4, '2026-04-10 00:18:08', 'CM004-3', ''),
(34, 4, 'CR-004', '2026-02-03', 8, 8, 'To record subsidy for the Month of February 2026', 'Deposit', '754', 0, 0, 148483.33, '', NULL, '', '', 'unknown_43-20260409234230_69d7c8e6cdf77.jpg', '3', 7, 2, '2026-02-05 09:16:18', 35, '2026-02-05 13:07:07', 4, '2026-02-05 15:38:34', 4, '2026-04-10 00:18:22', 'CM004-4', ''),
(35, 4, 'CR-005', '2026-02-27', 9, 9, 'To record Ministerial for February 2026', 'Cash', '755', 35000, 0, 0, '', NULL, '', '', NULL, '3', 7, NULL, '2026-03-01 08:45:11', 35, '2026-03-01 13:17:28', 4, '2026-03-01 16:24:21', 4, '2026-04-10 00:18:32', 'CM004-5', ''),
(36, 4, 'CR-006', '2026-03-03', 8, 8, 'To record Subsidy for the Month of March 2026', 'Deposit', '756', 0, 0, 180983.33, '', NULL, '', '', 'unknown_44-20260409235048_69d7cad8315a9.jpg', '3', 7, 2, '2026-03-05 09:55:22', 35, '2026-03-05 13:05:45', 4, '2026-03-05 16:06:54', 4, '2026-04-10 00:18:41', 'CM004-6', ''),
(37, 4, 'CR-007', '2026-03-31', 10, 10, 'To record stipend for the Month of March 2026', 'Cash', '757', 35000, 0, 0, '', NULL, '', '', NULL, '3', 7, NULL, '2026-04-02 09:29:54', 35, '2026-04-02 13:49:28', 4, '2026-04-02 16:14:57', 4, '2026-04-10 00:18:57', 'CM004-7', ''),
(38, 12, 'CR-001', '2026-01-02', 24, 24, 'Allowance for the Month of January 2026', 'Cash', '1951', 12000, 0, 0, '', NULL, '', '', 'unknown_45-20260410082240_69d842d05ace9.jpg', '3', 12, NULL, '2026-01-04 09:56:54', 49, '2026-01-04 13:22:24', 48, '2026-01-04 16:50:15', 22, '2026-04-10 08:49:56', 'CM012-1', ''),
(39, 12, 'CR-002', '2026-04-10', 24, 24, 'to record allowance for February 2026', 'Cash', '1952', 12000, 0, 0, '', NULL, '', '', 'unknown_46-20260410082523_69d84373dec4e.jpg', '3', 12, NULL, '2026-04-12 09:25:16', 49, '2026-04-12 13:36:44', 48, '2026-04-12 16:16:52', 22, '2026-04-10 08:49:49', 'CM012-2', ''),
(40, 12, 'CR-003', '2026-03-03', 24, 24, 'Allowance for March 2026', 'Cash', '1953', 14560.52, 0, 0, '', NULL, '', '', 'unknown_47-20260410082941_69d8447528dd4.jpg', '3', 12, NULL, '2026-03-05 09:05:51', 49, '2026-03-05 13:54:27', 48, '2026-03-05 15:52:55', 22, '2026-04-10 08:49:44', 'CM012-3', ''),
(41, 17, 'CR-002', '2026-02-03', 20, 20, 'Subsidy for the Month of February 2026', 'Deposit', '0302', 0, 0, 129964.5, '', NULL, '', '', 'unknown_48-20260410090124_69d84be40e0bf.jpg', '3', 6, 6, '2026-02-05 10:03:48', 42, '2026-02-05 13:28:10', 27, '2026-02-05 15:34:05', 27, '2026-04-10 09:24:18', 'CM017-2', ''),
(42, 17, 'CR-003', '2026-03-02', 20, 20, 'Subsidy for the Month of March 2026', 'Deposit', '0303', 0, 0, 129964.5, '', NULL, '', '', 'unknown_49-20260410090335_69d84c674095c.jpg', '3', 6, 6, '2026-03-04 08:02:08', 42, '2026-03-04 13:12:26', 27, '2026-03-04 15:00:02', 27, '2026-04-10 09:24:07', 'CM017-3', ''),
(43, 2, 'CR-001', '2026-01-02', 2, 2, 'To record subisdy for the Month of January 2026', 'Cash', '0801', 97600, 0, 0, '', NULL, '', '', 'unknown_50-20260410114542_69d8726697280.jpg', '3', 1, NULL, '2026-01-04 09:20:03', 56, '2026-01-04 13:14:16', 55, '2026-01-04 16:42:42', 2, '2026-04-10 12:43:59', 'CM002-1', ''),
(44, 2, 'CR-002', '2026-01-21', 27, 27, 'To record donation', 'Cash', '0802', 5000, 0, 0, '', NULL, '', '', NULL, '3', 1, NULL, '2026-01-23 09:41:44', 56, '2026-01-23 13:15:30', 55, '2026-01-23 16:11:34', 2, '2026-04-10 12:43:52', 'CM002-2', ''),
(45, 2, 'CR-003', '2026-01-30', 1, 1, 'To record ministerial for the Month of January 2026', 'Cash', '0803', 7500, 0, 0, '', NULL, '', '', NULL, '3', 1, NULL, '2026-02-01 08:37:14', 56, '2026-02-01 13:14:42', 55, '2026-02-01 16:12:40', 2, '2026-04-10 12:43:46', 'CM002-3', ''),
(46, 2, 'CR-004', '2026-02-04', 2, 2, 'To record subsidy for the Month of February 2026', 'Cash', '0804', 77700, 0, 0, '', NULL, '', '', 'unknown_51-20260410115842_69d87572163c6.jpg', '3', 1, NULL, '2026-02-06 08:52:35', 56, '2026-02-06 13:38:38', 55, '2026-02-06 15:41:17', 2, '2026-04-10 12:43:40', 'CM002-4', ''),
(47, 2, 'CR-005', '2026-02-27', 1, 1, 'Ministerial for February 2026', 'Cash', '0805', 10000, 0, 0, '', NULL, '', '', NULL, '3', 1, NULL, '2026-03-01 10:21:52', 56, '2026-03-01 13:54:30', 55, '2026-03-01 15:21:19', 2, '2026-04-10 12:43:33', 'CM002-5', ''),
(48, 2, 'CR-006', '2026-03-03', 2, 2, 'To record subsidy for the Month of March 2026', 'Cash', '0806', 104947, 0, 0, '', NULL, '', '', 'unknown_52-20260410120328_69d876902f8ec.jpg', '3', 1, NULL, '2026-03-05 08:29:21', 56, '2026-03-05 13:16:57', 55, '2026-03-05 16:50:50', 2, '2026-04-10 12:43:23', 'CM002-6', ''),
(49, 5, 'CR-002', '2026-02-03', 21, 21, 'Ministerial for the Month of January 2026', 'Deposit', '0852', 0, 0, 97978.42, '', NULL, '', '', 'unknown_53-20260410125529_69d882c1d4f23.jpg', '3', 8, 8, '2026-02-05 08:18:40', 44, '2026-02-05 13:26:09', 43, '2026-02-05 16:44:14', 5, '2026-04-10 13:53:50', 'CM005-2', ''),
(50, 5, 'CR-003', '2026-03-03', 21, 21, 'Subsidy for the Month of March 2026', 'Deposit', '0853', 0, 0, 45478.42, '', NULL, '', '', 'unknown_55-20260410132619_69d889fb6e2c5.jpg', '3', 8, 8, '2026-03-05 08:06:19', 44, '2026-03-05 13:34:11', 43, '2026-03-05 16:29:13', 5, '2026-04-10 13:53:45', 'CM005-3', ''),
(51, 10, 'CR-002', '2026-01-30', 29, 29, 'Miniterial/Stipend for January 2026', 'Cash', '8952', 15000, 0, 0, '', NULL, '', '', NULL, '3', 9, NULL, '2026-02-01 10:06:35', 46, '2026-02-01 13:26:09', 45, '2026-02-01 15:08:20', 10, '2026-04-10 14:49:15', 'CM010-2', ''),
(52, 10, 'CR-003', '2026-02-03', 22, 22, 'Subsidy for the month of February 2026', 'Deposit', '8953', 0, 0, 121650, '', NULL, '', '', 'unknown_56-20260410141055_69d8946fe5e85.jpg', '3', 9, 9, '2026-02-05 08:07:14', 46, '2026-02-05 13:59:32', 45, '2026-02-05 16:40:53', 10, '2026-04-10 14:49:10', 'CM010-3', ''),
(53, 10, 'CR-004', '2026-02-27', 29, 29, 'Ministerial/Stipend for February 2026', 'Cash', '8954', 15000, 0, 0, '', NULL, '', '', NULL, '3', 9, NULL, '2026-03-01 08:40:52', 46, '2026-03-01 13:36:46', 45, '2026-03-01 15:46:01', 10, '2026-04-10 14:49:06', 'CM010-4', ''),
(54, 10, 'CR-005', '2026-03-02', 22, 22, 'Subsidy for the Month of March 2026', 'Deposit', '8955', 0, 0, 154150, '', NULL, '', '', 'unknown_58-20260410141905_69d89659b7016.jpg', '3', 9, 9, '2026-03-04 08:14:11', 46, '2026-03-04 13:14:37', 45, '2026-03-04 16:57:52', 10, '2026-04-10 14:48:58', 'CM010-5', ''),
(55, 10, 'CR-006', '2026-03-30', 29, 29, 'Ministerial/Stipend for March 2026', 'Cash', '8956', 15000, 0, 0, '', NULL, '', '', NULL, '3', 9, NULL, '2026-04-01 08:32:22', 46, '2026-04-01 13:57:09', 45, '2026-04-01 15:26:52', 10, '2026-04-10 14:48:46', 'CM010-6', ''),
(56, 18, 'CR-002', '2026-02-02', 26, 26, 'To record subsidy for the Month of February 2026', 'Deposit', '10002', 0, 0, 225000.55, '', NULL, '', '', 'unknown_59-20260410155402_69d8ac9a4ce70.jpg', '3', 15, 14, '2026-02-04 10:30:44', 54, '2026-02-04 13:17:53', 53, '2026-02-04 16:57:29', 28, '2026-04-10 16:25:55', 'CM018-2', ''),
(57, 18, 'CR-003', '2026-03-02', 26, 26, 'Subsidy for March 2026', 'Deposit', '10003', 0, 0, 225000.55, '', NULL, '', '', 'unknown_60-20260410155704_69d8ad50dd65e.jpg', '3', 15, 14, '2026-03-04 08:00:07', 54, '2026-03-04 13:03:58', 53, '2026-03-04 15:39:26', 28, '2026-04-10 16:25:48', 'CM018-3', ''),
(58, 11, 'CR-002', '2026-02-03', 12, 12, 'To record subsidy for February 2026', 'Deposit', '9153', 0, 0, 56787.85, '', NULL, '', '', 'unknown_61-20260410163520_69d8b648e9337.jpg', '3', 11, 11, '2026-02-05 08:32:51', 37, '2026-02-05 13:46:57', 36, '2026-02-05 15:43:47', 21, '2026-04-10 16:54:55', 'CM011-2', ''),
(59, 11, 'CR-003', '2026-03-02', 12, 12, 'Subsidy for the month of March 2026', 'Deposit', '9154', 0, 0, 56787.85, '', NULL, '', '', 'unknown_62-20260410163941_69d8b74dec444.jpg', '3', 11, 11, '2026-03-04 09:25:55', 37, '2026-03-04 13:17:30', 36, '2026-03-04 15:03:13', 21, '2026-04-10 16:54:47', 'CM011-3', ''),
(60, 6, 'CR-001', '2026-01-05', 23, 23, 'Subsidy for the month of January 2026', 'Deposit', '651', 0, 0, 140807.5, '', NULL, '', '', NULL, '3', 10, 10, '2026-01-07 08:47:02', 47, '2026-01-07 13:38:06', 6, '2026-01-07 15:47:02', 6, '2026-04-10 17:30:16', 'CM006-1', ''),
(61, 6, 'CR-002', '2026-02-03', 23, 23, 'To record subsidy for the Month of February 2026', 'Deposit', '652', 0, 0, 109191.31, '', NULL, '', '', NULL, '3', 10, 10, '2026-02-05 08:09:43', 47, '2026-02-05 13:05:40', 6, '2026-02-05 15:37:13', 6, '2026-04-10 17:30:05', 'CM006-2', ''),
(62, 6, 'CR-003', '2026-03-03', 23, 23, 'To record subsidy for the month of March 2026', 'Deposit', '653', 0, 0, 111231.5, '', NULL, '', '', NULL, '3', 10, 10, '2026-03-05 08:48:12', 47, '2026-03-05 13:24:30', 6, '2026-03-05 15:28:37', 6, '2026-04-10 17:29:52', 'CM006-3', ''),
(63, 19, 'CR-012', '2026-04-11', 5, 5, 'Subsidy for April 2026', 'Deposit', '100001', 0, 0, 150000, '', NULL, '', '', '1-20260411085312_69d99b781a9c3.png', '3', 2, 1, '2026-04-11 08:53:12', 32, '2026-04-11 08:53:49', 31, '2026-04-11 08:54:46', 25, '2026-04-11 08:54:46', 'CM019-12', 'Please attached deposit slip'),
(64, 19, 'CR-013', '2026-04-12', 5, 5, 'To record Subsidy for the month of April 2026', 'Deposit', '1001', 0, 0, 150000, '', NULL, '', '', 'screenshot_2026_04_11_at_75443___pm-20260412205952_69db9748d4390.png', '3', 2, 1, '2026-04-12 20:59:52', 32, '2026-04-12 21:00:53', 31, '2026-04-12 21:01:33', 25, '2026-04-12 21:01:33', 'CM019-13', 'Please attach OR'),
(65, 19, 'CR-014', '2026-04-12', 5, 5, 'subsidy', 'Deposit', '1002', 0, 0, 100000, '', NULL, '', '', NULL, '3', 2, NULL, '2026-04-12 21:04:01', 32, '2026-04-12 21:04:29', 31, '2026-04-12 21:04:56', 25, '2026-04-12 21:04:56', 'CM019-14', ''),
(66, 19, 'CR-015', '2026-04-12', 6, 6, 'AAAA', 'Cash', 'AAAA', 10, 10, 10, '10', '2026-04-07', 'AA', 'AA', NULL, '1', 2, NULL, '2026-04-12 22:56:11', 32, NULL, NULL, NULL, NULL, '2026-04-12 22:56:11', 'CM019-15', ''),
(67, 21, 'CR-001', '2024-10-01', 30, 30, 'Subsidy for October 2024', 'Deposit', '2580', 0, 0, 538246.63, '', NULL, '', '', NULL, '3', 16, 17, '2026-04-14 13:03:34', 59, '2026-04-14 15:23:47', 58, '2026-04-14 15:38:48', 57, '2026-04-14 15:38:48', 'CM021-1', ''),
(68, 21, 'CR-002', '2024-10-22', 31, 31, 'Parish Contribution ', 'Deposit', '2581', 0, 0, 125000, '', NULL, '', '', NULL, '3', 16, 17, '2026-04-14 13:06:42', 59, '2026-04-14 15:24:06', 58, '2026-04-14 15:38:44', 57, '2026-04-14 15:38:44', 'CM021-2', ''),
(69, 21, 'CR-003', '2024-10-22', 32, 32, 'Ministerial for October 2024', 'Deposit', '2582', 0, 0, 79760, '', NULL, '', '', NULL, '3', 16, 17, '2026-04-14 13:08:19', 59, '2026-04-14 15:24:40', 58, '2026-04-14 15:38:38', 57, '2026-04-14 15:38:38', 'CM021-3', ''),
(70, 21, 'CR-004', '2024-11-06', 30, 30, 'Subsidy for November 2024', 'Deposit', '2583', 0, 0, 485784.63, '', NULL, '', '', NULL, '3', 16, 17, '2026-04-14 13:14:55', 59, '2026-04-14 15:25:06', 58, '2026-04-14 15:38:33', 57, '2026-04-14 15:38:33', 'CM021-4', ''),
(71, 21, 'CR-005', '2024-11-07', 33, 33, 'Refund for his plane ticket', 'Deposit', '2584', 0, 0, 9200, '', NULL, '', '', NULL, '3', 16, 17, '2026-04-14 13:18:16', 59, '2026-04-14 15:25:19', 58, '2026-04-14 15:38:29', 57, '2026-04-14 15:38:29', 'CM021-5', ''),
(72, 21, 'CR-006', '2024-11-13', 31, 31, 'Parish Contribution for November 2024', 'Deposit', '2585', 0, 0, 125000, '', NULL, '', '', NULL, '3', 16, 17, '2026-04-14 13:20:03', 59, '2026-04-14 15:25:31', 58, '2026-04-14 15:38:24', 57, '2026-04-14 15:38:24', 'CM021-6', ''),
(73, 21, 'CR-007', '2024-11-13', 34, 34, 'Returned of Allowance and Load Allowance', 'Deposit', '2586', 0, 0, 4000, '', NULL, '', '', NULL, '3', 16, 17, '2026-04-14 13:22:02', 59, '2026-04-14 15:25:40', 58, '2026-04-14 15:38:20', 57, '2026-04-14 15:38:20', 'CM021-7', ''),
(74, 21, 'CR-008', '2024-11-30', 32, 32, 'Ministerial for November 2024', 'Deposit', '2587', 0, 0, 68714.2, '', NULL, '', '', NULL, '3', 16, 17, '2026-04-14 13:23:10', 59, '2026-04-14 15:25:51', 58, '2026-04-14 15:38:15', 57, '2026-04-14 15:38:15', 'CM021-8', ''),
(75, 21, 'CR-009', '2024-12-05', 30, 30, 'Subsidy for December 2024', 'Deposit', '2588', 0, 0, 910784.63, '', NULL, '', '', NULL, '3', 16, 17, '2026-04-14 13:26:30', 59, '2026-04-14 15:26:05', 58, '2026-04-14 15:38:11', 57, '2026-04-14 15:38:11', 'CM021-9', ''),
(76, 21, 'CR-010', '2024-12-13', 31, 31, 'Parish Contribution', 'Deposit', '2589', 0, 0, 125000, '', NULL, '', '', NULL, '3', 16, 17, '2026-04-14 13:27:23', 59, '2026-04-14 15:26:11', 58, '2026-04-14 15:38:07', 57, '2026-04-14 15:38:07', 'CM021-10', ''),
(77, 21, 'CR-011', '2024-12-18', 35, 35, 'Donation', 'Deposit', '2590', 0, 0, 3000, '', NULL, '', '', NULL, '3', 16, 17, '2026-04-14 13:28:19', 59, '2026-04-14 15:26:19', 58, '2026-04-14 15:38:02', 57, '2026-04-14 15:38:02', 'CM021-11', ''),
(78, 21, 'CR-012', '2024-12-27', 32, 32, 'Ministerial for December 2024', 'Deposit', '2591', 0, 0, 83702.8, '', NULL, '', '', NULL, '3', 16, 17, '2026-04-14 13:29:23', 59, '2026-04-14 15:26:26', 58, '2026-04-14 15:37:58', 57, '2026-04-14 15:37:58', 'CM021-12', ''),
(79, 21, 'CR-013', '2025-01-05', 30, 30, 'Subsidy for January 2025', 'Deposit', '2592', 0, 0, 538784.63, '', NULL, '', '', NULL, '3', 17, 17, '2026-04-14 16:48:34', 57, '2026-04-15 15:01:09', 58, '2026-04-15 15:16:05', 57, '2026-04-15 15:16:05', 'CM021-13', ''),
(80, 21, 'CR-014', '2025-01-11', 31, 31, 'Parish Contribution', 'Deposit', '2593', 0, 0, 125000, '', NULL, '', '', NULL, '3', 17, 17, '2026-04-14 16:49:27', 57, '2026-04-15 15:01:17', 58, '2026-04-15 15:15:59', 57, '2026-04-15 15:15:59', 'CM021-14', ''),
(81, 21, 'CR-015', '2025-02-05', 30, 30, 'Subsidy for February 2025', 'Deposit', '2595', 0, 0, 474572.66, '', NULL, '', '', NULL, '3', 17, 17, '2026-04-14 16:56:42', 57, '2026-04-15 15:01:25', 58, '2026-04-15 15:15:55', 57, '2026-04-15 15:15:55', 'CM021-15', ''),
(82, 21, 'CR-016', '2025-02-05', 31, 31, 'Parish Contribution for February 2025', 'Deposit', '2596', 0, 0, 125000, '', NULL, '', '', NULL, '3', 17, 17, '2026-04-14 16:58:36', 57, '2026-04-15 15:01:30', 58, '2026-04-15 15:15:51', 57, '2026-04-15 15:15:51', 'CM021-16', ''),
(83, 21, 'CR-017', '2025-02-28', 32, 32, 'Ministerial for January 2025', 'Deposit', '2597', 0, 0, 49760, '', NULL, '', '', NULL, '3', 17, 17, '2026-04-14 16:59:45', 57, '2026-04-15 15:01:40', 58, '2026-04-15 15:15:47', 57, '2026-04-15 15:15:47', 'CM021-17', ''),
(84, 21, 'CR-018', '2025-03-05', 30, 30, 'Subsidy for March 2025', 'Deposit', '2598', 0, 0, 425732.66, '', NULL, '', '', NULL, '3', 17, 17, '2026-04-14 17:02:38', 57, '2026-04-15 15:01:46', 58, '2026-04-15 15:15:43', 57, '2026-04-15 15:15:43', 'CM021-18', ''),
(85, 21, 'CR-019', '2025-03-05', 31, 31, 'Parish Contribution for March 2025', 'Deposit', '2599', 0, 0, 125000, '', NULL, '', '', NULL, '3', 17, 17, '2026-04-14 17:03:45', 57, '2026-04-15 15:01:51', 58, '2026-04-15 15:15:39', 57, '2026-04-15 15:15:39', 'CM021-19', ''),
(86, 21, 'CR-020', '2025-03-05', 32, 32, 'Ministerial for March 2025', 'Deposit', '2600', 0, 0, 48116.08, '', NULL, '', '', NULL, '3', 17, 17, '2026-04-14 17:04:54', 57, '2026-04-15 15:01:57', 58, '2026-04-15 15:15:33', 57, '2026-04-15 15:15:33', 'CM021-20', ''),
(87, 21, 'CR-021', '2025-04-02', 30, 30, 'Subsidy for April 2025', 'Deposit', '2601', 0, 0, 428982.16, '', NULL, '', '', NULL, '3', 17, 17, '2026-04-14 17:16:12', 59, '2026-04-15 15:02:03', 58, '2026-04-15 15:15:29', 57, '2026-04-15 15:15:29', 'CM021-21', ''),
(88, 21, 'CR-022', '2025-04-02', 31, 31, 'Parish Contribution for March 2025', 'Deposit', '2602', 0, 0, 125000, '', NULL, '', '', NULL, '3', 17, 17, '2026-04-14 17:17:33', 59, '2026-04-15 15:02:09', 58, '2026-04-15 15:15:26', 57, '2026-04-15 15:15:26', 'CM021-22', ''),
(89, 21, 'CR-023', '2025-04-02', 32, 32, 'Ministerial for March 2025', 'Deposit', '2603', 0, 0, 69920, '', NULL, '', '', NULL, '3', 17, 17, '2026-04-14 17:18:57', 59, '2026-04-15 15:02:17', 58, '2026-04-15 15:15:22', 57, '2026-04-15 15:15:22', 'CM021-23', ''),
(90, 21, 'CR-024', '2025-05-02', 30, 30, 'Subsidy for May 2025', 'Deposit', '2604', 0, 0, 738982.16, '', NULL, '', '', NULL, '3', 17, 17, '2026-04-14 17:26:04', 59, '2026-04-15 15:02:24', 58, '2026-04-15 15:15:17', 57, '2026-04-15 15:15:17', 'CM021-24', ''),
(91, 21, 'CR-025', '2025-05-02', 31, 31, 'Parish Contribution for May 2025', 'Deposit', '2605', 0, 0, 125000, '', NULL, '', '', NULL, '3', 17, 17, '2026-04-14 17:27:15', 59, '2026-04-15 15:02:29', 58, '2026-04-15 15:15:13', 57, '2026-04-15 15:15:13', 'CM021-25', ''),
(92, 21, 'CR-026', '2025-05-30', 32, 32, 'Ministerial for May 2025', 'Deposit', '2606', 0, 0, 53840, '', NULL, '', '', NULL, '3', 17, 17, '2026-04-14 17:28:56', 59, '2026-04-15 15:02:35', 58, '2026-04-15 15:15:07', 57, '2026-04-15 15:15:07', 'CM021-26', ''),
(93, 21, 'CR-027', '2025-06-02', 30, 30, 'Subsidy for June 2025', 'Deposit', '2607', 0, 0, 571069.65, '', NULL, '', '', NULL, '3', 17, 17, '2026-04-14 17:31:29', 59, '2026-04-15 15:02:42', 58, '2026-04-15 15:15:04', 57, '2026-04-15 15:15:04', 'CM021-27', ''),
(94, 21, 'CR-028', '2025-06-02', 31, 31, 'Parish Contributions', 'Deposit', '2608', 0, 0, 125000, '', NULL, '', '', NULL, '3', 17, 17, '2026-04-14 17:32:33', 59, '2026-04-15 15:02:47', 58, '2026-04-15 15:14:59', 57, '2026-04-15 15:14:59', 'CM021-28', ''),
(95, 21, 'CR-029', '2025-06-16', 36, 36, 'Sale of Scrap materials', 'Deposit', '2609', 0, 0, 500, '', NULL, '', '', NULL, '3', 17, 17, '2026-04-14 17:34:55', 59, '2026-04-15 15:02:52', 58, '2026-04-15 15:14:55', 57, '2026-04-15 15:14:55', 'CM021-29', ''),
(96, 21, 'CR-030', '2025-06-30', 32, 32, 'Ministerial for June 2025', 'Deposit', '2610', 0, 0, 22080, '', NULL, '', '', NULL, '3', 17, NULL, '2026-04-14 17:36:25', 59, '2026-04-15 15:02:57', 58, '2026-04-15 15:14:51', 57, '2026-04-15 15:14:51', 'CM021-30', ''),
(97, 21, 'CR-031', '2025-07-02', 30, 30, 'Subsidy for July 2025', 'Deposit', '2611', 0, 0, 541069.65, '', NULL, '', '', NULL, '3', 17, 17, '2026-04-14 17:38:54', 59, '2026-04-15 15:03:05', 58, '2026-04-15 15:14:47', 57, '2026-04-15 15:14:47', 'CM021-31', ''),
(98, 21, 'CR-032', '2025-07-02', 31, 31, 'Parish Contribution for July 2025', 'Deposit', '2612', 0, 0, 125000, '', NULL, '', '', NULL, '3', 17, 17, '2026-04-14 17:39:41', 59, '2026-04-15 15:03:15', 58, '2026-04-15 15:14:43', 57, '2026-04-15 15:14:43', 'CM021-32', ''),
(99, 21, 'CR-033', '2025-07-14', 37, 37, 'Donation for the used of Grand', 'Deposit', '2613', 0, 0, 4000, '', NULL, '', '', NULL, '3', 17, 17, '2026-04-14 17:41:48', 59, '2026-04-15 15:03:20', 58, '2026-04-15 15:14:39', 57, '2026-04-15 15:14:39', 'CM021-33', ''),
(100, 21, 'CR-034', '2025-07-30', 32, 32, 'Ministerial for July 2025', 'Deposit', '2614', 0, 0, 75780, '', NULL, '', '', NULL, '3', 17, 17, '2026-04-14 17:43:45', 59, '2026-04-15 15:03:29', 58, '2026-04-15 15:14:32', 57, '2026-04-15 15:14:32', 'CM021-34', ''),
(101, 21, 'CR-035', '2025-08-04', 30, 30, 'Subsidy for August 2025', 'Deposit', '2615', 0, 0, 533569.65, '', NULL, '', '', NULL, '3', 17, 17, '2026-04-14 17:46:48', 59, '2026-04-15 15:03:34', 58, '2026-04-15 15:14:11', 57, '2026-04-15 15:14:11', 'CM021-35', ''),
(102, 21, 'CR-036', '2025-08-12', 37, 37, 'Donation', 'Deposit', '2616', 0, 0, 850, '', NULL, '', '', NULL, '3', 17, 17, '2026-04-14 17:52:35', 59, '2026-04-15 15:03:39', 58, '2026-04-15 15:14:07', 57, '2026-04-15 15:14:07', 'CM021-36', ''),
(103, 21, 'CR-037', '2025-08-12', 37, 37, 'Donation for the use of Grandia', 'Deposit', '2617', 0, 0, 1150, '', NULL, '', '', NULL, '3', 17, 17, '2026-04-14 17:54:30', 59, '2026-04-15 15:03:44', 58, '2026-04-15 15:14:02', 57, '2026-04-15 15:14:02', 'CM021-37', ''),
(104, 21, 'CR-038', '2025-08-12', 37, 37, 'Donation for the use of L300', 'Deposit', '2618', 0, 0, 1100, '', NULL, '', '', NULL, '3', 17, 17, '2026-04-14 17:59:08', 59, '2026-04-15 15:03:49', 58, '2026-04-15 15:13:37', 57, '2026-04-15 15:13:37', 'CM021-38', ''),
(105, 21, 'CR-039', '2025-08-13', 31, 31, 'Parish Contribution for August 2025', 'Deposit', '2619', 0, 0, 125000, '', NULL, '', '', NULL, '3', 17, 17, '2026-04-14 18:00:18', 59, '2026-04-15 15:03:53', 58, '2026-04-15 15:13:33', 57, '2026-04-15 15:13:33', 'CM021-39', ''),
(106, 21, 'CR-040', '2025-08-30', 32, 32, 'Returned Cash', 'Deposit', '2620', 0, 0, 1400, '', NULL, '', '', NULL, '3', 17, 17, '2026-04-14 18:01:26', 59, '2026-04-15 15:03:59', 58, '2026-04-15 15:13:29', 57, '2026-04-15 15:13:29', 'CM021-40', ''),
(107, 21, 'CR-041', '2025-08-14', 32, 32, 'Ministerial for August 2025', 'Deposit', '2621', 0, 0, 58100, '', NULL, '', '', NULL, '3', 17, 17, '2026-04-14 18:02:26', 59, '2026-04-15 15:04:05', 58, '2026-04-15 15:13:25', 57, '2026-04-15 15:13:25', 'CM021-41', ''),
(108, 21, 'CR-042', '2025-09-04', 30, 30, 'Subsidy for September 2025', 'Deposit', '2622', 0, 0, 593569.65, '', NULL, '', '', NULL, '3', 17, 17, '2026-04-14 18:06:10', 59, '2026-04-15 15:04:12', 58, '2026-04-15 15:13:21', 57, '2026-04-15 15:13:21', 'CM021-42', ''),
(109, 21, 'CR-043', '2025-09-15', 31, 31, 'Parish contribution for September 2025', 'Deposit', '2623', 0, 0, 125000, '', NULL, '', '', NULL, '3', 17, 17, '2026-04-14 18:09:26', 59, '2026-04-15 15:04:17', 58, '2026-04-15 15:13:16', 57, '2026-04-15 15:13:16', 'CM021-43', ''),
(110, 21, 'CR-044', '2025-09-30', 32, 32, 'Ministerial for September 2025', 'Deposit', '2624', 0, 0, 62720, '', NULL, '', '', NULL, '3', 17, 17, '2026-04-14 18:10:37', 59, '2026-04-15 15:04:24', 58, '2026-04-15 15:13:09', 57, '2026-04-15 15:13:09', 'CM021-44', ''),
(111, 21, 'CR-045', '2025-10-01', 30, 30, 'Subsidy for October 2025', 'Deposit', '2625', 0, 0, 484278.15, '', NULL, '', '', NULL, '3', 17, 17, '2026-04-14 18:13:44', 59, '2026-04-15 15:04:28', 58, '2026-04-15 15:13:04', 57, '2026-04-15 15:13:04', 'CM021-45', ''),
(112, 21, 'CR-046', '2025-10-24', 31, 31, 'Parish Contribution for October 2025', 'Deposit', '2626', 0, 0, 125000, '', NULL, '', '', NULL, '3', 17, 17, '2026-04-14 18:16:32', 59, '2026-04-15 15:04:33', 58, '2026-04-15 15:13:00', 57, '2026-04-15 15:13:00', 'CM021-46', ''),
(113, 21, 'CR-047', '2025-10-30', 32, 32, 'Ministerial for October 2025', 'Deposit', '2627', 0, 0, 65308, '', NULL, '', '', NULL, '3', 17, 17, '2026-04-14 18:17:48', 59, '2026-04-15 15:04:38', 58, '2026-04-15 15:12:57', 57, '2026-04-15 15:12:57', 'CM021-47', ''),
(114, 21, 'CR-048', '2025-11-04', 30, 30, 'Subsidy for November 2025', 'Deposit', '2628', 0, 0, 539639.16, '', NULL, '', '', NULL, '3', 17, 17, '2026-04-14 18:20:25', 59, '2026-04-15 15:04:43', 58, '2026-04-15 15:12:52', 57, '2026-04-15 15:12:52', 'CM021-48', ''),
(115, 21, 'CR-049', '2025-11-17', 31, 31, 'Parish contribution for November 2025', 'Deposit', '2629', 0, 0, 125000, '', NULL, '', '', NULL, '3', 17, 17, '2026-04-14 18:21:17', 59, '2026-04-15 15:04:48', 58, '2026-04-15 15:12:48', 57, '2026-04-15 15:12:48', 'CM021-49', ''),
(116, 21, 'CR-050', '2025-11-19', 37, 37, 'Donation', 'Deposit', '2630', 0, 0, 10000, '', NULL, '', '', NULL, '3', 17, 17, '2026-04-14 18:22:07', 59, '2026-04-15 15:04:53', 58, '2026-04-15 15:12:43', 57, '2026-04-15 15:12:43', 'CM021-50', ''),
(117, 21, 'CR-051', '2025-11-29', 32, 32, 'Ministerial Box for November 2025', 'Deposit', '2631', 0, 0, 54080, '', NULL, '', '', NULL, '3', 17, 17, '2026-04-14 18:23:08', 59, '2026-04-15 15:04:57', 58, '2026-04-15 15:12:38', 57, '2026-04-15 15:12:38', 'CM021-51', ''),
(118, 21, 'CR-052', '2025-11-29', 33, 33, 'Honorarium of Fr. Rene\'s teaching', 'Deposit', '2632', 0, 0, 56153.2, '', NULL, '', '', NULL, '3', 17, 17, '2026-04-14 18:30:40', 59, '2026-04-15 15:05:01', 58, '2026-04-15 15:12:35', 57, '2026-04-15 15:12:35', 'CM021-52', ''),
(119, 21, 'CR-053', '2025-12-03', 30, 30, 'Subsidy for December 2025', 'Deposit', '2633', 0, 0, 937951.16, '', NULL, '', '', NULL, '3', 17, 17, '2026-04-14 18:32:59', 59, '2026-04-15 15:05:07', 58, '2026-04-15 15:12:31', 57, '2026-04-15 15:12:31', 'CM021-53', ''),
(120, 21, 'CR-054', '2026-01-16', 31, 31, 'Parish contribution for January 2026', 'Deposit', '2639', 0, 0, 125000, '', NULL, NULL, NULL, NULL, '3', 18, 17, '2026-04-15 21:15:48', 59, '2026-04-15 21:37:23', 58, '2026-04-15 21:39:17', 57, '2026-04-15 21:39:17', 'CM021-54', ''),
(121, 21, 'CR-055', '2026-01-06', 30, 30, 'Subsidy for January 2026', 'Deposit', '2638', 0, 0, 484678.15, '', NULL, NULL, NULL, NULL, '3', 18, 17, '2026-04-15 21:18:40', 59, '2026-04-15 21:37:31', 58, '2026-04-15 21:39:24', 57, '2026-04-15 21:39:24', 'CM021-55', ''),
(122, 21, 'CR-056', '2026-01-30', 32, 32, 'Ministerial for January 2026', 'Deposit', '2640', 0, 0, 66960, '', NULL, NULL, NULL, NULL, '3', 18, 17, '2026-04-15 21:19:48', 59, '2026-04-15 21:37:40', 58, '2026-04-15 21:39:29', 57, '2026-04-15 21:39:29', 'CM021-56', ''),
(123, 21, 'CR-057', '2026-02-06', 30, 30, 'Subsidy for February 2026', 'Deposit', '2641', 0, 0, 612539.16, '', NULL, NULL, NULL, NULL, '3', 18, 17, '2026-04-15 21:23:12', 59, '2026-04-15 21:37:53', 58, '2026-04-15 21:39:36', 57, '2026-04-15 21:39:36', 'CM021-57', ''),
(124, 21, 'CR-058', '2026-02-09', 37, 37, 'Donation for the used of Grand', 'Deposit', '2643', 0, 0, 1100, '', NULL, NULL, NULL, NULL, '3', 18, 17, '2026-04-15 21:24:21', 59, '2026-04-15 21:38:00', 58, '2026-04-15 21:39:41', 57, '2026-04-15 21:39:41', 'CM021-58', ''),
(125, 21, 'CR-059', '2026-02-16', 31, 31, 'Parish contribution for February 2026', 'Deposit', '2644', 0, 0, 125000, '', NULL, NULL, NULL, NULL, '3', 18, 17, '2026-04-15 21:25:30', 59, '2026-04-15 21:38:06', 58, '2026-04-15 21:39:45', 57, '2026-04-15 21:39:45', 'CM021-59', ''),
(126, 21, 'CR-060', '2026-02-16', 39, 39, 'Participation for the Birthday breakfast of Fr. Bernard', 'Deposit', '2645', 0, 0, 16500, '', NULL, NULL, NULL, NULL, '3', 18, 17, '2026-04-15 21:28:47', 59, '2026-04-15 21:38:18', 58, '2026-04-15 21:39:51', 57, '2026-04-15 21:39:51', 'CM021-60', ''),
(127, 21, 'CR-061', '2026-02-16', 32, 32, 'Ministerial for January 2026', 'Deposit', '2646', 0, 0, 61960, '', NULL, NULL, NULL, NULL, '3', 18, 17, '2026-04-15 21:30:06', 59, '2026-04-15 21:38:23', 58, '2026-04-15 21:39:56', 57, '2026-04-15 21:39:56', 'CM021-61', ''),
(128, 21, 'CR-062', '2026-03-02', 30, 30, 'Subsidy for March 2026', 'Deposit', '2647', 0, 0, 513226.31, '', NULL, NULL, NULL, NULL, '3', 18, 17, '2026-04-15 21:32:44', 59, '2026-04-15 21:38:31', 58, '2026-04-15 21:40:02', 57, '2026-04-15 21:40:02', 'CM021-62', ''),
(129, 21, 'CR-063', '2026-03-11', 31, 31, 'Parish contribution for March 2026', 'Deposit', '2648', 0, 0, 125000, '', NULL, NULL, NULL, NULL, '3', 18, 17, '2026-04-15 21:34:18', 59, '2026-04-15 21:38:37', 58, '2026-04-15 21:40:07', 57, '2026-04-15 21:40:07', 'CM021-63', ''),
(130, 21, 'CR-064', '2026-03-11', 37, 37, 'Donation for the used of Grandia', 'Deposit', '2649', 0, 0, 5000, '', NULL, NULL, NULL, NULL, '3', 18, 17, '2026-04-15 21:35:23', 59, '2026-04-15 21:38:42', 58, '2026-04-15 21:40:12', 57, '2026-04-15 21:40:12', 'CM021-64', ''),
(131, 21, 'CR-065', '2026-03-31', 32, 32, 'Ministerial for March 2026', 'Deposit', '2650', 0, 0, 34880, '', '0000-00-00', '', '', NULL, '3', 18, 17, '2026-04-15 21:36:51', 59, '2026-04-15 21:38:48', 58, '2026-04-15 21:40:20', 57, '2026-04-15 21:40:20', 'CM021-65', '');

-- --------------------------------------------------------

--
-- Table structure for table `chartofaccounts_tbl`
--

CREATE TABLE `chartofaccounts_tbl` (
  `Id` int(11) NOT NULL,
  `Community_Id` int(11) NOT NULL,
  `Code` varchar(50) DEFAULT NULL,
  `Title` varchar(100) NOT NULL,
  `Beginning_Balance` double NOT NULL,
  `Account_Group_Id` int(11) DEFAULT NULL,
  `Account_Type_Id` int(11) DEFAULT NULL,
  `Status` int(11) NOT NULL
) ENGINE=InnoDB DEFAULT CHARSET=utf8mb4 COLLATE=utf8mb4_unicode_ci;

--
-- Dumping data for table `chartofaccounts_tbl`
--

INSERT INTO `chartofaccounts_tbl` (`Id`, `Community_Id`, `Code`, `Title`, `Beginning_Balance`, `Account_Group_Id`, `Account_Type_Id`, `Status`) VALUES
(1, 19, '110', 'Revolving/Pettycash fund', 0, NULL, 1, 1),
(2, 19, '111', 'Cash on hand', 0, NULL, 1, 1),
(3, 19, '112', 'Cash in bank BPI-1951-0028-16', 585601.66, NULL, 1, 1),
(4, 19, '113', 'Time Deposit', 0, NULL, 1, 1),
(5, 19, '114', 'Advances to employees', 0, NULL, 2, 1),
(6, 19, '115', 'Advances - Other Communities/ School', 0, NULL, 2, 1),
(7, 19, '116', 'Building improvement - Convent House', 0, NULL, 3, 1),
(8, 19, '117', 'Transportation equipment', 0, NULL, 3, 1),
(9, 19, '118', 'Furniture\'s and fixtures', 0, NULL, 3, 1),
(10, 19, '119', 'Household and kitchen equipment', 0, NULL, 3, 1),
(11, 19, '120', 'Investment Property', 0, NULL, 3, 1),
(12, 19, '121', 'Biological Assets', 0, NULL, 3, 1),
(13, 19, '122', 'Accum.Depreciation-Building improvement- Convent House', 0, NULL, 4, 1),
(14, 19, '123', 'Accum.Depreciation-Transportation equipment', 0, NULL, 4, 1),
(15, 19, '124', 'Accum.Depreciation-Furniture\'s and fixtures', 0, NULL, 4, 1),
(16, 19, '125', 'Accum.Depreciation-Household and kitchen equipment', 0, NULL, 4, 1),
(17, 19, '126', 'Accum.Depreciation-Biological Assets', 0, NULL, 4, 1),
(18, 19, '127', 'DONATED FUNDS', 0, NULL, 8, 1),
(19, 19, '300', 'FUND BALANCE', 0, NULL, 7, 1),
(20, 19, '210', 'Advances from Provincialate', 0, NULL, 5, 1),
(21, 19, '410', 'Mass Stipend/ Ministerial Services', 0, NULL, 9, 1),
(22, 19, '411', 'Mass Collections', 0, NULL, 9, 1),
(23, 19, '412', 'School contribution', 0, NULL, 9, 1),
(24, 19, '413', 'Parish Contributions', 0, NULL, 9, 1),
(25, 19, '414', 'Other income', 0, NULL, 9, 1),
(26, 19, '415', 'Donations', 0, NULL, 9, 1),
(27, 19, '416', 'Fund Raising Projects', 0, NULL, 9, 1),
(28, 19, '417', 'Interest Income', 0, NULL, 9, 1),
(29, 19, '418', 'Sponsorship', 0, NULL, 9, 1),
(30, 19, '419', 'Subsidy from Provincialate', 0, NULL, 9, 1),
(31, 19, '510', 'Provincialate', 0, NULL, 10, 1),
(32, 19, '511', 'Remedy', 0, NULL, 10, 1),
(33, 19, '512A', 'Meals and Subsistence-Ordinary', 0, NULL, 11, 1),
(34, 19, '512B', 'Meals and Subsistence-Birthday and Special Occasions', 0, NULL, 11, 1),
(35, 19, '513', 'Salaries & Wages', 0, NULL, 11, 1),
(36, 19, '514', '13th Month Pay', 0, NULL, 11, 1),
(37, 19, '515', 'SSS, Philhealth, Pag-ibig', 0, NULL, 11, 1),
(38, 19, '516', 'OAR Retirement', 0, NULL, 11, 1),
(39, 19, '517', 'Employees Benefit', 0, NULL, 11, 1),
(40, 19, '518', 'Allowance Religious', 0, NULL, 11, 1),
(41, 19, '519', 'Allowance - Working Student', 0, NULL, 11, 1),
(42, 19, '520', 'Transportation and Travel', 0, NULL, 11, 1),
(43, 19, '521', 'Repairs and Maintenance', 0, NULL, 11, 1),
(44, 19, '521A', 'Repairs and Maintenance-Building', 0, NULL, 11, 1),
(45, 19, '521B', 'Repairs and Maintenance-Vehicle', 0, NULL, 11, 1),
(46, 19, '521C', 'Repairs and Maintenance-Furniture\'s and equipment', 0, NULL, 11, 1),
(47, 19, '522', 'Household Supplies', 0, NULL, 11, 1),
(48, 19, '523', 'Office supplies', 0, NULL, 11, 1),
(49, 19, '524', 'Clothing and Personal Expenses', 0, NULL, 11, 1),
(50, 19, '525', 'Representation', 0, NULL, 11, 1),
(51, 19, '526', 'Marketing and Promotion', 0, NULL, 11, 1),
(52, 19, '527', 'Postage, telephone and cable expense', 0, NULL, 11, 1),
(53, 19, '528', 'Professional and Legal Fees', 0, NULL, 11, 1),
(54, 19, '529', 'Outside Services', 0, NULL, 11, 1),
(55, 19, '530', 'Gasoline, Fuel and Oil', 0, NULL, 11, 1),
(56, 19, '531', 'Books, Periodicals, and Magazines', 0, NULL, 11, 1),
(57, 19, '532', 'Liturgical Paraphernalia', 0, NULL, 11, 1),
(58, 19, '533', 'Religious and Personal Development', 0, NULL, 11, 1),
(59, 19, '534', 'Retreats, Recollections & Seminars', 0, NULL, 11, 1),
(60, 19, '535', 'Scholarship', 0, NULL, 11, 1),
(61, 19, '536', 'Sports and Recreation', 0, NULL, 11, 1),
(62, 19, '537', 'Medical and Dental', 0, NULL, 11, 1),
(63, 19, '538', 'Donations and charitable contributions', 0, NULL, 11, 1),
(64, 19, '539', 'OAR Mission', 0, NULL, 11, 1),
(65, 19, '540', 'Vocation Promotion', 0, NULL, 11, 1),
(66, 19, '541', 'Taxes, Licenses & Other Fees', 0, NULL, 11, 1),
(67, 19, '542', 'Insurance expenses', 0, NULL, 11, 1),
(68, 19, '543', 'Light and water', 0, NULL, 11, 1),
(69, 19, '544', 'Depreciation Expense', 0, NULL, 11, 1),
(70, 19, '545', 'Amortization Expense', 0, NULL, 11, 1),
(71, 19, '546', 'Livestock Expenses', 0, NULL, 11, 1),
(72, 19, '547', 'Miscellaneous Expenses', 0, NULL, 11, 1),
(73, 1, '110', 'Revolving/Pettycash fund', 0, NULL, 1, 1),
(74, 1, '111', 'Cash on hand', 0, NULL, 1, 1),
(75, 1, '112', 'Cash in bank BDO-000948028870', 0, NULL, 1, 1),
(76, 1, '113', 'Time Deposit', 0, NULL, 1, 1),
(77, 1, '114', 'Advances to employees', 0, NULL, 2, 1),
(78, 1, '115', 'Advances - Other Communities/ School', 0, NULL, 2, 1),
(79, 1, '116', 'Building improvement - Convent House', 0, NULL, 3, 1),
(80, 1, '117', 'Transportation equipment', 0, NULL, 3, 1),
(89, 1, '118', 'Furniture\'s and fixtures', 0, NULL, 3, 1),
(90, 1, '119', 'Household and kitchen equipment', 0, NULL, 3, 1),
(91, 1, '120', 'Investment Property', 0, NULL, 3, 1),
(92, 1, '121', 'Biological Assets', 0, NULL, 3, 1),
(93, 1, '122', 'Accum.Depreciation-Building improvement- Convent House', 0, NULL, 4, 1),
(94, 1, '123', 'Accum.Depreciation-Transportation equipment', 0, NULL, 4, 1),
(109, 1, '124', 'Accum.Depreciation-Furniture\'s and fixtures', 0, NULL, 4, 1),
(110, 1, '125', 'Accum.Depreciation-Household and kitchen equipment', 0, NULL, 4, 1),
(111, 1, '126', 'Accum.Depreciation-Biological Assets', 0, NULL, 4, 1),
(112, 1, '127', 'DONATED FUNDS', 0, NULL, 8, 1),
(113, 1, '300', 'FUND BALANCE', 0, NULL, 7, 1),
(114, 1, '210', 'Advances from Provincialate', 0, NULL, 5, 1),
(115, 1, '410', 'Mass Stipend/ Ministerial Services', 0, NULL, 9, 1),
(116, 1, '411', 'Mass Collections', 0, NULL, 9, 1),
(117, 1, '412', 'School contribution', 0, NULL, 9, 1),
(118, 1, '413', 'Parish Contributions', 0, NULL, 9, 1),
(119, 1, '414', 'Other income', 0, NULL, 9, 1),
(120, 1, '415', 'Donations', 0, NULL, 9, 1),
(121, 1, '416', 'Fund Raising Projects', 0, NULL, 9, 1),
(122, 1, '417', 'Interest Income', 0, NULL, 9, 1),
(123, 1, '418', 'Sponsorship', 0, NULL, 9, 1),
(124, 1, '419', 'Subsidy from Provincialate', 0, NULL, 9, 1),
(125, 1, '510', 'Provincialate', 0, NULL, 10, 1),
(126, 1, '511', 'Remedy', 0, NULL, 10, 1),
(127, 1, '512A', 'Ordinary', 0, NULL, 11, 1),
(128, 1, '512B', 'Birthday and Special Occasions', 0, NULL, 11, 1),
(129, 1, '513', 'Salaries & Wages', 0, NULL, 11, 1),
(130, 1, '514', '13th Month Pay', 0, NULL, 11, 1),
(131, 1, '515', 'SSS, Philhealth, Pag-ibig', 0, NULL, 11, 1),
(132, 1, '516', 'OAR Retirement', 0, NULL, 11, 1),
(133, 1, '517', 'Employees Benefit', 0, NULL, 11, 1),
(134, 1, '518', 'Allowance Religious', 0, NULL, 11, 1),
(135, 1, '519', 'Allowance - Working Student', 0, NULL, 11, 1),
(136, 1, '520', 'Transportation and Travel', 0, NULL, 11, 1),
(137, 1, '521', 'Repairs and Maintenance', 0, NULL, 11, 1),
(138, 1, '521A', 'Repairs and Maintenance-Building', 0, NULL, 11, 1),
(139, 1, '521B', 'Repairs and Maintenance-Vehicle', 0, NULL, 11, 1),
(140, 1, '521C', 'Repairs and Maintenance-Furniture\'s and equipment', 0, NULL, 11, 1),
(141, 1, '522', 'Household Supplies', 0, NULL, 11, 1),
(142, 1, '523', 'Office supplies', 0, NULL, 11, 1),
(143, 1, '524', 'Clothing and Personal Expenses', 0, NULL, 11, 1),
(144, 1, '525', 'Representation', 0, NULL, 11, 1),
(145, 1, '526', 'Marketing and Promotion', 0, NULL, 11, 1),
(146, 1, '527', 'Postage, telephone and cable expense', 0, NULL, 11, 1),
(147, 1, '528', 'Professional and Legal Fees', 0, NULL, 11, 1),
(148, 1, '529', 'Outside Services', 0, NULL, 11, 1),
(149, 1, '530', 'Gasoline, Fuel and Oil', 0, NULL, 11, 1),
(150, 1, '531', 'Books, Periodicals, and Magazines', 0, NULL, 11, 1),
(151, 1, '532', 'Liturgical Paraphernalia', 0, NULL, 11, 1),
(152, 1, '533', 'Religious and Personal Development', 0, NULL, 11, 1),
(153, 1, '534', 'Retreats, Recollections & Seminars', 0, NULL, 11, 1),
(154, 1, '535', 'Scholarship', 0, NULL, 11, 1),
(155, 1, '536', 'Sports and Recreation', 0, NULL, 11, 1),
(156, 1, '537', 'Medical and Dental', 0, NULL, 11, 1),
(157, 1, '538', 'Donations and charitable contributions', 0, NULL, 11, 1),
(158, 1, '539', 'OAR Mission', 0, NULL, 11, 1),
(159, 1, '540', 'Vocation Promotion', 0, NULL, 11, 1),
(160, 1, '541', 'Taxes, Licenses & Other Fees', 0, NULL, 11, 1),
(161, 1, '542', 'Insurance expenses', 0, NULL, 11, 1),
(162, 1, '543', 'Light and water', 0, NULL, 11, 1),
(163, 1, '544', 'Depreciation Expense', 0, NULL, 11, 1),
(164, 1, '545', 'Amortization Expense', 0, NULL, 11, 1),
(165, 1, '546', 'Livestock Expenses', 0, NULL, 11, 1),
(166, 1, '547', 'Miscellaneous Expenses', 0, NULL, 11, 1),
(167, 2, '110', 'Revolving/Pettycash fund', 0, NULL, 1, 1),
(168, 2, '111', 'Cash on hand', 0, NULL, 1, 1),
(169, 2, '112', 'Cash in bank', 0, NULL, 1, 1),
(170, 2, '113', 'Time Deposit', 0, NULL, 1, 1),
(171, 2, '114', 'Advances to employees', 0, NULL, 2, 1),
(172, 2, '115', 'Advances - Other Communities/ School', 0, NULL, 2, 1),
(173, 2, '116', 'Building improvement - Convent House', 0, NULL, 3, 1),
(174, 2, '117', 'Transportation equipment', 0, NULL, 3, 1),
(175, 2, '118', 'Furniture\'s and fixtures', 0, NULL, 3, 1),
(176, 2, '119', 'Household and kitchen equipment', 0, NULL, 3, 1),
(177, 2, '120', 'Investment Property', 0, NULL, 3, 1),
(178, 2, '121', 'Biological Assets', 0, NULL, 3, 1),
(179, 2, '122', 'Accum.Depreciation-Building improvement- Convent House', 0, NULL, 4, 1),
(180, 2, '123', 'Accum.Depreciation-Transportation equipment', 0, NULL, 4, 1),
(181, 2, '124', 'Accum.Depreciation-Furniture\'s and fixtures', 0, NULL, 4, 1),
(182, 2, '125', 'Accum.Depreciation-Household and kitchen equipment', 0, NULL, 4, 1),
(183, 2, '126', 'Accum.Depreciation-Biological Assets', 0, NULL, 4, 1),
(184, 2, '127', 'DONATED FUNDS', 0, NULL, 8, 1),
(185, 2, '300', 'FUND BALANCE', 0, NULL, 7, 1),
(186, 2, '210', 'Advances from Provincialate', 0, NULL, 5, 1),
(187, 2, '410', 'Mass Stipend/ Ministerial Services', 0, NULL, 9, 1),
(188, 2, '411', 'Mass Collections', 0, NULL, 9, 1),
(189, 2, '412', 'School contribution', 0, NULL, 9, 1),
(190, 2, '413', 'Parish Contributions', 0, NULL, 9, 1),
(191, 2, '414', 'Other income', 0, NULL, 9, 1),
(192, 2, '415', 'Donations', 0, NULL, 9, 1),
(193, 2, '416', 'Fund Raising Projects', 0, NULL, 9, 1),
(194, 2, '417', 'Interest Income', 0, NULL, 9, 1),
(195, 2, '418', 'Sponsorship', 0, NULL, 9, 1),
(196, 2, '419', 'Subsidy from Provincialate', 0, NULL, 9, 1),
(197, 2, '510', 'Provincialate', 0, NULL, 10, 1),
(198, 2, '511', 'Remedy', 0, NULL, 10, 1),
(199, 2, '512A', 'Meals and Subsistence-Ordinary', 0, NULL, 11, 1),
(200, 2, '512B', 'Meals and Subsistence-Birthday and Special Occasions', 0, NULL, 11, 1),
(201, 2, '513', 'Salaries & Wages', 0, NULL, 11, 1),
(202, 2, '514', '13th Month Pay', 0, NULL, 11, 1),
(203, 2, '515', 'SSS, Philhealth, Pag-ibig', 0, NULL, 11, 1),
(204, 2, '516', 'OAR Retirement', 0, NULL, 11, 1),
(205, 2, '517', 'Employees Benefit', 0, NULL, 11, 1),
(206, 2, '518', 'Allowance Religious', 0, NULL, 11, 1),
(207, 2, '519', 'Allowance - Working Student', 0, NULL, 11, 1),
(208, 2, '520', 'Transportation and Travel', 0, NULL, 11, 1),
(209, 2, '521', 'Repairs and Maintenance', 0, NULL, 11, 1),
(210, 2, '521A', 'Repairs and Maintenance-Building', 0, NULL, 11, 1),
(211, 2, '521B', 'Repairs and Maintenance-Vehicle', 0, NULL, 11, 1),
(212, 2, '521C', 'Repairs and Maintenance-Furniture\'s and equipment', 0, NULL, 11, 1),
(213, 2, '522', 'Household Supplies', 0, NULL, 11, 1),
(214, 2, '523', 'Office supplies', 0, NULL, 11, 1),
(215, 2, '524', 'Clothing and Personal Expenses', 0, NULL, 11, 1),
(216, 2, '525', 'Representation', 0, NULL, 11, 1),
(217, 2, '526', 'Marketing and Promotion', 0, NULL, 11, 1),
(218, 2, '527', 'Postage, telephone and cable expense', 0, NULL, 11, 1),
(219, 2, '528', 'Professional and Legal Fees', 0, NULL, 11, 1),
(220, 2, '529', 'Outside Services', 0, NULL, 11, 1),
(221, 2, '530', 'Gasoline, Fuel and Oil', 0, NULL, 11, 1),
(222, 2, '531', 'Books, Periodicals, and Magazines', 0, NULL, 11, 1),
(223, 2, '532', 'Liturgical Paraphernalia', 0, NULL, 11, 1),
(224, 2, '533', 'Religious and Personal Development', 0, NULL, 11, 1),
(225, 2, '534', 'Retreats, Recollections & Seminars', 0, NULL, 11, 1),
(226, 2, '535', 'Scholarship', 0, NULL, 11, 1),
(227, 2, '536', 'Sports and Recreation', 0, NULL, 11, 1),
(228, 2, '537', 'Medical and Dental', 0, NULL, 11, 1),
(229, 2, '538', 'Donations and charitable contributions', 0, NULL, 11, 1),
(230, 2, '539', 'OAR Mission', 0, NULL, 11, 1),
(231, 2, '540', 'Vocation Promotion', 0, NULL, 11, 1),
(232, 2, '541', 'Taxes, Licenses & Other Fees', 0, NULL, 11, 1),
(233, 2, '542', 'Insurance expenses', 0, NULL, 11, 1),
(234, 2, '543', 'Light and water', 0, NULL, 11, 1),
(235, 2, '544', 'Depreciation Expense', 0, NULL, 11, 1),
(236, 2, '545', 'Amortization Expense', 0, NULL, 11, 1),
(237, 2, '546', 'Livestock Expenses', 0, NULL, 11, 1),
(238, 2, '547', 'Miscellaneous Expenses', 0, NULL, 11, 1),
(239, 3, '110', 'Revolving/Pettycash fund', 0, NULL, 1, 1),
(240, 3, '111', 'Cash on hand', 0, NULL, 1, 1),
(241, 3, '112', 'Cash in Bank BPI-1083-5220-42', 0, NULL, 1, 1),
(242, 3, '113', 'Time Deposit', 0, NULL, 1, 1),
(243, 3, '114', 'Advances to employees', 0, NULL, 2, 1),
(244, 3, '115', 'Advances - Other Communities/ School', 0, NULL, 2, 1),
(245, 3, '116', 'Building improvement - Convent House', 0, NULL, 3, 1),
(246, 3, '117', 'Transportation equipment', 0, NULL, 3, 1),
(247, 3, '118', 'Furniture\'s and fixtures', 0, NULL, 3, 1),
(248, 3, '119', 'Household and kitchen equipment', 0, NULL, 3, 1),
(249, 3, '120', 'Investment Property', 0, NULL, 3, 1),
(250, 3, '121', 'Biological Assets', 0, NULL, 3, 1),
(251, 3, '122', 'Accum.Depreciation-Building improvement- Convent House', 0, NULL, 4, 1),
(252, 3, '123', 'Accum.Depreciation-Transportation equipment', 0, NULL, 4, 1),
(253, 3, '124', 'Accum.Depreciation-Furniture\'s and fixtures', 0, NULL, 4, 1),
(254, 3, '125', 'Accum.Depreciation-Household and kitchen equipment', 0, NULL, 4, 1),
(255, 3, '126', 'Accum.Depreciation-Biological Assets', 0, NULL, 4, 1),
(256, 3, '127', 'DONATED FUNDS', 0, NULL, 8, 1),
(257, 3, '300', 'FUND BALANCE', 0, NULL, 7, 1),
(258, 3, '210', 'Advances from Provincialate', 0, NULL, 5, 1),
(259, 3, '410', 'Mass Stipend/ Ministerial Services', 0, NULL, 9, 1),
(260, 3, '411', 'Mass Collections', 0, NULL, 9, 1),
(261, 3, '412', 'School contribution', 0, NULL, 9, 1),
(262, 3, '413', 'Parish Contributions', 0, NULL, 9, 1),
(263, 3, '414', 'Other income', 0, NULL, 9, 1),
(264, 3, '415', 'Donations', 0, NULL, 9, 1),
(265, 3, '416', 'Fund Raising Projects', 0, NULL, 9, 1),
(266, 3, '417', 'Interest Income', 0, NULL, 9, 1),
(267, 3, '418', 'Sponsorship', 0, NULL, 9, 1),
(268, 3, '419', 'Subsidy from Provincialate', 0, NULL, 9, 1),
(269, 3, '510', 'Provincialate', 0, NULL, 10, 1),
(270, 3, '511', 'Remedy', 0, NULL, 10, 1),
(271, 3, '512A', 'Ordinary', 0, NULL, 11, 1),
(272, 3, '512B', 'Birthday and Special Occasions', 0, NULL, 11, 1),
(273, 3, '513', 'Salaries & Wages', 0, NULL, 11, 1),
(274, 3, '514', '13th Month Pay', 0, NULL, 11, 1),
(275, 3, '515', 'SSS, Philhealth, Pag-ibig', 0, NULL, 11, 1),
(276, 3, '516', 'OAR Retirement', 0, NULL, 11, 1),
(277, 3, '517', 'Employees Benefit', 0, NULL, 11, 1),
(278, 3, '518', 'Allowance Religious', 0, NULL, 11, 1),
(279, 3, '519', 'Allowance - Working Student', 0, NULL, 11, 1),
(280, 3, '520', 'Transportation and Travel', 0, NULL, 11, 1),
(281, 3, '521', 'Repairs and Maintenance', 0, NULL, 11, 1),
(282, 3, '521A', 'Repairs and Maintenance-Building', 0, NULL, 11, 1),
(283, 3, '521B', 'Repairs and Maintenance-Vehicle', 0, NULL, 11, 1),
(284, 3, '521C', 'Repairs and Maintenance-Furniture\'s and equipment', 0, NULL, 11, 1),
(285, 3, '522', 'Household Supplies', 0, NULL, 11, 1),
(286, 3, '523', 'Office supplies', 0, NULL, 11, 1),
(287, 3, '524', 'Clothing and Personal Expenses', 0, NULL, 11, 1),
(288, 3, '525', 'Representation', 0, NULL, 11, 1),
(289, 3, '526', 'Marketing and Promotion', 0, NULL, 11, 1),
(290, 3, '527', 'Postage, telephone and cable expense', 0, NULL, 11, 1),
(291, 3, '528', 'Professional and Legal Fees', 0, NULL, 11, 1),
(292, 3, '529', 'Outside Services', 0, NULL, 11, 1),
(293, 3, '530', 'Gasoline, Fuel and Oil', 0, NULL, 11, 1),
(294, 3, '531', 'Books, Periodicals, and Magazines', 0, NULL, 11, 1),
(295, 3, '532', 'Liturgical Paraphernalia', 0, NULL, 11, 1),
(296, 3, '533', 'Religious and Personal Development', 0, NULL, 11, 1),
(297, 3, '534', 'Retreats, Recollections & Seminars', 0, NULL, 11, 1),
(298, 3, '535', 'Scholarship', 0, NULL, 11, 1),
(299, 3, '536', 'Sports and Recreation', 0, NULL, 11, 1),
(300, 3, '537', 'Medical and Dental', 0, NULL, 11, 1),
(301, 3, '538', 'Donations and charitable contributions', 0, NULL, 11, 1),
(302, 3, '539', 'OAR Mission', 0, NULL, 11, 1),
(303, 3, '540', 'Vocation Promotion', 0, NULL, 11, 1),
(304, 3, '541', 'Taxes, Licenses & Other Fees', 0, NULL, 11, 1),
(305, 3, '542', 'Insurance expenses', 0, NULL, 11, 1),
(306, 3, '543', 'Light and water', 0, NULL, 11, 1),
(307, 3, '544', 'Depreciation Expense', 0, NULL, 11, 1),
(308, 3, '545', 'Amortization Expense', 0, NULL, 11, 1),
(309, 3, '546', 'Livestock Expenses', 0, NULL, 11, 1),
(310, 3, '547', 'Miscellaneous Expenses', 0, NULL, 11, 1),
(311, 4, '110', 'Revolving/Pettycash fund', 0, NULL, 1, 1),
(312, 4, '111', 'Cash on hand', 0, NULL, 1, 1),
(313, 4, '112', 'Cash in bank BPI-00-8873-0881-69', 0, NULL, 1, 1),
(314, 4, '113', 'Time Deposit', 0, NULL, 1, 1),
(315, 4, '114', 'Advances to employees', 0, NULL, 2, 1),
(316, 4, '115', 'Advances - Other Communities/ School', 0, NULL, 2, 1),
(317, 4, '116', 'Building improvement - Convent House', 0, NULL, 3, 1),
(318, 4, '117', 'Transportation equipment', 0, NULL, 3, 1),
(319, 4, '118', 'Furniture\'s and fixtures', 0, NULL, 3, 1),
(320, 4, '119', 'Household and kitchen equipment', 0, NULL, 3, 1),
(321, 4, '120', 'Investment Property', 0, NULL, 3, 1),
(322, 4, '121', 'Biological Assets', 0, NULL, 3, 1),
(323, 4, '122', 'Accum.Depreciation-Building improvement- Convent House', 0, NULL, 4, 1),
(324, 4, '123', 'Accum.Depreciation-Transportation equipment', 0, NULL, 4, 1),
(325, 4, '124', 'Accum.Depreciation-Furniture\'s and fixtures', 0, NULL, 4, 1),
(326, 4, '125', 'Accum.Depreciation-Household and kitchen equipment', 0, NULL, 4, 1),
(327, 4, '126', 'Accum.Depreciation-Biological Assets', 0, NULL, 4, 1),
(328, 4, '127', 'DONATED FUNDS', 0, NULL, 8, 1),
(329, 4, '300', 'FUND BALANCE', 0, NULL, 7, 1),
(330, 4, '210', 'Advances from Provincialate', 0, NULL, 5, 1),
(331, 4, '410', 'Mass Stipend/ Ministerial Services', 0, NULL, 9, 1),
(332, 4, '411', 'Mass Collections', 0, NULL, 9, 1),
(333, 4, '412', 'School contribution', 0, NULL, 9, 1),
(334, 4, '413', 'Parish Contributions', 0, NULL, 9, 1),
(335, 4, '414', 'Other income', 0, NULL, 9, 1),
(336, 4, '415', 'Donations', 0, NULL, 9, 1),
(337, 4, '416', 'Fund Raising Projects', 0, NULL, 9, 1),
(338, 4, '417', 'Interest Income', 0, NULL, 9, 1),
(339, 4, '418', 'Sponsorship', 0, NULL, 9, 1),
(340, 4, '419', 'Subsidy from Provincialate', 0, NULL, 9, 1),
(341, 4, '510', 'Provincialate', 0, NULL, 10, 1),
(342, 4, '511', 'Remedy', 0, NULL, 10, 1),
(343, 4, '512A', 'Meals and Subsistence-Ordinary', 0, NULL, 11, 1),
(344, 4, '512B', 'Meals and Subsistence-Birthday and Special Occasions', 0, NULL, 11, 1),
(345, 4, '513', 'Salaries & Wages', 0, NULL, 11, 1),
(346, 4, '514', '13th Month Pay', 0, NULL, 11, 1),
(347, 4, '515', 'SSS, Philhealth, Pag-ibig', 0, NULL, 11, 1),
(348, 4, '516', 'OAR Retirement', 0, NULL, 11, 1),
(349, 4, '517', 'Employees Benefit', 0, NULL, 11, 1),
(350, 4, '518', 'Allowance Religious', 0, NULL, 11, 1),
(351, 4, '519', 'Allowance - Working Student', 0, NULL, 11, 1),
(352, 4, '520', 'Transportation and Travel', 0, NULL, 11, 1),
(353, 4, '521', 'Repairs and Maintenance', 0, NULL, 11, 1),
(354, 4, '521A', 'Repairs and Maintenance-Building', 0, NULL, 11, 1),
(355, 4, '521B', 'Repairs and Maintenance-Vehicle', 0, NULL, 11, 1),
(356, 4, '521C', 'Repairs and Maintenance-Furniture\'s and equipment', 0, NULL, 11, 1),
(357, 4, '522', 'Household Supplies', 0, NULL, 11, 1),
(358, 4, '523', 'Office supplies', 0, NULL, 11, 1),
(359, 4, '524', 'Clothing and Personal Expenses', 0, NULL, 11, 1),
(360, 4, '525', 'Representation', 0, NULL, 11, 1),
(361, 4, '526', 'Marketing and Promotion', 0, NULL, 11, 1),
(362, 4, '527', 'Postage, telephone and cable expense', 0, NULL, 11, 1),
(363, 4, '528', 'Professional and Legal Fees', 0, NULL, 11, 1),
(364, 4, '529', 'Outside Services', 0, NULL, 11, 1),
(365, 4, '530', 'Gasoline, Fuel and Oil', 0, NULL, 11, 1),
(366, 4, '531', 'Books, Periodicals, and Magazines', 0, NULL, 11, 1),
(367, 4, '532', 'Liturgical Paraphernalia', 0, NULL, 11, 1),
(368, 4, '533', 'Religious and Personal Development', 0, NULL, 11, 1),
(369, 4, '534', 'Retreats, Recollections & Seminars', 0, NULL, 11, 1),
(370, 4, '535', 'Scholarship', 0, NULL, 11, 1),
(371, 4, '536', 'Sports and Recreation', 0, NULL, 11, 1),
(372, 4, '537', 'Medical and Dental', 0, NULL, 11, 1),
(373, 4, '538', 'Donations and charitable contributions', 0, NULL, 11, 1),
(374, 4, '539', 'OAR Mission', 0, NULL, 11, 1),
(375, 4, '540', 'Vocation Promotion', 0, NULL, 11, 1),
(376, 4, '541', 'Taxes, Licenses & Other Fees', 0, NULL, 11, 1),
(377, 4, '542', 'Insurance expenses', 0, NULL, 11, 1),
(378, 4, '543', 'Light and water', 0, NULL, 11, 1),
(379, 4, '544', 'Depreciation Expense', 0, NULL, 11, 1),
(380, 4, '545', 'Amortization Expense', 0, NULL, 11, 1),
(381, 4, '546', 'Livestock Expenses', 0, NULL, 11, 1),
(382, 4, '547', 'Miscellaneous Expenses', 0, NULL, 11, 1),
(383, 5, '110', 'Revolving/Pettycash fund', 0, NULL, 1, 1),
(384, 5, '111', 'Cash on hand', 0, NULL, 1, 1),
(385, 5, '112', 'Cash in bank BPI FAMILY SAVINGS 7313-0005-45', 0, NULL, 1, 1),
(386, 5, '113', 'Time Deposit', 0, NULL, 1, 1),
(387, 5, '114', 'Advances to employees', 0, NULL, 2, 1),
(388, 5, '115', 'Advances - Other Communities/ School', 0, NULL, 2, 1),
(389, 5, '116', 'Building improvement - Convent House', 0, NULL, 3, 1),
(390, 5, '117', 'Transportation equipment', 0, NULL, 3, 1),
(391, 5, '118', 'Furniture\'s and fixtures', 0, NULL, 3, 1),
(392, 5, '119', 'Household and kitchen equipment', 0, NULL, 3, 1),
(393, 5, '120', 'Investment Property', 0, NULL, 3, 1),
(394, 5, '121', 'Biological Assets', 0, NULL, 3, 1),
(395, 5, '122', 'Accum.Depreciation-Building improvement- Convent House', 0, NULL, 4, 1),
(396, 5, '123', 'Accum.Depreciation-Transportation equipment', 0, NULL, 4, 1),
(397, 5, '124', 'Accum.Depreciation-Furniture\'s and fixtures', 0, NULL, 4, 1),
(398, 5, '125', 'Accum.Depreciation-Household and kitchen equipment', 0, NULL, 4, 1),
(399, 5, '126', 'Accum.Depreciation-Biological Assets', 0, NULL, 4, 1),
(400, 5, '127', 'DONATED FUNDS', 0, NULL, 8, 1),
(401, 5, '300', 'FUND BALANCE', 0, NULL, 7, 1),
(402, 5, '210', 'Advances from Provincialate', 0, NULL, 5, 1),
(403, 5, '410', 'Mass Stipend/ Ministerial Services', 0, NULL, 9, 1),
(404, 5, '411', 'Mass Collections', 0, NULL, 9, 1),
(405, 5, '412', 'School contribution', 0, NULL, 9, 1),
(406, 5, '413', 'Parish Contributions', 0, NULL, 9, 1),
(407, 5, '414', 'Other income', 0, NULL, 9, 1),
(408, 5, '415', 'Donations', 0, NULL, 9, 1),
(409, 5, '416', 'Fund Raising Projects', 0, NULL, 9, 1),
(410, 5, '417', 'Interest Income', 0, NULL, 9, 1),
(411, 5, '418', 'Sponsorship', 0, NULL, 9, 1),
(412, 5, '419', 'Subsidy from Provincialate', 0, NULL, 9, 1),
(413, 5, '510', 'Provincialate', 0, NULL, 10, 1),
(414, 5, '511', 'Remedy', 0, NULL, 10, 1),
(415, 5, '512A', 'Ordinary', 0, NULL, 11, 1),
(416, 5, '512B', 'Birthday and Special Occasions', 0, NULL, 11, 1),
(417, 5, '513', 'Salaries & Wages', 0, NULL, 11, 1),
(418, 5, '514', '13th Month Pay', 0, NULL, 11, 1),
(419, 5, '515', 'SSS, Philhealth, Pag-ibig', 0, NULL, 11, 1),
(420, 5, '516', 'OAR Retirement', 0, NULL, 11, 1),
(421, 5, '517', 'Employees Benefit', 0, NULL, 11, 1),
(422, 5, '518', 'Allowance Religious', 0, NULL, 11, 1),
(423, 5, '519', 'Allowance - Working Student', 0, NULL, 11, 1),
(424, 5, '520', 'Transportation and Travel', 0, NULL, 11, 1),
(425, 5, '521', 'Repairs and Maintenance', 0, NULL, 11, 1),
(426, 5, '521A', 'Repairs and Maintenance-Building', 0, NULL, 11, 1),
(427, 5, '521B', 'Repairs and Maintenance-Vehicle', 0, NULL, 11, 1),
(428, 5, '521C', 'Repairs and Maintenance-Furniture\'s and equipment', 0, NULL, 11, 1),
(429, 5, '522', 'Household Supplies', 0, NULL, 11, 1),
(430, 5, '523', 'Office supplies', 0, NULL, 11, 1),
(431, 5, '524', 'Clothing and Personal Expenses', 0, NULL, 11, 1),
(432, 5, '525', 'Representation', 0, NULL, 11, 1),
(433, 5, '526', 'Marketing and Promotion', 0, NULL, 11, 1),
(434, 5, '527', 'Postage, telephone and cable expense', 0, NULL, 11, 1),
(435, 5, '528', 'Professional and Legal Fees', 0, NULL, 11, 1),
(436, 5, '529', 'Outside Services', 0, NULL, 11, 1),
(437, 5, '530', 'Gasoline, Fuel and Oil', 0, NULL, 11, 1),
(438, 5, '531', 'Books, Periodicals, and Magazines', 0, NULL, 11, 1),
(439, 5, '532', 'Liturgical Paraphernalia', 0, NULL, 11, 1),
(440, 5, '533', 'Religious and Personal Development', 0, NULL, 11, 1),
(441, 5, '534', 'Retreats, Recollections & Seminars', 0, NULL, 11, 1),
(442, 5, '535', 'Scholarship', 0, NULL, 11, 1),
(443, 5, '536', 'Sports and Recreation', 0, NULL, 11, 1),
(444, 5, '537', 'Medical and Dental', 0, NULL, 11, 1),
(445, 5, '538', 'Donations and charitable contributions', 0, NULL, 11, 1),
(446, 5, '539', 'OAR Mission', 0, NULL, 11, 1),
(447, 5, '540', 'Vocation Promotion', 0, NULL, 11, 1),
(448, 5, '541', 'Taxes, Licenses & Other Fees', 0, NULL, 11, 1),
(449, 5, '542', 'Insurance expenses', 0, NULL, 11, 1),
(450, 5, '543', 'Light and water', 0, NULL, 11, 1),
(451, 5, '544', 'Depreciation Expense', 0, NULL, 11, 1),
(452, 5, '545', 'Amortization Expense', 0, NULL, 11, 1),
(453, 5, '546', 'Livestock Expenses', 0, NULL, 11, 1),
(454, 5, '547', 'Miscellaneous Expenses', 0, NULL, 11, 1),
(455, 6, '110', 'Revolving/Pettycash fund', 0, NULL, 1, 1),
(456, 6, '111', 'Cash on hand', 0, NULL, 1, 1),
(457, 6, '112', 'Cash in bank', 0, NULL, 1, 1),
(458, 6, '113', 'Time Deposit', 0, NULL, 1, 1),
(459, 6, '114', 'Advances to employees', 0, NULL, 2, 1),
(460, 6, '115', 'Advances - Other Communities/ School', 0, NULL, 2, 1),
(461, 6, '116', 'Building improvement - Convent House', 0, NULL, 3, 1),
(462, 6, '117', 'Transportation equipment', 0, NULL, 3, 1),
(463, 6, '118', 'Furniture\'s and fixtures', 0, NULL, 3, 1),
(464, 6, '119', 'Household and kitchen equipment', 0, NULL, 3, 1),
(465, 6, '120', 'Investment Property', 0, NULL, 3, 1),
(466, 6, '121', 'Biological Assets', 0, NULL, 3, 1),
(467, 6, '122', 'Accum.Depreciation-Building improvement- Convent House', 0, NULL, 4, 1),
(468, 6, '123', 'Accum.Depreciation-Transportation equipment', 0, NULL, 4, 1),
(469, 6, '124', 'Accum.Depreciation-Furniture\'s and fixtures', 0, NULL, 4, 1),
(470, 6, '125', 'Accum.Depreciation-Household and kitchen equipment', 0, NULL, 4, 1),
(471, 6, '126', 'Accum.Depreciation-Biological Assets', 0, NULL, 4, 1),
(472, 6, '127', 'DONATED FUNDS', 0, NULL, 8, 1),
(473, 6, '300', 'FUND BALANCE', 0, NULL, 7, 1),
(474, 6, '210', 'Advances from Provincialate', 0, NULL, 5, 1),
(475, 6, '410', 'Mass Stipend/ Ministerial Services', 0, NULL, 9, 1),
(476, 6, '411', 'Mass Collections', 0, NULL, 9, 1),
(477, 6, '412', 'School contribution', 0, NULL, 9, 1),
(478, 6, '413', 'Parish Contributions', 0, NULL, 9, 1),
(479, 6, '414', 'Other income', 0, NULL, 9, 1),
(480, 6, '415', 'Donations', 0, NULL, 9, 1),
(481, 6, '416', 'Fund Raising Projects', 0, NULL, 9, 1),
(482, 6, '417', 'Interest Income', 0, NULL, 9, 1),
(483, 6, '418', 'Sponsorship', 0, NULL, 9, 1),
(484, 6, '419', 'Subsidy from Provincialate', 0, NULL, 9, 1),
(485, 6, '510', 'Provincialate', 0, NULL, 10, 1),
(486, 6, '511', 'Remedy', 0, NULL, 10, 1),
(487, 6, '512A', 'Ordinary', 0, NULL, 11, 1),
(488, 6, '512B', 'Birthday and Special Occasions', 0, NULL, 11, 1),
(489, 6, '513', 'Salaries & Wages', 0, NULL, 11, 1),
(490, 6, '514', '13th Month Pay', 0, NULL, 11, 1),
(491, 6, '515', 'SSS, Philhealth, Pag-ibig', 0, NULL, 11, 1),
(492, 6, '516', 'OAR Retirement', 0, NULL, 11, 1),
(493, 6, '517', 'Employees Benefit', 0, NULL, 11, 1),
(494, 6, '518', 'Allowance Religious', 0, NULL, 11, 1),
(495, 6, '519', 'Allowance - Working Student', 0, NULL, 11, 1),
(496, 6, '520', 'Transportation and Travel', 0, NULL, 11, 1),
(497, 6, '521', 'Repairs and Maintenance', 0, NULL, 11, 1),
(498, 6, '521A', 'Repairs and Maintenance-Building', 0, NULL, 11, 1),
(499, 6, '521B', 'Repairs and Maintenance-Vehicle', 0, NULL, 11, 1),
(500, 6, '521C', 'Repairs and Maintenance-Furniture\'s and equipment', 0, NULL, 11, 1),
(501, 6, '522', 'Household Supplies', 0, NULL, 11, 1),
(502, 6, '523', 'Office supplies', 0, NULL, 11, 1),
(503, 6, '524', 'Clothing and Personal Expenses', 0, NULL, 11, 1),
(504, 6, '525', 'Representation', 0, NULL, 11, 1),
(505, 6, '526', 'Marketing and Promotion', 0, NULL, 11, 1),
(506, 6, '527', 'Postage, telephone and cable expense', 0, NULL, 11, 1),
(507, 6, '528', 'Professional and Legal Fees', 0, NULL, 11, 1),
(508, 6, '529', 'Outside Services', 0, NULL, 11, 1),
(509, 6, '530', 'Gasoline, Fuel and Oil', 0, NULL, 11, 1),
(510, 6, '531', 'Books, Periodicals, and Magazines', 0, NULL, 11, 1),
(511, 6, '532', 'Liturgical Paraphernalia', 0, NULL, 11, 1),
(512, 6, '533', 'Religious and Personal Development', 0, NULL, 11, 1),
(513, 6, '534', 'Retreats, Recollections & Seminars', 0, NULL, 11, 1),
(514, 6, '535', 'Scholarship', 0, NULL, 11, 1),
(515, 6, '536', 'Sports and Recreation', 0, NULL, 11, 1),
(516, 6, '537', 'Medical and Dental', 0, NULL, 11, 1),
(517, 6, '538', 'Donations and charitable contributions', 0, NULL, 11, 1),
(518, 6, '539', 'OAR Mission', 0, NULL, 11, 1),
(519, 6, '540', 'Vocation Promotion', 0, NULL, 11, 1),
(520, 6, '541', 'Taxes, Licenses & Other Fees', 0, NULL, 11, 1),
(521, 6, '542', 'Insurance expenses', 0, NULL, 11, 1),
(522, 6, '543', 'Light and water', 0, NULL, 11, 1),
(523, 6, '544', 'Depreciation Expense', 0, NULL, 11, 1),
(524, 6, '545', 'Amortization Expense', 0, NULL, 11, 1),
(525, 6, '546', 'Livestock Expenses', 0, NULL, 11, 1),
(526, 6, '547', 'Miscellaneous Expenses', 0, NULL, 11, 1),
(527, 7, '110', 'Revolving/Pettycash fund', 0, NULL, 1, 1),
(528, 7, '111', 'Cash on hand', 0, NULL, 1, 1),
(529, 7, '112', 'Cash in bank', 0, NULL, 1, 1),
(530, 7, '113', 'Time Deposit', 0, NULL, 1, 1),
(531, 7, '114', 'Advances to employees', 0, NULL, 2, 1),
(532, 7, '115', 'Advances - Other Communities/ School', 0, NULL, 2, 1),
(533, 7, '116', 'Building improvement - Convent House', 0, NULL, 3, 1),
(534, 7, '117', 'Transportation equipment', 0, NULL, 3, 1),
(535, 7, '118', 'Furniture\'s and fixtures', 0, NULL, 3, 1),
(536, 7, '119', 'Household and kitchen equipment', 0, NULL, 3, 1),
(537, 7, '120', 'Investment Property', 0, NULL, 3, 1),
(538, 7, '121', 'Biological Assets', 0, NULL, 3, 1),
(539, 7, '122', 'Accum.Depreciation-Building improvement- Convent House', 0, NULL, 4, 1),
(540, 7, '123', 'Accum.Depreciation-Transportation equipment', 0, NULL, 4, 1),
(541, 7, '124', 'Accum.Depreciation-Furniture\'s and fixtures', 0, NULL, 4, 1),
(542, 7, '125', 'Accum.Depreciation-Household and kitchen equipment', 0, NULL, 4, 1),
(543, 7, '126', 'Accum.Depreciation-Biological Assets', 0, NULL, 4, 1),
(544, 7, '127', 'DONATED FUNDS', 0, NULL, 8, 1),
(545, 7, '300', 'FUND BALANCE', 0, NULL, 7, 1),
(546, 7, '210', 'Advances from Provincialate', 0, NULL, 5, 1),
(547, 7, '410', 'Mass Stipend/ Ministerial Services', 0, NULL, 9, 1),
(548, 7, '411', 'Mass Collections', 0, NULL, 9, 1),
(549, 7, '412', 'School contribution', 0, NULL, 9, 1),
(550, 7, '413', 'Parish Contributions', 0, NULL, 9, 1),
(551, 7, '414', 'Other income', 0, NULL, 9, 1),
(552, 7, '415', 'Donations', 0, NULL, 9, 1),
(553, 7, '416', 'Fund Raising Projects', 0, NULL, 9, 1),
(554, 7, '417', 'Interest Income', 0, NULL, 9, 1),
(555, 7, '418', 'Sponsorship', 0, NULL, 9, 1),
(556, 7, '419', 'Subsidy from Provincialate', 0, NULL, 9, 1),
(557, 7, '510', 'Provincialate', 0, NULL, 10, 1),
(558, 7, '511', 'Remedy', 0, NULL, 10, 1),
(559, 7, '512A', 'Ordinary', 0, NULL, 11, 1),
(560, 7, '512B', 'Birthday and Special Occasions', 0, NULL, 11, 1),
(561, 7, '513', 'Salaries & Wages', 0, NULL, 11, 1),
(562, 7, '514', '13th Month Pay', 0, NULL, 11, 1),
(563, 7, '515', 'SSS, Philhealth, Pag-ibig', 0, NULL, 11, 1),
(564, 7, '516', 'OAR Retirement', 0, NULL, 11, 1),
(565, 7, '517', 'Employees Benefit', 0, NULL, 11, 1),
(566, 7, '518', 'Allowance Religious', 0, NULL, 11, 1),
(567, 7, '519', 'Allowance - Working Student', 0, NULL, 11, 1),
(568, 7, '520', 'Transportation and Travel', 0, NULL, 11, 1),
(569, 7, '521', 'Repairs and Maintenance', 0, NULL, 11, 1),
(570, 7, '521A', 'Repairs and Maintenance-Building', 0, NULL, 11, 1),
(571, 7, '521B', 'Repairs and Maintenance-Vehicle', 0, NULL, 11, 1),
(572, 7, '521C', 'Repairs and Maintenance-Furniture\'s and equipment', 0, NULL, 11, 1),
(573, 7, '522', 'Household Supplies', 0, NULL, 11, 1),
(574, 7, '523', 'Office supplies', 0, NULL, 11, 1),
(575, 7, '524', 'Clothing and Personal Expenses', 0, NULL, 11, 1),
(576, 7, '525', 'Representation', 0, NULL, 11, 1),
(577, 7, '526', 'Marketing and Promotion', 0, NULL, 11, 1),
(578, 7, '527', 'Postage, telephone and cable expense', 0, NULL, 11, 1),
(579, 7, '528', 'Professional and Legal Fees', 0, NULL, 11, 1),
(580, 7, '529', 'Outside Services', 0, NULL, 11, 1),
(581, 7, '530', 'Gasoline, Fuel and Oil', 0, NULL, 11, 1),
(582, 7, '531', 'Books, Periodicals, and Magazines', 0, NULL, 11, 1),
(583, 7, '532', 'Liturgical Paraphernalia', 0, NULL, 11, 1),
(584, 7, '533', 'Religious and Personal Development', 0, NULL, 11, 1),
(585, 7, '534', 'Retreats, Recollections & Seminars', 0, NULL, 11, 1),
(586, 7, '535', 'Scholarship', 0, NULL, 11, 1),
(587, 7, '536', 'Sports and Recreation', 0, NULL, 11, 1),
(588, 7, '537', 'Medical and Dental', 0, NULL, 11, 1),
(589, 7, '538', 'Donations and charitable contributions', 0, NULL, 11, 1),
(590, 7, '539', 'OAR Mission', 0, NULL, 11, 1),
(591, 7, '540', 'Vocation Promotion', 0, NULL, 11, 1),
(592, 7, '541', 'Taxes, Licenses & Other Fees', 0, NULL, 11, 1),
(593, 7, '542', 'Insurance expenses', 0, NULL, 11, 1),
(594, 7, '543', 'Light and water', 0, NULL, 11, 1),
(595, 7, '544', 'Depreciation Expense', 0, NULL, 11, 1),
(596, 7, '545', 'Amortization Expense', 0, NULL, 11, 1),
(597, 7, '546', 'Livestock Expenses', 0, NULL, 11, 1),
(598, 7, '547', 'Miscellaneous Expenses', 0, NULL, 11, 1),
(599, 8, '110', 'Revolving/Pettycash fund', 0, NULL, 1, 1),
(600, 8, '111', 'Cash on hand', 0, NULL, 1, 1),
(601, 8, '112', 'Cash in bank', 0, NULL, 1, 1),
(602, 8, '113', 'Time Deposit', 0, NULL, 1, 1),
(603, 8, '114', 'Advances to employees', 0, NULL, 2, 1),
(604, 8, '115', 'Advances - Other Communities/ School', 0, NULL, 2, 1),
(605, 8, '116', 'Building improvement - Convent House', 0, NULL, 3, 1),
(606, 8, '117', 'Transportation equipment', 0, NULL, 3, 1),
(607, 8, '118', 'Furniture\'s and fixtures', 0, NULL, 3, 1),
(608, 8, '119', 'Household and kitchen equipment', 0, NULL, 3, 1),
(609, 8, '120', 'Investment Property', 0, NULL, 3, 1),
(610, 8, '121', 'Biological Assets', 0, NULL, 3, 1),
(611, 8, '122', 'Accum.Depreciation-Building improvement- Convent House', 0, NULL, 4, 1),
(612, 8, '123', 'Accum.Depreciation-Transportation equipment', 0, NULL, 4, 1),
(613, 8, '124', 'Accum.Depreciation-Furniture\'s and fixtures', 0, NULL, 4, 1),
(614, 8, '125', 'Accum.Depreciation-Household and kitchen equipment', 0, NULL, 4, 1),
(615, 8, '126', 'Accum.Depreciation-Biological Assets', 0, NULL, 4, 1),
(616, 8, '127', 'DONATED FUNDS', 0, NULL, 8, 1),
(617, 8, '300', 'FUND BALANCE', 0, NULL, 7, 1),
(618, 8, '210', 'Advances from Provincialate', 0, NULL, 5, 1),
(619, 8, '410', 'Mass Stipend/ Ministerial Services', 0, NULL, 9, 1),
(620, 8, '411', 'Mass Collections', 0, NULL, 9, 1),
(621, 8, '412', 'School contribution', 0, NULL, 9, 1),
(622, 8, '413', 'Parish Contributions', 0, NULL, 9, 1),
(623, 8, '414', 'Other income', 0, NULL, 9, 1),
(624, 8, '415', 'Donations', 0, NULL, 9, 1),
(625, 8, '416', 'Fund Raising Projects', 0, NULL, 9, 1),
(626, 8, '417', 'Interest Income', 0, NULL, 9, 1),
(627, 8, '418', 'Sponsorship', 0, NULL, 9, 1),
(628, 8, '419', 'Subsidy from Provincialate', 0, NULL, 9, 1),
(629, 8, '510', 'Provincialate', 0, NULL, 10, 1),
(630, 8, '511', 'Remedy', 0, NULL, 10, 1),
(631, 8, '512A', 'Ordinary', 0, NULL, 11, 1),
(632, 8, '512B', 'Birthday and Special Occasions', 0, NULL, 11, 1),
(633, 8, '513', 'Salaries & Wages', 0, NULL, 11, 1),
(634, 8, '514', '13th Month Pay', 0, NULL, 11, 1),
(635, 8, '515', 'SSS, Philhealth, Pag-ibig', 0, NULL, 11, 1),
(636, 8, '516', 'OAR Retirement', 0, NULL, 11, 1),
(637, 8, '517', 'Employees Benefit', 0, NULL, 11, 1),
(638, 8, '518', 'Allowance Religious', 0, NULL, 11, 1),
(639, 8, '519', 'Allowance - Working Student', 0, NULL, 11, 1),
(640, 8, '520', 'Transportation and Travel', 0, NULL, 11, 1),
(641, 8, '521', 'Repairs and Maintenance', 0, NULL, 11, 1),
(642, 8, '521A', 'Repairs and Maintenance-Building', 0, NULL, 11, 1),
(643, 8, '521B', 'Repairs and Maintenance-Vehicle', 0, NULL, 11, 1),
(644, 8, '521C', 'Repairs and Maintenance-Furniture\'s and equipment', 0, NULL, 11, 1),
(645, 8, '522', 'Household Supplies', 0, NULL, 11, 1),
(646, 8, '523', 'Office supplies', 0, NULL, 11, 1),
(647, 8, '524', 'Clothing and Personal Expenses', 0, NULL, 11, 1),
(648, 8, '525', 'Representation', 0, NULL, 11, 1),
(649, 8, '526', 'Marketing and Promotion', 0, NULL, 11, 1),
(650, 8, '527', 'Postage, telephone and cable expense', 0, NULL, 11, 1),
(651, 8, '528', 'Professional and Legal Fees', 0, NULL, 11, 1),
(652, 8, '529', 'Outside Services', 0, NULL, 11, 1),
(653, 8, '530', 'Gasoline, Fuel and Oil', 0, NULL, 11, 1),
(654, 8, '531', 'Books, Periodicals, and Magazines', 0, NULL, 11, 1),
(655, 8, '532', 'Liturgical Paraphernalia', 0, NULL, 11, 1),
(656, 8, '533', 'Religious and Personal Development', 0, NULL, 11, 1),
(657, 8, '534', 'Retreats, Recollections & Seminars', 0, NULL, 11, 1),
(658, 8, '535', 'Scholarship', 0, NULL, 11, 1),
(659, 8, '536', 'Sports and Recreation', 0, NULL, 11, 1),
(660, 8, '537', 'Medical and Dental', 0, NULL, 11, 1),
(661, 8, '538', 'Donations and charitable contributions', 0, NULL, 11, 1),
(662, 8, '539', 'OAR Mission', 0, NULL, 11, 1),
(663, 8, '540', 'Vocation Promotion', 0, NULL, 11, 1),
(664, 8, '541', 'Taxes, Licenses & Other Fees', 0, NULL, 11, 1),
(665, 8, '542', 'Insurance expenses', 0, NULL, 11, 1),
(666, 8, '543', 'Light and water', 0, NULL, 11, 1),
(667, 8, '544', 'Depreciation Expense', 0, NULL, 11, 1),
(668, 8, '545', 'Amortization Expense', 0, NULL, 11, 1),
(669, 8, '546', 'Livestock Expenses', 0, NULL, 11, 1),
(670, 8, '547', 'Miscellaneous Expenses', 0, NULL, 11, 1),
(671, 9, '110', 'Revolving/Pettycash fund', 0, NULL, 1, 1),
(672, 9, '111', 'Cash on hand', 0, NULL, 1, 1),
(673, 9, '112', 'Cash in bank', 0, NULL, 1, 1),
(674, 9, '113', 'Time Deposit', 0, NULL, 1, 1),
(675, 9, '114', 'Advances to employees', 0, NULL, 2, 1),
(676, 9, '115', 'Advances - Other Communities/ School', 0, NULL, 2, 1),
(677, 9, '116', 'Building improvement - Convent House', 0, NULL, 3, 1),
(678, 9, '117', 'Transportation equipment', 0, NULL, 3, 1),
(679, 9, '118', 'Furniture\'s and fixtures', 0, NULL, 3, 1),
(680, 9, '119', 'Household and kitchen equipment', 0, NULL, 3, 1),
(681, 9, '120', 'Investment Property', 0, NULL, 3, 1),
(682, 9, '121', 'Biological Assets', 0, NULL, 3, 1),
(683, 9, '122', 'Accum.Depreciation-Building improvement- Convent House', 0, NULL, 4, 1),
(684, 9, '123', 'Accum.Depreciation-Transportation equipment', 0, NULL, 4, 1),
(685, 9, '124', 'Accum.Depreciation-Furniture\'s and fixtures', 0, NULL, 4, 1),
(686, 9, '125', 'Accum.Depreciation-Household and kitchen equipment', 0, NULL, 4, 1),
(687, 9, '126', 'Accum.Depreciation-Biological Assets', 0, NULL, 4, 1),
(688, 9, '127', 'DONATED FUNDS', 0, NULL, 8, 1),
(689, 9, '300', 'FUND BALANCE', 0, NULL, 7, 1),
(690, 9, '210', 'Advances from Provincialate', 0, NULL, 5, 1),
(691, 9, '410', 'Mass Stipend/ Ministerial Services', 0, NULL, 9, 1),
(692, 9, '411', 'Mass Collections', 0, NULL, 9, 1),
(693, 9, '412', 'School contribution', 0, NULL, 9, 1),
(694, 9, '413', 'Parish Contributions', 0, NULL, 9, 1),
(695, 9, '414', 'Other income', 0, NULL, 9, 1),
(696, 9, '415', 'Donations', 0, NULL, 9, 1),
(697, 9, '416', 'Fund Raising Projects', 0, NULL, 9, 1),
(698, 9, '417', 'Interest Income', 0, NULL, 9, 1),
(699, 9, '418', 'Sponsorship', 0, NULL, 9, 1),
(700, 9, '419', 'Subsidy from Provincialate', 0, NULL, 9, 1),
(701, 9, '510', 'Provincialate', 0, NULL, 10, 1),
(702, 9, '511', 'Remedy', 0, NULL, 10, 1),
(703, 9, '512A', 'Ordinary', 0, NULL, 11, 1),
(704, 9, '512B', 'Birthday and Special Occasions', 0, NULL, 11, 1),
(705, 9, '513', 'Salaries & Wages', 0, NULL, 11, 1),
(706, 9, '514', '13th Month Pay', 0, NULL, 11, 1),
(707, 9, '515', 'SSS, Philhealth, Pag-ibig', 0, NULL, 11, 1),
(708, 9, '516', 'OAR Retirement', 0, NULL, 11, 1),
(709, 9, '517', 'Employees Benefit', 0, NULL, 11, 1),
(710, 9, '518', 'Allowance Religious', 0, NULL, 11, 1),
(711, 9, '519', 'Allowance - Working Student', 0, NULL, 11, 1),
(712, 9, '520', 'Transportation and Travel', 0, NULL, 11, 1),
(713, 9, '521', 'Repairs and Maintenance', 0, NULL, 11, 1),
(714, 9, '521A', 'Repairs and Maintenance-Building', 0, NULL, 11, 1),
(715, 9, '521B', 'Repairs and Maintenance-Vehicle', 0, NULL, 11, 1),
(716, 9, '521C', 'Repairs and Maintenance-Furniture\'s and equipment', 0, NULL, 11, 1),
(717, 9, '522', 'Household Supplies', 0, NULL, 11, 1),
(718, 9, '523', 'Office supplies', 0, NULL, 11, 1),
(719, 9, '524', 'Clothing and Personal Expenses', 0, NULL, 11, 1),
(720, 9, '525', 'Representation', 0, NULL, 11, 1),
(721, 9, '526', 'Marketing and Promotion', 0, NULL, 11, 1),
(722, 9, '527', 'Postage, telephone and cable expense', 0, NULL, 11, 1),
(723, 9, '528', 'Professional and Legal Fees', 0, NULL, 11, 1),
(724, 9, '529', 'Outside Services', 0, NULL, 11, 1),
(725, 9, '530', 'Gasoline, Fuel and Oil', 0, NULL, 11, 1),
(726, 9, '531', 'Books, Periodicals, and Magazines', 0, NULL, 11, 1),
(727, 9, '532', 'Liturgical Paraphernalia', 0, NULL, 11, 1),
(728, 9, '533', 'Religious and Personal Development', 0, NULL, 11, 1),
(729, 9, '534', 'Retreats, Recollections & Seminars', 0, NULL, 11, 1),
(730, 9, '535', 'Scholarship', 0, NULL, 11, 1),
(731, 9, '536', 'Sports and Recreation', 0, NULL, 11, 1),
(732, 9, '537', 'Medical and Dental', 0, NULL, 11, 1),
(733, 9, '538', 'Donations and charitable contributions', 0, NULL, 11, 1),
(734, 9, '539', 'OAR Mission', 0, NULL, 11, 1),
(735, 9, '540', 'Vocation Promotion', 0, NULL, 11, 1),
(736, 9, '541', 'Taxes, Licenses & Other Fees', 0, NULL, 11, 1),
(737, 9, '542', 'Insurance expenses', 0, NULL, 11, 1),
(738, 9, '543', 'Light and water', 0, NULL, 11, 1),
(739, 9, '544', 'Depreciation Expense', 0, NULL, 11, 1),
(740, 9, '545', 'Amortization Expense', 0, NULL, 11, 1),
(741, 9, '546', 'Livestock Expenses', 0, NULL, 11, 1),
(742, 9, '547', 'Miscellaneous Expenses', 0, NULL, 11, 1),
(743, 10, '110', 'Revolving/Pettycash fund', 0, NULL, 1, 1),
(744, 10, '111', 'Cash on hand', 0, NULL, 1, 1),
(745, 10, '112', 'Cash in bank BPI-8873-0864-09', 0, NULL, 1, 1),
(746, 10, '113', 'Time Deposit', 0, NULL, 1, 1),
(747, 10, '114', 'Advances to employees', 0, NULL, 2, 1),
(748, 10, '115', 'Advances - Other Communities/ School', 0, NULL, 2, 1),
(749, 10, '116', 'Building improvement - Convent House', 0, NULL, 3, 1),
(750, 10, '117', 'Transportation equipment', 0, NULL, 3, 1),
(751, 10, '118', 'Furniture\'s and fixtures', 0, NULL, 3, 1),
(752, 10, '119', 'Household and kitchen equipment', 0, NULL, 3, 1),
(753, 10, '120', 'Investment Property', 0, NULL, 3, 1),
(754, 10, '121', 'Biological Assets', 0, NULL, 3, 1),
(755, 10, '122', 'Accum.Depreciation-Building improvement- Convent House', 0, NULL, 4, 1),
(756, 10, '123', 'Accum.Depreciation-Transportation equipment', 0, NULL, 4, 1),
(757, 10, '124', 'Accum.Depreciation-Furniture\'s and fixtures', 0, NULL, 4, 1),
(758, 10, '125', 'Accum.Depreciation-Household and kitchen equipment', 0, NULL, 4, 1),
(759, 10, '126', 'Accum.Depreciation-Biological Assets', 0, NULL, 4, 1),
(760, 10, '127', 'DONATED FUNDS', 0, NULL, 8, 1),
(761, 10, '300', 'FUND BALANCE', 0, NULL, 7, 1),
(762, 10, '210', 'Advances from Provincialate', 0, NULL, 5, 1),
(763, 10, '410', 'Mass Stipend/ Ministerial Services', 0, NULL, 9, 1),
(764, 10, '411', 'Mass Collections', 0, NULL, 9, 1),
(765, 10, '412', 'School contribution', 0, NULL, 9, 1),
(766, 10, '413', 'Parish Contributions', 0, NULL, 9, 1),
(767, 10, '414', 'Other income', 0, NULL, 9, 1),
(768, 10, '415', 'Donations', 0, NULL, 9, 1),
(769, 10, '416', 'Fund Raising Projects', 0, NULL, 9, 1),
(770, 10, '417', 'Interest Income', 0, NULL, 9, 1),
(771, 10, '418', 'Sponsorship', 0, NULL, 9, 1),
(772, 10, '419', 'Subsidy from Provincialate', 0, NULL, 9, 1),
(773, 10, '510', 'Provincialate', 0, NULL, 10, 1),
(774, 10, '511', 'Remedy', 0, NULL, 10, 1),
(775, 10, '512A', 'Meals and Subsistence-Ordinary', 0, NULL, 11, 1),
(776, 10, '512B', 'Meals and Subsistence-Birthday and Special Occasions', 0, NULL, 11, 1),
(777, 10, '513', 'Salaries & Wages', 0, NULL, 11, 1),
(778, 10, '514', '13th Month Pay', 0, NULL, 11, 1),
(779, 10, '515', 'SSS, Philhealth, Pag-ibig', 0, NULL, 11, 1),
(780, 10, '516', 'OAR Retirement', 0, NULL, 11, 1),
(781, 10, '517', 'Employees Benefit', 0, NULL, 11, 1),
(782, 10, '518', 'Allowance Religious', 0, NULL, 11, 1),
(783, 10, '519', 'Allowance - Working Student', 0, NULL, 11, 1),
(784, 10, '520', 'Transportation and Travel', 0, NULL, 11, 1),
(785, 10, '521', 'Repairs and Maintenance', 0, NULL, 11, 1),
(786, 10, '521A', 'Repairs and Maintenance-Building', 0, NULL, 11, 1),
(787, 10, '521B', 'Repairs and Maintenance-Vehicle', 0, NULL, 11, 1),
(788, 10, '521C', 'Repairs and Maintenance-Furniture\'s and equipment', 0, NULL, 11, 1),
(789, 10, '522', 'Household Supplies', 0, NULL, 11, 1),
(790, 10, '523', 'Office supplies', 0, NULL, 11, 1),
(791, 10, '524', 'Clothing and Personal Expenses', 0, NULL, 11, 1),
(792, 10, '525', 'Representation', 0, NULL, 11, 1),
(793, 10, '526', 'Marketing and Promotion', 0, NULL, 11, 1),
(794, 10, '527', 'Postage, telephone and cable expense', 0, NULL, 11, 1),
(795, 10, '528', 'Professional and Legal Fees', 0, NULL, 11, 1),
(796, 10, '529', 'Outside Services', 0, NULL, 11, 1),
(797, 10, '530', 'Gasoline, Fuel and Oil', 0, NULL, 11, 1),
(798, 10, '531', 'Books, Periodicals, and Magazines', 0, NULL, 11, 1),
(799, 10, '532', 'Liturgical Paraphernalia', 0, NULL, 11, 1),
(800, 10, '533', 'Religious and Personal Development', 0, NULL, 11, 1),
(801, 10, '534', 'Retreats, Recollections & Seminars', 0, NULL, 11, 1),
(802, 10, '535', 'Scholarship', 0, NULL, 11, 1),
(803, 10, '536', 'Sports and Recreation', 0, NULL, 11, 1),
(804, 10, '537', 'Medical and Dental', 0, NULL, 11, 1),
(805, 10, '538', 'Donations and charitable contributions', 0, NULL, 11, 1),
(806, 10, '539', 'OAR Mission', 0, NULL, 11, 1),
(807, 10, '540', 'Vocation Promotion', 0, NULL, 11, 1),
(808, 10, '541', 'Taxes, Licenses & Other Fees', 0, NULL, 11, 1),
(809, 10, '542', 'Insurance expenses', 0, NULL, 11, 1),
(810, 10, '543', 'Light and water', 0, NULL, 11, 1),
(811, 10, '544', 'Depreciation Expense', 0, NULL, 11, 1),
(812, 10, '545', 'Amortization Expense', 0, NULL, 11, 1),
(813, 10, '546', 'Livestock Expenses', 0, NULL, 11, 1),
(814, 10, '547', 'Miscellaneous Expenses', 0, NULL, 11, 1),
(815, 11, '110', 'Revolving/Pettycash fund', 0, NULL, 1, 1),
(816, 11, '111', 'Cash on hand', 0, NULL, 1, 1),
(817, 11, '112', 'Cash in Bank BPI-1033-2050-38', 0, NULL, 1, 1),
(818, 11, '113', 'Time Deposit', 0, NULL, 1, 1),
(819, 11, '114', 'Advances to employees', 0, NULL, 2, 1),
(820, 11, '115', 'Advances - Other Communities/ School', 0, NULL, 2, 1),
(821, 11, '116', 'Building improvement - Convent House', 0, NULL, 3, 1),
(822, 11, '117', 'Transportation equipment', 0, NULL, 3, 1),
(823, 11, '118', 'Furniture\'s and fixtures', 0, NULL, 3, 1),
(824, 11, '119', 'Household and kitchen equipment', 0, NULL, 3, 1),
(825, 11, '120', 'Investment Property', 0, NULL, 3, 1),
(826, 11, '121', 'Biological Assets', 0, NULL, 3, 1),
(827, 11, '122', 'Accum.Depreciation-Building improvement- Convent House', 0, NULL, 4, 1),
(828, 11, '123', 'Accum.Depreciation-Transportation equipment', 0, NULL, 4, 1),
(829, 11, '124', 'Accum.Depreciation-Furniture\'s and fixtures', 0, NULL, 4, 1),
(830, 11, '125', 'Accum.Depreciation-Household and kitchen equipment', 0, NULL, 4, 1),
(831, 11, '126', 'Accum.Depreciation-Biological Assets', 0, NULL, 4, 1),
(832, 11, '127', 'DONATED FUNDS', 0, NULL, 8, 1),
(833, 11, '300', 'FUND BALANCE', 0, NULL, 7, 1),
(834, 11, '210', 'Advances from Provincialate', 0, NULL, 5, 1),
(835, 11, '410', 'Mass Stipend/ Ministerial Services', 0, NULL, 9, 1),
(836, 11, '411', 'Mass Collections', 0, NULL, 9, 1),
(837, 11, '412', 'School contribution', 0, NULL, 9, 1),
(838, 11, '413', 'Parish Contributions', 0, NULL, 9, 1),
(839, 11, '414', 'Other income', 0, NULL, 9, 1),
(840, 11, '415', 'Donations', 0, NULL, 9, 1),
(841, 11, '416', 'Fund Raising Projects', 0, NULL, 9, 1),
(842, 11, '417', 'Interest Income', 0, NULL, 9, 1),
(843, 11, '418', 'Sponsorship', 0, NULL, 9, 1),
(844, 11, '419', 'Subsidy from Provincialate', 0, NULL, 9, 1),
(845, 11, '510', 'Provincialate', 0, NULL, 10, 1),
(846, 11, '511', 'Remedy', 0, NULL, 10, 1),
(847, 11, '512A', 'Ordinary', 0, NULL, 11, 1),
(848, 11, '512B', 'Birthday and Special Occasions', 0, NULL, 11, 1),
(849, 11, '513', 'Salaries & Wages', 0, NULL, 11, 1),
(850, 11, '514', '13th Month Pay', 0, NULL, 11, 1),
(851, 11, '515', 'SSS, Philhealth, Pag-ibig', 0, NULL, 11, 1),
(852, 11, '516', 'OAR Retirement', 0, NULL, 11, 1),
(853, 11, '517', 'Employees Benefit', 0, NULL, 11, 1),
(854, 11, '518', 'Allowance Religious', 0, NULL, 11, 1),
(855, 11, '519', 'Allowance - Working Student', 0, NULL, 11, 1),
(856, 11, '520', 'Transportation and Travel', 0, NULL, 11, 1),
(857, 11, '521', 'Repairs and Maintenance', 0, NULL, 11, 1),
(858, 11, '521A', 'Repairs and Maintenance-Building', 0, NULL, 11, 1),
(859, 11, '521B', 'Repairs and Maintenance-Vehicle', 0, NULL, 11, 1),
(860, 11, '521C', 'Repairs and Maintenance-Furniture\'s and equipment', 0, NULL, 11, 1),
(861, 11, '522', 'Household Supplies', 0, NULL, 11, 1),
(862, 11, '523', 'Office supplies', 0, NULL, 11, 1),
(863, 11, '524', 'Clothing and Personal Expenses', 0, NULL, 11, 1),
(864, 11, '525', 'Representation', 0, NULL, 11, 1),
(865, 11, '526', 'Marketing and Promotion', 0, NULL, 11, 1),
(866, 11, '527', 'Postage, telephone and cable expense', 0, NULL, 11, 1),
(867, 11, '528', 'Professional and Legal Fees', 0, NULL, 11, 1),
(868, 11, '529', 'Outside Services', 0, NULL, 11, 1),
(869, 11, '530', 'Gasoline, Fuel and Oil', 0, NULL, 11, 1),
(870, 11, '531', 'Books, Periodicals, and Magazines', 0, NULL, 11, 1),
(871, 11, '532', 'Liturgical Paraphernalia', 0, NULL, 11, 1),
(872, 11, '533', 'Religious and Personal Development', 0, NULL, 11, 1),
(873, 11, '534', 'Retreats, Recollections & Seminars', 0, NULL, 11, 1),
(874, 11, '535', 'Scholarship', 0, NULL, 11, 1),
(875, 11, '536', 'Sports and Recreation', 0, NULL, 11, 1),
(876, 11, '537', 'Medical and Dental', 0, NULL, 11, 1);
INSERT INTO `chartofaccounts_tbl` (`Id`, `Community_Id`, `Code`, `Title`, `Beginning_Balance`, `Account_Group_Id`, `Account_Type_Id`, `Status`) VALUES
(877, 11, '538', 'Donations and charitable contributions', 0, NULL, 11, 1),
(878, 11, '539', 'OAR Mission', 0, NULL, 11, 1),
(879, 11, '540', 'Vocation Promotion', 0, NULL, 11, 1),
(880, 11, '541', 'Taxes, Licenses & Other Fees', 0, NULL, 11, 1),
(881, 11, '542', 'Insurance expenses', 0, NULL, 11, 1),
(882, 11, '543', 'Light and water', 0, NULL, 11, 1),
(883, 11, '544', 'Depreciation Expense', 0, NULL, 11, 1),
(884, 11, '545', 'Amortization Expense', 0, NULL, 11, 1),
(885, 11, '546', 'Livestock Expenses', 0, NULL, 11, 1),
(886, 11, '547', 'Miscellaneous Expenses', 0, NULL, 11, 1),
(887, 12, '110', 'Revolving/Pettycash fund', 0, NULL, 1, 1),
(888, 12, '111', 'Cash on hand', 0, NULL, 1, 1),
(889, 12, '112', 'Cash in bank', 0, NULL, 1, 1),
(890, 12, '113', 'Time Deposit', 0, NULL, 1, 1),
(891, 12, '114', 'Advances to employees', 0, NULL, 2, 1),
(892, 12, '115', 'Advances - Other Communities/ School', 0, NULL, 2, 1),
(893, 12, '116', 'Building improvement - Convent House', 0, NULL, 3, 1),
(894, 12, '117', 'Transportation equipment', 0, NULL, 3, 1),
(895, 12, '118', 'Furniture\'s and fixtures', 0, NULL, 3, 1),
(896, 12, '119', 'Household and kitchen equipment', 0, NULL, 3, 1),
(897, 12, '120', 'Investment Property', 0, NULL, 3, 1),
(898, 12, '121', 'Biological Assets', 0, NULL, 3, 1),
(899, 12, '122', 'Accum.Depreciation-Building improvement- Convent House', 0, NULL, 4, 1),
(900, 12, '123', 'Accum.Depreciation-Transportation equipment', 0, NULL, 4, 1),
(901, 12, '124', 'Accum.Depreciation-Furniture\'s and fixtures', 0, NULL, 4, 1),
(902, 12, '125', 'Accum.Depreciation-Household and kitchen equipment', 0, NULL, 4, 1),
(903, 12, '126', 'Accum.Depreciation-Biological Assets', 0, NULL, 4, 1),
(904, 12, '127', 'DONATED FUNDS', 0, NULL, 8, 1),
(905, 12, '300', 'FUND BALANCE', 0, NULL, 7, 1),
(906, 12, '210', 'Advances from Provincialate', 0, NULL, 5, 1),
(907, 12, '410', 'Mass Stipend/ Ministerial Services', 0, NULL, 9, 1),
(908, 12, '411', 'Mass Collections', 0, NULL, 9, 1),
(909, 12, '412', 'School contribution', 0, NULL, 9, 1),
(910, 12, '413', 'Parish Contributions', 0, NULL, 9, 1),
(911, 12, '414', 'Other income', 0, NULL, 9, 1),
(912, 12, '415', 'Donations', 0, NULL, 9, 1),
(913, 12, '416', 'Fund Raising Projects', 0, NULL, 9, 1),
(914, 12, '417', 'Interest Income', 0, NULL, 9, 1),
(915, 12, '418', 'Sponsorship', 0, NULL, 9, 1),
(916, 12, '419', 'Subsidy from Provincialate', 0, NULL, 9, 1),
(917, 12, '510', 'Provincialate', 0, NULL, 10, 1),
(918, 12, '511', 'Remedy', 0, NULL, 10, 1),
(919, 12, '512A', 'Ordinary', 0, NULL, 11, 1),
(920, 12, '512B', 'Birthday and Special Occasions', 0, NULL, 11, 1),
(921, 12, '513', 'Salaries & Wages', 0, NULL, 11, 1),
(922, 12, '514', '13th Month Pay', 0, NULL, 11, 1),
(923, 12, '515', 'SSS, Philhealth, Pag-ibig', 0, NULL, 11, 1),
(924, 12, '516', 'OAR Retirement', 0, NULL, 11, 1),
(925, 12, '517', 'Employees Benefit', 0, NULL, 11, 1),
(926, 12, '518', 'Allowance Religious', 0, NULL, 11, 1),
(927, 12, '519', 'Allowance - Working Student', 0, NULL, 11, 1),
(928, 12, '520', 'Transportation and Travel', 0, NULL, 11, 1),
(929, 12, '521', 'Repairs and Maintenance', 0, NULL, 11, 1),
(930, 12, '521A', 'Repairs and Maintenance-Building', 0, NULL, 11, 1),
(931, 12, '521B', 'Repairs and Maintenance-Vehicle', 0, NULL, 11, 1),
(932, 12, '521C', 'Repairs and Maintenance-Furniture\'s and equipment', 0, NULL, 11, 1),
(933, 12, '522', 'Household Supplies', 0, NULL, 11, 1),
(934, 12, '523', 'Office supplies', 0, NULL, 11, 1),
(935, 12, '524', 'Clothing and Personal Expenses', 0, NULL, 11, 1),
(936, 12, '525', 'Representation', 0, NULL, 11, 1),
(937, 12, '526', 'Marketing and Promotion', 0, NULL, 11, 1),
(938, 12, '527', 'Postage, telephone and cable expense', 0, NULL, 11, 1),
(939, 12, '528', 'Professional and Legal Fees', 0, NULL, 11, 1),
(940, 12, '529', 'Outside Services', 0, NULL, 11, 1),
(941, 12, '530', 'Gasoline, Fuel and Oil', 0, NULL, 11, 1),
(942, 12, '531', 'Books, Periodicals, and Magazines', 0, NULL, 11, 1),
(943, 12, '532', 'Liturgical Paraphernalia', 0, NULL, 11, 1),
(944, 12, '533', 'Religious and Personal Development', 0, NULL, 11, 1),
(945, 12, '534', 'Retreats, Recollections & Seminars', 0, NULL, 11, 1),
(946, 12, '535', 'Scholarship', 0, NULL, 11, 1),
(947, 12, '536', 'Sports and Recreation', 0, NULL, 11, 1),
(948, 12, '537', 'Medical and Dental', 0, NULL, 11, 1),
(949, 12, '538', 'Donations and charitable contributions', 0, NULL, 11, 1),
(950, 12, '539', 'OAR Mission', 0, NULL, 11, 1),
(951, 12, '540', 'Vocation Promotion', 0, NULL, 11, 1),
(952, 12, '541', 'Taxes, Licenses & Other Fees', 0, NULL, 11, 1),
(953, 12, '542', 'Insurance expenses', 0, NULL, 11, 1),
(954, 12, '543', 'Light and water', 0, NULL, 11, 1),
(955, 12, '544', 'Depreciation Expense', 0, NULL, 11, 1),
(956, 12, '545', 'Amortization Expense', 0, NULL, 11, 1),
(957, 12, '546', 'Livestock Expenses', 0, NULL, 11, 1),
(958, 12, '547', 'Miscellaneous Expenses', 0, NULL, 11, 1),
(959, 13, '110', 'Revolving/Pettycash fund', 0, NULL, 1, 1),
(960, 13, '111', 'Cash on hand', 0, NULL, 1, 1),
(961, 13, '112', 'Cash in bank', 0, NULL, 1, 1),
(962, 13, '113', 'Time Deposit', 0, NULL, 1, 1),
(963, 13, '114', 'Advances to employees', 0, NULL, 2, 1),
(964, 13, '115', 'Advances - Other Communities/ School', 0, NULL, 2, 1),
(965, 13, '116', 'Building improvement - Convent House', 0, NULL, 3, 1),
(966, 13, '117', 'Transportation equipment', 0, NULL, 3, 1),
(967, 13, '118', 'Furniture\'s and fixtures', 0, NULL, 3, 1),
(968, 13, '119', 'Household and kitchen equipment', 0, NULL, 3, 1),
(969, 13, '120', 'Investment Property', 0, NULL, 3, 1),
(970, 13, '121', 'Biological Assets', 0, NULL, 3, 1),
(971, 13, '122', 'Accum.Depreciation-Building improvement- Convent House', 0, NULL, 4, 1),
(972, 13, '123', 'Accum.Depreciation-Transportation equipment', 0, NULL, 4, 1),
(973, 13, '124', 'Accum.Depreciation-Furniture\'s and fixtures', 0, NULL, 4, 1),
(974, 13, '125', 'Accum.Depreciation-Household and kitchen equipment', 0, NULL, 4, 1),
(975, 13, '126', 'Accum.Depreciation-Biological Assets', 0, NULL, 4, 1),
(976, 13, '127', 'DONATED FUNDS', 0, NULL, 8, 1),
(977, 13, '300', 'FUND BALANCE', 0, NULL, 7, 1),
(978, 13, '210', 'Advances from Provincialate', 0, NULL, 5, 1),
(979, 13, '410', 'Mass Stipend/ Ministerial Services', 0, NULL, 9, 1),
(980, 13, '411', 'Mass Collections', 0, NULL, 9, 1),
(981, 13, '412', 'School contribution', 0, NULL, 9, 1),
(982, 13, '413', 'Parish Contributions', 0, NULL, 9, 1),
(983, 13, '414', 'Other income', 0, NULL, 9, 1),
(984, 13, '415', 'Donations', 0, NULL, 9, 1),
(985, 13, '416', 'Fund Raising Projects', 0, NULL, 9, 1),
(986, 13, '417', 'Interest Income', 0, NULL, 9, 1),
(987, 13, '418', 'Sponsorship', 0, NULL, 9, 1),
(988, 13, '419', 'Subsidy from Provincialate', 0, NULL, 9, 1),
(989, 13, '510', 'Provincialate', 0, NULL, 10, 1),
(990, 13, '511', 'Remedy', 0, NULL, 10, 1),
(991, 13, '512A', 'Ordinary', 0, NULL, 11, 1),
(992, 13, '512B', 'Birthday and Special Occasions', 0, NULL, 11, 1),
(993, 13, '513', 'Salaries & Wages', 0, NULL, 11, 1),
(994, 13, '514', '13th Month Pay', 0, NULL, 11, 1),
(995, 13, '515', 'SSS, Philhealth, Pag-ibig', 0, NULL, 11, 1),
(996, 13, '516', 'OAR Retirement', 0, NULL, 11, 1),
(997, 13, '517', 'Employees Benefit', 0, NULL, 11, 1),
(998, 13, '518', 'Allowance Religious', 0, NULL, 11, 1),
(999, 13, '519', 'Allowance - Working Student', 0, NULL, 11, 1),
(1000, 13, '520', 'Transportation and Travel', 0, NULL, 11, 1),
(1001, 13, '521', 'Repairs and Maintenance', 0, NULL, 11, 1),
(1002, 13, '521A', 'Repairs and Maintenance-Building', 0, NULL, 11, 1),
(1003, 13, '521B', 'Repairs and Maintenance-Vehicle', 0, NULL, 11, 1),
(1004, 13, '521C', 'Repairs and Maintenance-Furniture\'s and equipment', 0, NULL, 11, 1),
(1005, 13, '522', 'Household Supplies', 0, NULL, 11, 1),
(1006, 13, '523', 'Office supplies', 0, NULL, 11, 1),
(1007, 13, '524', 'Clothing and Personal Expenses', 0, NULL, 11, 1),
(1008, 13, '525', 'Representation', 0, NULL, 11, 1),
(1009, 13, '526', 'Marketing and Promotion', 0, NULL, 11, 1),
(1010, 13, '527', 'Postage, telephone and cable expense', 0, NULL, 11, 1),
(1011, 13, '528', 'Professional and Legal Fees', 0, NULL, 11, 1),
(1012, 13, '529', 'Outside Services', 0, NULL, 11, 1),
(1013, 13, '530', 'Gasoline, Fuel and Oil', 0, NULL, 11, 1),
(1014, 13, '531', 'Books, Periodicals, and Magazines', 0, NULL, 11, 1),
(1015, 13, '532', 'Liturgical Paraphernalia', 0, NULL, 11, 1),
(1016, 13, '533', 'Religious and Personal Development', 0, NULL, 11, 1),
(1017, 13, '534', 'Retreats, Recollections & Seminars', 0, NULL, 11, 1),
(1018, 13, '535', 'Scholarship', 0, NULL, 11, 1),
(1019, 13, '536', 'Sports and Recreation', 0, NULL, 11, 1),
(1020, 13, '537', 'Medical and Dental', 0, NULL, 11, 1),
(1021, 13, '538', 'Donations and charitable contributions', 0, NULL, 11, 1),
(1022, 13, '539', 'OAR Mission', 0, NULL, 11, 1),
(1023, 13, '540', 'Vocation Promotion', 0, NULL, 11, 1),
(1024, 13, '541', 'Taxes, Licenses & Other Fees', 0, NULL, 11, 1),
(1025, 13, '542', 'Insurance expenses', 0, NULL, 11, 1),
(1026, 13, '543', 'Light and water', 0, NULL, 11, 1),
(1027, 13, '544', 'Depreciation Expense', 0, NULL, 11, 1),
(1028, 13, '545', 'Amortization Expense', 0, NULL, 11, 1),
(1029, 13, '546', 'Livestock Expenses', 0, NULL, 11, 1),
(1030, 13, '547', 'Miscellaneous Expenses', 0, NULL, 11, 1),
(1031, 14, '110', 'Revolving/Pettycash fund', 0, NULL, 1, 1),
(1032, 14, '111', 'Cash on hand', 0, NULL, 1, 1),
(1033, 14, '112', 'Cash in Bank BPI-2381-0002-68', 0, NULL, 1, 1),
(1034, 14, '113', 'Time Deposit', 0, NULL, 1, 1),
(1035, 14, '114', 'Advances to employees', 0, NULL, 2, 1),
(1036, 14, '115', 'Advances - Other Communities/ School', 0, NULL, 2, 1),
(1037, 14, '116', 'Building improvement - Convent House', 0, NULL, 3, 1),
(1038, 14, '117', 'Transportation equipment', 0, NULL, 3, 1),
(1039, 14, '118', 'Furniture\'s and fixtures', 0, NULL, 3, 1),
(1040, 14, '119', 'Household and kitchen equipment', 0, NULL, 3, 1),
(1041, 14, '120', 'Investment Property', 0, NULL, 3, 1),
(1042, 14, '121', 'Biological Assets', 0, NULL, 3, 1),
(1043, 14, '122', 'Accum.Depreciation-Building improvement- Convent House', 0, NULL, 4, 1),
(1044, 14, '123', 'Accum.Depreciation-Transportation equipment', 0, NULL, 4, 1),
(1045, 14, '124', 'Accum.Depreciation-Furniture\'s and fixtures', 0, NULL, 4, 1),
(1046, 14, '125', 'Accum.Depreciation-Household and kitchen equipment', 0, NULL, 4, 1),
(1047, 14, '126', 'Accum.Depreciation-Biological Assets', 0, NULL, 4, 1),
(1048, 14, '127', 'DONATED FUNDS', 0, NULL, 8, 1),
(1049, 14, '300', 'FUND BALANCE', 0, NULL, 7, 1),
(1050, 14, '210', 'Advances from Provincialate', 0, NULL, 5, 1),
(1051, 14, '410', 'Mass Stipend/ Ministerial Services', 0, NULL, 9, 1),
(1052, 14, '411', 'Mass Collections', 0, NULL, 9, 1),
(1053, 14, '412', 'School contribution', 0, NULL, 9, 1),
(1054, 14, '413', 'Parish Contributions', 0, NULL, 9, 1),
(1055, 14, '414', 'Other income', 0, NULL, 9, 1),
(1056, 14, '415', 'Donations', 0, NULL, 9, 1),
(1057, 14, '416', 'Fund Raising Projects', 0, NULL, 9, 1),
(1058, 14, '417', 'Interest Income', 0, NULL, 9, 1),
(1059, 14, '418', 'Sponsorship', 0, NULL, 9, 1),
(1060, 14, '419', 'Subsidy from Provincialate', 0, NULL, 9, 1),
(1061, 14, '510', 'Provincialate', 0, NULL, 10, 1),
(1062, 14, '511', 'Remedy', 0, NULL, 10, 1),
(1063, 14, '512A', 'Ordinary', 0, NULL, 11, 1),
(1064, 14, '512B', 'Birthday and Special Occasions', 0, NULL, 11, 1),
(1065, 14, '513', 'Salaries & Wages', 0, NULL, 11, 1),
(1066, 14, '514', '13th Month Pay', 0, NULL, 11, 1),
(1067, 14, '515', 'SSS, Philhealth, Pag-ibig', 0, NULL, 11, 1),
(1068, 14, '516', 'OAR Retirement', 0, NULL, 11, 1),
(1069, 14, '517', 'Employees Benefit', 0, NULL, 11, 1),
(1070, 14, '518', 'Allowance Religious', 0, NULL, 11, 1),
(1071, 14, '519', 'Allowance - Working Student', 0, NULL, 11, 1),
(1072, 14, '520', 'Transportation and Travel', 0, NULL, 11, 1),
(1073, 14, '521', 'Repairs and Maintenance', 0, NULL, 11, 1),
(1074, 14, '521A', 'Repairs and Maintenance-Building', 0, NULL, 11, 1),
(1075, 14, '521B', 'Repairs and Maintenance-Vehicle', 0, NULL, 11, 1),
(1076, 14, '521C', 'Repairs and Maintenance-Furniture\'s and equipment', 0, NULL, 11, 1),
(1077, 14, '522', 'Household Supplies', 0, NULL, 11, 1),
(1078, 14, '523', 'Office supplies', 0, NULL, 11, 1),
(1079, 14, '524', 'Clothing and Personal Expenses', 0, NULL, 11, 1),
(1080, 14, '525', 'Representation', 0, NULL, 11, 1),
(1081, 14, '526', 'Marketing and Promotion', 0, NULL, 11, 1),
(1082, 14, '527', 'Postage, telephone and cable expense', 0, NULL, 11, 1),
(1083, 14, '528', 'Professional and Legal Fees', 0, NULL, 11, 1),
(1084, 14, '529', 'Outside Services', 0, NULL, 11, 1),
(1085, 14, '530', 'Gasoline, Fuel and Oil', 0, NULL, 11, 1),
(1086, 14, '531', 'Books, Periodicals, and Magazines', 0, NULL, 11, 1),
(1087, 14, '532', 'Liturgical Paraphernalia', 0, NULL, 11, 1),
(1088, 14, '533', 'Religious and Personal Development', 0, NULL, 11, 1),
(1089, 14, '534', 'Retreats, Recollections & Seminars', 0, NULL, 11, 1),
(1090, 14, '535', 'Scholarship', 0, NULL, 11, 1),
(1091, 14, '536', 'Sports and Recreation', 0, NULL, 11, 1),
(1092, 14, '537', 'Medical and Dental', 0, NULL, 11, 1),
(1093, 14, '538', 'Donations and charitable contributions', 0, NULL, 11, 1),
(1094, 14, '539', 'OAR Mission', 0, NULL, 11, 1),
(1095, 14, '540', 'Vocation Promotion', 0, NULL, 11, 1),
(1096, 14, '541', 'Taxes, Licenses & Other Fees', 0, NULL, 11, 1),
(1097, 14, '542', 'Insurance expenses', 0, NULL, 11, 1),
(1098, 14, '543', 'Light and water', 0, NULL, 11, 1),
(1099, 14, '544', 'Depreciation Expense', 0, NULL, 11, 1),
(1100, 14, '545', 'Amortization Expense', 0, NULL, 11, 1),
(1101, 14, '546', 'Livestock Expenses', 0, NULL, 11, 1),
(1102, 14, '547', 'Miscellaneous Expenses', 0, NULL, 11, 1),
(1103, 15, '110', 'Revolving/Pettycash fund', 0, NULL, 1, 1),
(1104, 15, '111', 'Cash on hand', 0, NULL, 1, 1),
(1105, 15, '112', 'Cash in bank', 0, NULL, 1, 1),
(1106, 15, '113', 'Time Deposit', 0, NULL, 1, 1),
(1107, 15, '114', 'Advances to employees', 0, NULL, 2, 1),
(1108, 15, '115', 'Advances - Other Communities/ School', 0, NULL, 2, 1),
(1109, 15, '116', 'Building improvement - Convent House', 0, NULL, 3, 1),
(1110, 15, '117', 'Transportation equipment', 0, NULL, 3, 1),
(1111, 15, '118', 'Furniture\'s and fixtures', 0, NULL, 3, 1),
(1112, 15, '119', 'Household and kitchen equipment', 0, NULL, 3, 1),
(1113, 15, '120', 'Investment Property', 0, NULL, 3, 1),
(1114, 15, '121', 'Biological Assets', 0, NULL, 3, 1),
(1115, 15, '122', 'Accum.Depreciation-Building improvement- Convent House', 0, NULL, 4, 1),
(1116, 15, '123', 'Accum.Depreciation-Transportation equipment', 0, NULL, 4, 1),
(1117, 15, '124', 'Accum.Depreciation-Furniture\'s and fixtures', 0, NULL, 4, 1),
(1118, 15, '125', 'Accum.Depreciation-Household and kitchen equipment', 0, NULL, 4, 1),
(1119, 15, '126', 'Accum.Depreciation-Biological Assets', 0, NULL, 4, 1),
(1120, 15, '127', 'DONATED FUNDS', 0, NULL, 8, 1),
(1121, 15, '300', 'FUND BALANCE', 0, NULL, 7, 1),
(1122, 15, '210', 'Advances from Provincialate', 0, NULL, 5, 1),
(1123, 15, '410', 'Mass Stipend/ Ministerial Services', 0, NULL, 9, 1),
(1124, 15, '411', 'Mass Collections', 0, NULL, 9, 1),
(1125, 15, '412', 'School contribution', 0, NULL, 9, 1),
(1126, 15, '413', 'Parish Contributions', 0, NULL, 9, 1),
(1127, 15, '414', 'Other income', 0, NULL, 9, 1),
(1128, 15, '415', 'Donations', 0, NULL, 9, 1),
(1129, 15, '416', 'Fund Raising Projects', 0, NULL, 9, 1),
(1130, 15, '417', 'Interest Income', 0, NULL, 9, 1),
(1131, 15, '418', 'Sponsorship', 0, NULL, 9, 1),
(1132, 15, '419', 'Subsidy from Provincialate', 0, NULL, 9, 1),
(1133, 15, '510', 'Provincialate', 0, NULL, 10, 1),
(1134, 15, '511', 'Remedy', 0, NULL, 10, 1),
(1135, 15, '512A', 'Ordinary', 0, NULL, 11, 1),
(1136, 15, '512B', 'Birthday and Special Occasions', 0, NULL, 11, 1),
(1137, 15, '513', 'Salaries & Wages', 0, NULL, 11, 1),
(1138, 15, '514', '13th Month Pay', 0, NULL, 11, 1),
(1139, 15, '515', 'SSS, Philhealth, Pag-ibig', 0, NULL, 11, 1),
(1140, 15, '516', 'OAR Retirement', 0, NULL, 11, 1),
(1141, 15, '517', 'Employees Benefit', 0, NULL, 11, 1),
(1142, 15, '518', 'Allowance Religious', 0, NULL, 11, 1),
(1143, 15, '519', 'Allowance - Working Student', 0, NULL, 11, 1),
(1144, 15, '520', 'Transportation and Travel', 0, NULL, 11, 1),
(1145, 15, '521', 'Repairs and Maintenance', 0, NULL, 11, 1),
(1146, 15, '521A', 'Repairs and Maintenance-Building', 0, NULL, 11, 1),
(1147, 15, '521B', 'Repairs and Maintenance-Vehicle', 0, NULL, 11, 1),
(1148, 15, '521C', 'Repairs and Maintenance-Furniture\'s and equipment', 0, NULL, 11, 1),
(1149, 15, '522', 'Household Supplies', 0, NULL, 11, 1),
(1150, 15, '523', 'Office supplies', 0, NULL, 11, 1),
(1151, 15, '524', 'Clothing and Personal Expenses', 0, NULL, 11, 1),
(1152, 15, '525', 'Representation', 0, NULL, 11, 1),
(1153, 15, '526', 'Marketing and Promotion', 0, NULL, 11, 1),
(1154, 15, '527', 'Postage, telephone and cable expense', 0, NULL, 11, 1),
(1155, 15, '528', 'Professional and Legal Fees', 0, NULL, 11, 1),
(1156, 15, '529', 'Outside Services', 0, NULL, 11, 1),
(1157, 15, '530', 'Gasoline, Fuel and Oil', 0, NULL, 11, 1),
(1158, 15, '531', 'Books, Periodicals, and Magazines', 0, NULL, 11, 1),
(1159, 15, '532', 'Liturgical Paraphernalia', 0, NULL, 11, 1),
(1160, 15, '533', 'Religious and Personal Development', 0, NULL, 11, 1),
(1161, 15, '534', 'Retreats, Recollections & Seminars', 0, NULL, 11, 1),
(1162, 15, '535', 'Scholarship', 0, NULL, 11, 1),
(1163, 15, '536', 'Sports and Recreation', 0, NULL, 11, 1),
(1164, 15, '537', 'Medical and Dental', 0, NULL, 11, 1),
(1165, 15, '538', 'Donations and charitable contributions', 0, NULL, 11, 1),
(1166, 15, '539', 'OAR Mission', 0, NULL, 11, 1),
(1167, 15, '540', 'Vocation Promotion', 0, NULL, 11, 1),
(1168, 15, '541', 'Taxes, Licenses & Other Fees', 0, NULL, 11, 1),
(1169, 15, '542', 'Insurance expenses', 0, NULL, 11, 1),
(1170, 15, '543', 'Light and water', 0, NULL, 11, 1),
(1171, 15, '544', 'Depreciation Expense', 0, NULL, 11, 1),
(1172, 15, '545', 'Amortization Expense', 0, NULL, 11, 1),
(1173, 15, '546', 'Livestock Expenses', 0, NULL, 11, 1),
(1174, 15, '547', 'Miscellaneous Expenses', 0, NULL, 11, 1),
(1175, 16, '110', 'Revolving/Pettycash fund', 0, NULL, 1, 1),
(1176, 16, '111', 'Cash on hand', 0, NULL, 1, 1),
(1177, 16, '112', 'Cash in bank BPI-8461-0036-57', 0, NULL, 1, 1),
(1178, 16, '113', 'Time Deposit', 0, NULL, 1, 1),
(1179, 16, '114', 'Advances to employees', 0, NULL, 2, 1),
(1180, 16, '115', 'Advances - Other Communities/ School', 0, NULL, 2, 1),
(1181, 16, '116', 'Building improvement - Convent House', 0, NULL, 3, 1),
(1182, 16, '117', 'Transportation equipment', 0, NULL, 3, 1),
(1183, 16, '118', 'Furniture\'s and fixtures', 0, NULL, 3, 1),
(1184, 16, '119', 'Household and kitchen equipment', 0, NULL, 3, 1),
(1185, 16, '120', 'Investment Property', 0, NULL, 3, 1),
(1186, 16, '121', 'Biological Assets', 0, NULL, 3, 1),
(1187, 16, '122', 'Accum.Depreciation-Building improvement- Convent House', 0, NULL, 4, 1),
(1188, 16, '123', 'Accum.Depreciation-Transportation equipment', 0, NULL, 4, 1),
(1189, 16, '124', 'Accum.Depreciation-Furniture\'s and fixtures', 0, NULL, 4, 1),
(1190, 16, '125', 'Accum.Depreciation-Household and kitchen equipment', 0, NULL, 4, 1),
(1191, 16, '126', 'Accum.Depreciation-Biological Assets', 0, NULL, 4, 1),
(1192, 16, '127', 'DONATED FUNDS', 0, NULL, 8, 1),
(1193, 16, '300', 'FUND BALANCE', 0, NULL, 7, 1),
(1194, 16, '210', 'Advances from Provincialate', 0, NULL, 5, 1),
(1195, 16, '410', 'Mass Stipend/ Ministerial Services', 0, NULL, 9, 1),
(1196, 16, '411', 'Mass Collections', 0, NULL, 9, 1),
(1197, 16, '412', 'School contribution', 0, NULL, 9, 1),
(1198, 16, '413', 'Parish Contributions', 0, NULL, 9, 1),
(1199, 16, '414', 'Other income', 0, NULL, 9, 1),
(1200, 16, '415', 'Donations', 0, NULL, 9, 1),
(1201, 16, '416', 'Fund Raising Projects', 0, NULL, 9, 1),
(1202, 16, '417', 'Interest Income', 0, NULL, 9, 1),
(1203, 16, '418', 'Sponsorship', 0, NULL, 9, 1),
(1204, 16, '419', 'Subsidy from Provincialate', 0, NULL, 9, 1),
(1205, 16, '510', 'Provincialate', 0, NULL, 10, 1),
(1206, 16, '511', 'Remedy', 0, NULL, 10, 1),
(1207, 16, '512A', 'Ordinary', 0, NULL, 11, 1),
(1208, 16, '512B', 'Birthday and Special Occasions', 0, NULL, 11, 1),
(1209, 16, '513', 'Salaries & Wages', 0, NULL, 11, 1),
(1210, 16, '514', '13th Month Pay', 0, NULL, 11, 1),
(1211, 16, '515', 'SSS, Philhealth, Pag-ibig', 0, NULL, 11, 1),
(1212, 16, '516', 'OAR Retirement', 0, NULL, 11, 1),
(1213, 16, '517', 'Employees Benefit', 0, NULL, 11, 1),
(1214, 16, '518', 'Allowance Religious', 0, NULL, 11, 1),
(1215, 16, '519', 'Allowance - Working Student', 0, NULL, 11, 1),
(1216, 16, '520', 'Transportation and Travel', 0, NULL, 11, 1),
(1217, 16, '521', 'Repairs and Maintenance', 0, NULL, 11, 1),
(1218, 16, '521A', 'Repairs and Maintenance-Building', 0, NULL, 11, 1),
(1219, 16, '521B', 'Repairs and Maintenance-Vehicle', 0, NULL, 11, 1),
(1220, 16, '521C', 'Repairs and Maintenance-Furniture\'s and equipment', 0, NULL, 11, 1),
(1221, 16, '522', 'Household Supplies', 0, NULL, 11, 1),
(1222, 16, '523', 'Office supplies', 0, NULL, 11, 1),
(1223, 16, '524', 'Clothing and Personal Expenses', 0, NULL, 11, 1),
(1224, 16, '525', 'Representation', 0, NULL, 11, 1),
(1225, 16, '526', 'Marketing and Promotion', 0, NULL, 11, 1),
(1226, 16, '527', 'Postage, telephone and cable expense', 0, NULL, 11, 1),
(1227, 16, '528', 'Professional and Legal Fees', 0, NULL, 11, 1),
(1228, 16, '529', 'Outside Services', 0, NULL, 11, 1),
(1229, 16, '530', 'Gasoline, Fuel and Oil', 0, NULL, 11, 1),
(1230, 16, '531', 'Books, Periodicals, and Magazines', 0, NULL, 11, 1),
(1231, 16, '532', 'Liturgical Paraphernalia', 0, NULL, 11, 1),
(1232, 16, '533', 'Religious and Personal Development', 0, NULL, 11, 1),
(1233, 16, '534', 'Retreats, Recollections & Seminars', 0, NULL, 11, 1),
(1234, 16, '535', 'Scholarship', 0, NULL, 11, 1),
(1235, 16, '536', 'Sports and Recreation', 0, NULL, 11, 1),
(1236, 16, '537', 'Medical and Dental', 0, NULL, 11, 1),
(1237, 16, '538', 'Donations and charitable contributions', 0, NULL, 11, 1),
(1238, 16, '539', 'OAR Mission', 0, NULL, 11, 1),
(1239, 16, '540', 'Vocation Promotion', 0, NULL, 11, 1),
(1240, 16, '541', 'Taxes, Licenses & Other Fees', 0, NULL, 11, 1),
(1241, 16, '542', 'Insurance expenses', 0, NULL, 11, 1),
(1242, 16, '543', 'Light and water', 0, NULL, 11, 1),
(1243, 16, '544', 'Depreciation Expense', 0, NULL, 11, 1),
(1244, 16, '545', 'Amortization Expense', 0, NULL, 11, 1),
(1245, 16, '546', 'Livestock Expenses', 0, NULL, 11, 1),
(1246, 16, '547', 'Miscellaneous Expenses', 0, NULL, 11, 1),
(1247, 17, '110', 'Revolving/Pettycash fund', 0, NULL, 1, 1),
(1248, 17, '111', 'Cash on hand', 0, NULL, 1, 1),
(1249, 17, '112', 'Cash in bank BPI 002261-0003-02', 0, NULL, 1, 1),
(1250, 17, '113', 'Time Deposit', 0, NULL, 1, 1),
(1251, 17, '114', 'Advances to employees', 0, NULL, 2, 1),
(1252, 17, '115', 'Advances - Other Communities/ School', 0, NULL, 2, 1),
(1253, 17, '116', 'Building improvement - Convent House', 0, NULL, 3, 1),
(1254, 17, '117', 'Transportation equipment', 0, NULL, 3, 1),
(1255, 17, '118', 'Furniture\'s and fixtures', 0, NULL, 3, 1),
(1256, 17, '119', 'Household and kitchen equipment', 0, NULL, 3, 1),
(1257, 17, '120', 'Investment Property', 0, NULL, 3, 1),
(1258, 17, '121', 'Biological Assets', 0, NULL, 3, 1),
(1259, 17, '122', 'Accum.Depreciation-Building improvement- Convent House', 0, NULL, 4, 1),
(1260, 17, '123', 'Accum.Depreciation-Transportation equipment', 0, NULL, 4, 1),
(1261, 17, '124', 'Accum.Depreciation-Furniture\'s and fixtures', 0, NULL, 4, 1),
(1262, 17, '125', 'Accum.Depreciation-Household and kitchen equipment', 0, NULL, 4, 1),
(1263, 17, '126', 'Accum.Depreciation-Biological Assets', 0, NULL, 4, 1),
(1264, 17, '127', 'DONATED FUNDS', 0, NULL, 8, 1),
(1265, 17, '300', 'FUND BALANCE', 0, NULL, 7, 1),
(1266, 17, '210', 'Advances from Provincialate', 0, NULL, 5, 1),
(1267, 17, '410', 'Mass Stipend/ Ministerial Services', 0, NULL, 9, 1),
(1268, 17, '411', 'Mass Collections', 0, NULL, 9, 1),
(1269, 17, '412', 'School contribution', 0, NULL, 9, 1),
(1270, 17, '413', 'Parish Contributions', 0, NULL, 9, 1),
(1271, 17, '414', 'Other income', 0, NULL, 9, 1),
(1272, 17, '415', 'Donations', 0, NULL, 9, 1),
(1273, 17, '416', 'Fund Raising Projects', 0, NULL, 9, 1),
(1274, 17, '417', 'Interest Income', 0, NULL, 9, 1),
(1275, 17, '418', 'Sponsorship', 0, NULL, 9, 1),
(1276, 17, '419', 'Subsidy from Provincialate', 0, NULL, 9, 1),
(1277, 17, '510', 'Provincialate', 0, NULL, 10, 1),
(1278, 17, '511', 'Remedy', 0, NULL, 10, 1),
(1279, 17, '512A', 'Ordinary', 0, NULL, 11, 1),
(1280, 17, '512B', 'Birthday and Special Occasions', 0, NULL, 11, 1),
(1281, 17, '513', 'Salaries & Wages', 0, NULL, 11, 1),
(1282, 17, '514', '13th Month Pay', 0, NULL, 11, 1),
(1283, 17, '515', 'SSS, Philhealth, Pag-ibig', 0, NULL, 11, 1),
(1284, 17, '516', 'OAR Retirement', 0, NULL, 11, 1),
(1285, 17, '517', 'Employees Benefit', 0, NULL, 11, 1),
(1286, 17, '518', 'Allowance Religious', 0, NULL, 11, 1),
(1287, 17, '519', 'Allowance - Working Student', 0, NULL, 11, 1),
(1288, 17, '520', 'Transportation and Travel', 0, NULL, 11, 1),
(1289, 17, '521', 'Repairs and Maintenance', 0, NULL, 11, 1),
(1290, 17, '521A', 'Repairs and Maintenance-Building', 0, NULL, 11, 1),
(1291, 17, '521B', 'Repairs and Maintenance-Vehicle', 0, NULL, 11, 1),
(1292, 17, '521C', 'Repairs and Maintenance-Furniture\'s and equipment', 0, NULL, 11, 1),
(1293, 17, '522', 'Household Supplies', 0, NULL, 11, 1),
(1294, 17, '523', 'Office supplies', 0, NULL, 11, 1),
(1295, 17, '524', 'Clothing and Personal Expenses', 0, NULL, 11, 1),
(1296, 17, '525', 'Representation', 0, NULL, 11, 1),
(1297, 17, '526', 'Marketing and Promotion', 0, NULL, 11, 1),
(1298, 17, '527', 'Postage, telephone and cable expense', 0, NULL, 11, 1),
(1299, 17, '528', 'Professional and Legal Fees', 0, NULL, 11, 1),
(1300, 17, '529', 'Outside Services', 0, NULL, 11, 1),
(1301, 17, '530', 'Gasoline, Fuel and Oil', 0, NULL, 11, 1),
(1302, 17, '531', 'Books, Periodicals, and Magazines', 0, NULL, 11, 1),
(1303, 17, '532', 'Liturgical Paraphernalia', 0, NULL, 11, 1),
(1304, 17, '533', 'Religious and Personal Development', 0, NULL, 11, 1),
(1305, 17, '534', 'Retreats, Recollections & Seminars', 0, NULL, 11, 1),
(1306, 17, '535', 'Scholarship', 0, NULL, 11, 1),
(1307, 17, '536', 'Sports and Recreation', 0, NULL, 11, 1),
(1308, 17, '537', 'Medical and Dental', 0, NULL, 11, 1),
(1309, 17, '538', 'Donations and charitable contributions', 0, NULL, 11, 1),
(1310, 17, '539', 'OAR Mission', 0, NULL, 11, 1),
(1311, 17, '540', 'Vocation Promotion', 0, NULL, 11, 1),
(1312, 17, '541', 'Taxes, Licenses & Other Fees', 0, NULL, 11, 1),
(1313, 17, '542', 'Insurance expenses', 0, NULL, 11, 1),
(1314, 17, '543', 'Light and water', 0, NULL, 11, 1),
(1315, 17, '544', 'Depreciation Expense', 0, NULL, 11, 1),
(1316, 17, '545', 'Amortization Expense', 0, NULL, 11, 1),
(1317, 17, '546', 'Livestock Expenses', 0, NULL, 11, 1),
(1318, 17, '547', 'Miscellaneous Expenses', 0, NULL, 11, 1),
(1319, 18, '110', 'Revolving/Pettycash fund', 0, NULL, 1, 1),
(1320, 18, '111', 'Cash on hand', 0, NULL, 1, 1),
(1321, 18, '112', 'Cash in bank BPI 1091-0052-27', 0, NULL, 1, 1),
(1322, 18, '113', 'Time Deposit', 0, NULL, 1, 1),
(1323, 18, '114', 'Advances to employees', 0, NULL, 2, 1),
(1324, 18, '115', 'Advances - Other Communities/ School', 0, NULL, 2, 1),
(1325, 18, '116', 'Building improvement - Convent House', 0, NULL, 3, 1),
(1326, 18, '117', 'Transportation equipment', 0, NULL, 3, 1),
(1327, 18, '118', 'Furniture\'s and fixtures', 0, NULL, 3, 1),
(1328, 18, '119', 'Household and kitchen equipment', 0, NULL, 3, 1),
(1329, 18, '120', 'Investment Property', 0, NULL, 3, 1),
(1330, 18, '121', 'Biological Assets', 0, NULL, 3, 1),
(1331, 18, '122', 'Accum.Depreciation-Building improvement- Convent House', 0, NULL, 4, 1),
(1332, 18, '123', 'Accum.Depreciation-Transportation equipment', 0, NULL, 4, 1),
(1333, 18, '124', 'Accum.Depreciation-Furniture\'s and fixtures', 0, NULL, 4, 1),
(1334, 18, '125', 'Accum.Depreciation-Household and kitchen equipment', 0, NULL, 4, 1),
(1335, 18, '126', 'Accum.Depreciation-Biological Assets', 0, NULL, 4, 1),
(1336, 18, '127', 'DONATED FUNDS', 0, NULL, 8, 1),
(1337, 18, '300', 'FUND BALANCE', 0, NULL, 7, 1),
(1338, 18, '210', 'Advances from Provincialate', 0, NULL, 5, 1),
(1339, 18, '410', 'Mass Stipend/ Ministerial Services', 0, NULL, 9, 1),
(1340, 18, '411', 'Mass Collections', 0, NULL, 9, 1),
(1341, 18, '412', 'School contribution', 0, NULL, 9, 1),
(1342, 18, '413', 'Parish Contributions', 0, NULL, 9, 1),
(1343, 18, '414', 'Other income', 0, NULL, 9, 1),
(1344, 18, '415', 'Donations', 0, NULL, 9, 1),
(1345, 18, '416', 'Fund Raising Projects', 0, NULL, 9, 1),
(1346, 18, '417', 'Interest Income', 0, NULL, 9, 1),
(1347, 18, '418', 'Sponsorship', 0, NULL, 9, 1),
(1348, 18, '419', 'Subsidy from Provincialate', 0, NULL, 9, 1),
(1349, 18, '510', 'Provincialate', 0, NULL, 10, 1),
(1350, 18, '511', 'Remedy', 0, NULL, 10, 1),
(1351, 18, '512A', 'Ordinary', 0, NULL, 11, 1),
(1352, 18, '512B', 'Birthday and Special Occasions', 0, NULL, 11, 1),
(1353, 18, '513', 'Salaries & Wages', 0, NULL, 11, 1),
(1354, 18, '514', '13th Month Pay', 0, NULL, 11, 1),
(1355, 18, '515', 'SSS, Philhealth, Pag-ibig', 0, NULL, 11, 1),
(1356, 18, '516', 'OAR Retirement', 0, NULL, 11, 1),
(1357, 18, '517', 'Employees Benefit', 0, NULL, 11, 1),
(1358, 18, '518', 'Allowance Religious', 0, NULL, 11, 1),
(1359, 18, '519', 'Allowance - Working Student', 0, NULL, 11, 1),
(1360, 18, '520', 'Transportation and Travel', 0, NULL, 11, 1),
(1361, 18, '521', 'Repairs and Maintenance', 0, NULL, 11, 1),
(1362, 18, '521A', 'Repairs and Maintenance-Building', 0, NULL, 11, 1),
(1363, 18, '521B', 'Repairs and Maintenance-Vehicle', 0, NULL, 11, 1),
(1364, 18, '521C', 'Repairs and Maintenance-Furniture\'s and equipment', 0, NULL, 11, 1),
(1365, 18, '522', 'Household Supplies', 0, NULL, 11, 1),
(1366, 18, '523', 'Office supplies', 0, NULL, 11, 1),
(1367, 18, '524', 'Clothing and Personal Expenses', 0, NULL, 11, 1),
(1368, 18, '525', 'Representation', 0, NULL, 11, 1),
(1369, 18, '526', 'Marketing and Promotion', 0, NULL, 11, 1),
(1370, 18, '527', 'Postage, telephone and cable expense', 0, NULL, 11, 1),
(1371, 18, '528', 'Professional and Legal Fees', 0, NULL, 11, 1),
(1372, 18, '529', 'Outside Services', 0, NULL, 11, 1),
(1373, 18, '530', 'Gasoline, Fuel and Oil', 0, NULL, 11, 1),
(1374, 18, '531', 'Books, Periodicals, and Magazines', 0, NULL, 11, 1),
(1375, 18, '532', 'Liturgical Paraphernalia', 0, NULL, 11, 1),
(1376, 18, '533', 'Religious and Personal Development', 0, NULL, 11, 1),
(1377, 18, '534', 'Retreats, Recollections & Seminars', 0, NULL, 11, 1),
(1378, 18, '535', 'Scholarship', 0, NULL, 11, 1),
(1379, 18, '536', 'Sports and Recreation', 0, NULL, 11, 1),
(1380, 18, '537', 'Medical and Dental', 0, NULL, 11, 1),
(1381, 18, '538', 'Donations and charitable contributions', 0, NULL, 11, 1),
(1382, 18, '539', 'OAR Mission', 0, NULL, 11, 1),
(1383, 18, '540', 'Vocation Promotion', 0, NULL, 11, 1),
(1384, 18, '541', 'Taxes, Licenses & Other Fees', 0, NULL, 11, 1),
(1385, 18, '542', 'Insurance expenses', 0, NULL, 11, 1),
(1386, 18, '543', 'Light and water', 0, NULL, 11, 1),
(1387, 18, '544', 'Depreciation Expense', 0, NULL, 11, 1),
(1388, 18, '545', 'Amortization Expense', 0, NULL, 11, 1),
(1389, 18, '546', 'Livestock Expenses', 0, NULL, 11, 1),
(1390, 18, '547', 'Miscellaneous Expenses', 0, NULL, 11, 1),
(1391, 20, '110', 'Revolving/Pettycash fund', 0, NULL, 1, 1),
(1392, 20, '111', 'Cash on hand', 0, NULL, 1, 1),
(1393, 20, '112', 'Cash in Bank BPI-1951-0079-82', 0, NULL, 1, 1),
(1394, 20, '113', 'Time Deposit', 0, NULL, 1, 1),
(1395, 20, '114', 'Advances to employees', 0, NULL, 2, 1),
(1396, 20, '115', 'Advances - Other Communities/ School', 0, NULL, 2, 1),
(1397, 20, '116', 'Building improvement - Convent House', 0, NULL, 3, 1),
(1398, 20, '117', 'Transportation equipment', 0, NULL, 3, 1),
(1399, 20, '118', 'Furniture\'s and fixtures', 0, NULL, 3, 1),
(1400, 20, '119', 'Household and kitchen equipment', 0, NULL, 3, 1),
(1401, 20, '120', 'Investment Property', 0, NULL, 3, 1),
(1402, 20, '121', 'Biological Assets', 0, NULL, 3, 1),
(1403, 20, '122', 'Accum.Depreciation-Building improvement- Convent House', 0, NULL, 4, 1),
(1404, 20, '123', 'Accum.Depreciation-Transportation equipment', 0, NULL, 4, 1),
(1405, 20, '124', 'Accum.Depreciation-Furniture\'s and fixtures', 0, NULL, 4, 1),
(1406, 20, '125', 'Accum.Depreciation-Household and kitchen equipment', 0, NULL, 4, 1),
(1407, 20, '126', 'Accum.Depreciation-Biological Assets', 0, NULL, 4, 1),
(1408, 20, '127', 'DONATED FUNDS', 0, NULL, 8, 1),
(1409, 20, '300', 'FUND BALANCE', 0, NULL, 7, 1),
(1410, 20, '210', 'Advances from Provincialate', 0, NULL, 5, 1),
(1411, 20, '410', 'Mass Stipend/ Ministerial Services', 0, NULL, 9, 1),
(1412, 20, '411', 'Mass Collections', 0, NULL, 9, 1),
(1413, 20, '412', 'School contribution', 0, NULL, 9, 1),
(1414, 20, '413', 'Parish Contributions', 0, NULL, 9, 1),
(1415, 20, '414', 'Other income', 0, NULL, 9, 1),
(1416, 20, '415', 'Donations', 0, NULL, 9, 1),
(1417, 20, '416', 'Fund Raising Projects', 0, NULL, 9, 1),
(1418, 20, '417', 'Interest Income', 0, NULL, 9, 1),
(1419, 20, '418', 'Sponsorship', 0, NULL, 9, 1),
(1420, 20, '419', 'Subsidy from Provincialate', 0, NULL, 9, 1),
(1421, 20, '510', 'Provincialate', 0, NULL, 10, 1),
(1422, 20, '511', 'Remedy', 0, NULL, 10, 1),
(1423, 20, '512A', 'Ordinary', 0, NULL, 11, 1),
(1424, 20, '512B', 'Birthday and Special Occasions', 0, NULL, 11, 1),
(1425, 20, '513', 'Salaries & Wages', 0, NULL, 11, 1),
(1426, 20, '514', '13th Month Pay', 0, NULL, 11, 1),
(1427, 20, '515', 'SSS, Philhealth, Pag-ibig', 0, NULL, 11, 1),
(1428, 20, '516', 'OAR Retirement', 0, NULL, 11, 1),
(1429, 20, '517', 'Employees Benefit', 0, NULL, 11, 1),
(1430, 20, '518', 'Allowance Religious', 0, NULL, 11, 1),
(1431, 20, '519', 'Allowance - Working Student', 0, NULL, 11, 1),
(1432, 20, '520', 'Transportation and Travel', 0, NULL, 11, 1),
(1433, 20, '521', 'Repairs and Maintenance', 0, NULL, 11, 1),
(1434, 20, '521A', 'Repairs and Maintenance-Building', 0, NULL, 11, 1),
(1435, 20, '521B', 'Repairs and Maintenance-Vehicle', 0, NULL, 11, 1),
(1436, 20, '521C', 'Repairs and Maintenance-Furniture\'s and equipment', 0, NULL, 11, 1),
(1437, 20, '522', 'Household Supplies', 0, NULL, 11, 1),
(1438, 20, '523', 'Office supplies', 0, NULL, 11, 1),
(1439, 20, '524', 'Clothing and Personal Expenses', 0, NULL, 11, 1),
(1440, 20, '525', 'Representation', 0, NULL, 11, 1),
(1441, 20, '526', 'Marketing and Promotion', 0, NULL, 11, 1),
(1442, 20, '527', 'Postage, telephone and cable expense', 0, NULL, 11, 1),
(1443, 20, '528', 'Professional and Legal Fees', 0, NULL, 11, 1),
(1444, 20, '529', 'Outside Services', 0, NULL, 11, 1),
(1445, 20, '530', 'Gasoline, Fuel and Oil', 0, NULL, 11, 1),
(1446, 20, '531', 'Books, Periodicals, and Magazines', 0, NULL, 11, 1),
(1447, 20, '532', 'Liturgical Paraphernalia', 0, NULL, 11, 1),
(1448, 20, '533', 'Religious and Personal Development', 0, NULL, 11, 1),
(1449, 20, '534', 'Retreats, Recollections & Seminars', 0, NULL, 11, 1),
(1450, 20, '535', 'Scholarship', 0, NULL, 11, 1),
(1451, 20, '536', 'Sports and Recreation', 0, NULL, 11, 1),
(1452, 20, '537', 'Medical and Dental', 0, NULL, 11, 1),
(1453, 20, '538', 'Donations and charitable contributions', 0, NULL, 11, 1),
(1454, 20, '539', 'OAR Mission', 0, NULL, 11, 1),
(1455, 20, '540', 'Vocation Promotion', 0, NULL, 11, 1),
(1456, 20, '541', 'Taxes, Licenses & Other Fees', 0, NULL, 11, 1),
(1457, 20, '542', 'Insurance expenses', 0, NULL, 11, 1),
(1458, 20, '543', 'Light and water', 0, NULL, 11, 1),
(1459, 20, '544', 'Depreciation Expense', 0, NULL, 11, 1),
(1460, 20, '545', 'Amortization Expense', 0, NULL, 11, 1),
(1461, 20, '546', 'Livestock Expenses', 0, NULL, 11, 1),
(1462, 20, '547', 'Miscellaneous Expenses', 0, NULL, 11, 1),
(1463, 1, '512', 'Meals and Subsistence', 0, NULL, 11, 1),
(1464, 2, '512', 'Meals and Subsistence', 0, NULL, 11, 1),
(1465, 3, '512', 'Meals and Subsistence', 0, NULL, 11, 1),
(1466, 4, '512', 'Meals and Subsistence', 0, NULL, 11, 1),
(1467, 5, '512', 'Meals and Subsistence', 0, NULL, 11, 1),
(1468, 6, '512', 'Meals and Subsistence', 0, NULL, 11, 1),
(1469, 7, '512', 'Meals and Subsistence', 0, NULL, 11, 1),
(1470, 8, '512', 'Meals and Subsistence', 0, NULL, 11, 1),
(1471, 9, '512', 'Meals and Subsistence', 0, NULL, 11, 1),
(1472, 10, '512', 'Meals and Subsistence', 0, NULL, 11, 1),
(1473, 11, '512', 'Meals and Subsistence', 0, NULL, 11, 1),
(1474, 12, '512', 'Meals and Subsistence', 0, NULL, 11, 1),
(1475, 13, '512', 'Meals and Subsistence', 0, NULL, 11, 1),
(1476, 14, '512', 'Meals and Subsistence', 0, NULL, 11, 1),
(1477, 15, '512', 'Meals and Subsistence', 0, NULL, 11, 1),
(1478, 16, '512', 'Meals and Subsistence', 0, NULL, 11, 1),
(1479, 17, '512', 'Meals and Subsistence', 0, NULL, 11, 1),
(1480, 18, '512', 'Meals and Subsistence', 0, NULL, 11, 1),
(1481, 19, '512', 'Meals and Subsistence', 0, NULL, 11, 1),
(1482, 20, '512', 'Meals and Subsistence', 0, NULL, 11, 1),
(1483, 19, '548', 'Transportation Equipment', 0, NULL, 11, 1),
(1484, 21, '1110', 'Revolving/Petty Cash Fund', 150000, NULL, 1, 1),
(1485, 21, '1111', 'Cash on Hand', 0, NULL, 1, 1),
(1486, 21, '1112', 'Cash in Bank BPI 1951-0028-16', 293243.81, NULL, 1, 1),
(1487, 21, '1113', 'Time Deposit', 1500000, NULL, 1, 1),
(1488, 21, '1210', 'Advances to Employees', 50000, NULL, 1, 1),
(1489, 21, '1211', 'Advances-Communities', 125000, NULL, 1, 1),
(1490, 21, '1212', 'Advances-Parish', 15400, NULL, 1, 1),
(1491, 21, '1310', 'Building Improvement', 8500000, NULL, 3, 1),
(1492, 21, '1311', 'Transportation Equipment', 2350000, NULL, 3, 1),
(1493, 21, '1312', 'Furniture and Fixtures', 890000, NULL, 3, 1),
(1494, 21, '1313', 'Household and Kitchen Equipment', 550000, NULL, 3, 1),
(1495, 21, '1314', 'Investment Property', 0, NULL, 3, 1),
(1496, 21, '1315', 'Biological Assets', 0, NULL, 3, 1),
(1497, 21, '1410', 'Accumulated Depreciation-Building Improvement', 340000, NULL, 4, 1),
(1498, 21, '1411', 'Accumulated Depreciation-Transportation Equipment', 235000, NULL, 4, 1),
(1499, 21, '1412', 'Accumulated Depreciation-Furniture and Fixtures', 178000, NULL, 4, 1),
(1500, 21, '1413', 'Accumulated Depreciation-Household and Kitchen Equipment', 183333.33, NULL, 4, 1),
(1501, 21, '1414', 'Accumulated Depreciation-Biological Assets', 0, NULL, 4, 1),
(1502, 21, '2110', 'Advances from Provincialate', 1890000, NULL, 5, 1),
(1503, 21, '3110', 'Fund Balance', 11571210.48, NULL, 7, 1),
(1504, 21, '3120', 'Donated Capital', 0, NULL, 8, 1),
(1505, 21, '4110', 'Mass Stipend/ Ministerial Services', 0, NULL, 9, 1),
(1506, 21, '4111', 'Mass Collections', 0, NULL, 9, 1),
(1507, 21, '4112', 'School Contribution', 0, NULL, 9, 1),
(1508, 21, '4113', 'Parish Contributions', 0, NULL, 9, 1),
(1509, 21, '4114', 'Other Income', 0, NULL, 9, 1),
(1510, 21, '4115', 'Donations', 0, NULL, 9, 1),
(1511, 21, '4116', 'Fund Raising Projects', 0, NULL, 9, 1),
(1512, 21, '4117', 'Interest Income', 0, NULL, 9, 1),
(1513, 21, '4118', 'Sponsorship', 0, NULL, 9, 1),
(1514, 21, '4119', 'Subsidy from Province', 0, NULL, 9, 1),
(1515, 21, '5110', 'Contribution to Provincialate', 0, NULL, 11, 1),
(1516, 21, '5111', 'Contribution to Remedy', 0, NULL, 11, 1),
(1517, 21, '5112', 'Meals and Subsistence-Ordinary', 0, NULL, 11, 1),
(1518, 21, '5113', 'Meals and Subsistence-Birthday and Special Occasions', 0, NULL, 11, 1),
(1519, 21, '5114', 'Salaries and Wages', 0, NULL, 11, 1),
(1520, 21, '5115', '13th Month Pay', 0, NULL, 11, 1),
(1521, 21, '5116', 'SSS/PHIC/HDMF', 0, NULL, 11, 1),
(1522, 21, '5117', 'OAR Retirement', 0, NULL, 11, 1),
(1523, 21, '5118', 'Employees Benefit', 0, NULL, 11, 1),
(1524, 21, '5119', 'Allowance for Religious', 0, NULL, 11, 1),
(1525, 21, '5120', 'Allowance for Working Student', 0, NULL, 11, 1),
(1526, 21, '5121', 'Transportation and Travel', 0, NULL, 11, 1),
(1527, 21, '5122', 'Repairs and Maintenance', 0, NULL, 11, 1),
(1528, 21, '5123', 'Repair and Maintenance-Building', 0, NULL, 11, 1),
(1529, 21, '5124', 'Repair and Maintenance-Vehicle', 0, NULL, 11, 1),
(1530, 21, '5125', 'Repair and Maintenance-Furniture and Equipment', 0, NULL, 11, 1),
(1531, 21, '5126', 'Household Supplies', 0, NULL, 11, 1),
(1532, 21, '5127', 'Office Supplies', 0, NULL, 11, 1),
(1533, 21, '5128', 'Clothing and Personal Expenses', 0, NULL, 11, 1),
(1534, 21, '5129', 'Representation', 0, NULL, 11, 1),
(1535, 21, '5130', 'Marketing and Promotion', 0, NULL, 11, 1),
(1536, 21, '5131', 'Postage, Telephone and Communication', 0, NULL, 11, 1),
(1537, 21, '5132', 'Professional and Legal Fees', 0, NULL, 11, 1),
(1538, 21, '5133', 'Outside Services', 0, NULL, 11, 1),
(1539, 21, '5134', 'Gasoline Fuel and Oil', 0, NULL, 11, 1),
(1540, 21, '5135', 'Books, Periodicals, and Magazines', 0, NULL, 11, 1),
(1541, 21, '5136', 'Liturgical Paraphernalia', 0, NULL, 11, 1),
(1542, 21, '5137', 'Religious and Personal Development', 0, NULL, 11, 1),
(1543, 21, '5138', 'Retreats, Recollections and Seminars', 0, NULL, 11, 1),
(1544, 21, '5139', 'Scholarship', 0, NULL, 11, 1),
(1545, 21, '5140', 'Sports and Recreation', 0, NULL, 11, 1),
(1546, 21, '5141', 'Medical and Dental', 0, NULL, 11, 1),
(1547, 21, '5142', 'Donations and Charitable Contributions', 0, NULL, 11, 1),
(1548, 21, '5143', 'Contribution to OAR Mission', 0, NULL, 11, 1),
(1549, 21, '5144', 'Vocation Promotion', 0, NULL, 11, 1),
(1550, 21, '5145', 'Taxes, Licenses and Other Fees', 0, NULL, 11, 1),
(1551, 21, '5146', 'Insurance Expenses', 0, NULL, 11, 1),
(1552, 21, '5147', 'Light and Water', 0, NULL, 11, 1),
(1553, 21, '5148', 'Depreciation Expenses', 0, NULL, 11, 1),
(1554, 21, '5149', 'Amortization Expense', 0, NULL, 11, 1),
(1555, 21, '5150', 'Livestock Expenses', 0, NULL, 11, 1),
(1556, 21, '5151', 'Finance Charges', 0, NULL, 11, 1),
(1557, 21, '5152', 'Miscellaneous Expenses', 0, NULL, 11, 1),
(1558, 21, '2120', 'SSS Payable', 10000, NULL, 5, 1),
(1560, 21, '2121', 'Philhealth Payable', 3400, NULL, 5, 1),
(1561, 21, '2122', 'Pag-ibig Payable', 10700, NULL, 5, 1),
(1562, 21, '2123', 'SSS Loan Payable', 2000, NULL, 5, 1),
(1563, 22, '1110', 'Revolving Fund', 180000, NULL, 1, 1),
(1564, 22, '1111', 'Cash on Hand', 0, NULL, 1, 1),
(1565, 22, '1112', 'Cash in Bank-Landbank', 10000, NULL, 1, 1),
(1566, 22, '1113', 'Cash in Bank-BDO Seminary', 0, NULL, 1, 1),
(1567, 22, '1114', 'Cash in Bank-BDO (School)', 5785519.09, NULL, 1, 1),
(1568, 22, '1115', 'Cash in Bank-Metrobank', 7966748.65, NULL, 1, 1),
(1569, 22, '1210', 'Advances-Fr. Lagrimas', 0, NULL, 2, 1),
(1570, 22, '1211', 'Advances-Procurator', 0, NULL, 2, 1),
(1571, 22, '1212', 'Advances-SSS Sickness/Maternity Benefits', 0, NULL, 2, 1),
(1572, 22, '1213', 'Advances-TES Scholarship', 0, NULL, 2, 1),
(1573, 22, '1214', 'Advances-Check/Cash Accommodation', 0, NULL, 2, 1),
(1574, 22, '1215', 'Advances-Provincialate', 0, NULL, 2, 1),
(1575, 22, '1216', 'Advances-Housing Loan', 0, NULL, 2, 1),
(1576, 22, '1217', 'Advances-Superavit', 0, NULL, 2, 1),
(1577, 22, '1218', 'Advances-SSS/Pag-ibig Loan', 0, NULL, 2, 1),
(1578, 22, '1310', 'Furniture and Fixture', 0, NULL, 3, 1),
(1579, 22, '1311', 'Building Improvement', 0, NULL, 3, 1),
(1580, 22, '1312', 'Library Books', 0, NULL, 3, 1),
(1581, 22, '1410', 'Accumulated Depreciation-Furniture and Fixture', 0, NULL, 4, 1),
(1582, 22, '1411', 'Accumulated Depreciation-Building Improvements', 0, NULL, 4, 1),
(1583, 22, '1412', 'Accumulated Depreciation-Library Books', 0, NULL, 4, 1),
(1584, 22, '2110', 'Advances from Provincialate', 0, NULL, 5, 1),
(1585, 22, '3110', 'Fund Balance', 13942267.74, NULL, 7, 1),
(1586, 22, '3120', 'Donated Capital', 0, NULL, 8, 1),
(1587, 22, '4110', 'Subsidy-Provincialate', 0, NULL, 9, 1),
(1588, 22, '4111', 'Subsidy-Retaining Wall', 0, NULL, 9, 1),
(1589, 22, '4113', 'Subsidy-Library Books', 0, NULL, 9, 1),
(1590, 22, '4114', 'Subsidy-TES Scholarship Grants', 0, NULL, 9, 1),
(1591, 22, '4115', 'Seminary Fee/Contribution', 0, NULL, 9, 1),
(1592, 22, '4116', 'Seminary-Back accounts', 0, NULL, 9, 1),
(1593, 22, '4117', 'Mass Collections', 0, NULL, 9, 1),
(1594, 22, '4118', 'Mass Stipend', 0, NULL, 9, 1),
(1595, 22, '4119', 'Donation', 0, NULL, 9, 1),
(1596, 22, '4120', 'Thesis/Colloquium Dues/Fees', 0, NULL, 9, 1),
(1597, 22, '4121', 'Other Income-Sale of used Materials', 0, NULL, 9, 1),
(1598, 22, '4122', 'Other Income-School Credentials', 0, NULL, 9, 1),
(1599, 22, '4123', 'Other Income-Library Dues', 0, NULL, 9, 1),
(1600, 22, '4124', 'Other Income-Sale of Religious Items', 0, NULL, 9, 1),
(1601, 22, '4125', 'Interest Income', 0, NULL, 9, 1),
(1602, 22, '5110', 'Meals and Subsistence-Ordinary', 0, NULL, 11, 1),
(1603, 22, '5111', 'Meals and Subsistence-Birthday/Special Occasions', 0, NULL, 11, 1),
(1604, 22, '5112', 'Salaries and wages-Employees', 0, NULL, 11, 1),
(1605, 22, '5113', 'Salaries and Wages-Religious Faculty', 0, NULL, 11, 1),
(1606, 22, '5114', 'Employees Benefits', 0, NULL, 11, 1),
(1607, 22, '5115', '13th Month Pay', 0, NULL, 11, 1),
(1608, 22, '5116', 'SSS/PHIC/HDMF-Seminary', 0, NULL, 11, 1),
(1609, 22, '5117', 'SSS/PHIC/HDMF-School', 0, NULL, 11, 1),
(1610, 22, '5118', 'OAR Retirement', 0, NULL, 11, 1),
(1611, 22, '5119', 'Gasoline, Fuel and Oil', 0, NULL, 11, 1),
(1612, 22, '5120', 'Books and Periodical', 0, NULL, 11, 1),
(1613, 22, '5121', 'Library Expenses-Books and Periodical', 0, NULL, 11, 1),
(1614, 22, '5122', 'Library Expenses-Library Supplies', 0, NULL, 11, 1),
(1615, 22, '5123', 'Light and Water-Seminary', 0, NULL, 11, 1),
(1616, 22, '5124', 'Light and Water-School', 0, NULL, 11, 1),
(1617, 22, '5125', 'Transportation and Travel', 0, NULL, 11, 1),
(1618, 22, '5126', 'Medical and Dental', 0, NULL, 11, 1),
(1619, 22, '5127', 'Allowance for Religious', 0, NULL, 11, 1),
(1620, 22, '5128', 'Repairs and Maintenance-Building', 0, NULL, 11, 1),
(1621, 22, '5129', 'Repair and Maintenance-Equipment', 0, NULL, 11, 1),
(1622, 22, '5130', 'Repair and Maintenance-Vehicle', 0, NULL, 11, 1),
(1623, 22, '5131', 'Office Supplies', 0, NULL, 11, 1),
(1624, 22, '5132', 'Representation', 0, NULL, 11, 1),
(1625, 22, '5133', 'Postage, Telephone and Communication', 0, NULL, 11, 1),
(1626, 22, '5134', 'Household Supplies', 0, NULL, 11, 1),
(1627, 22, '5135', 'Printing and Publications', 0, NULL, 11, 1),
(1628, 22, '5136', 'Clothing and Personal Expenses', 0, NULL, 11, 1),
(1629, 22, '5137', 'Professional and Legal Fees', 0, NULL, 11, 1),
(1630, 22, '5138', 'Outside Services', 0, NULL, 11, 1),
(1631, 22, '5139', 'Sports and Recreation', 0, NULL, 11, 1),
(1632, 22, '5140', 'Liturgical Paraphernalia', 0, NULL, 11, 1),
(1633, 22, '5141', 'Thesis/Colloquium Expenses', 0, NULL, 11, 1),
(1634, 22, '5142', 'Religious and Personal Development', 0, NULL, 11, 1),
(1635, 22, '5143', 'Faculty Development', 0, NULL, 11, 1),
(1636, 22, '5144', 'Retreats, Recollections and Seminars', 0, NULL, 11, 1),
(1637, 22, '5145', 'Donation and Charitable Contributions', 0, NULL, 11, 1),
(1638, 22, '5146', 'Taxes, Licenses and other Fees', 0, NULL, 11, 1),
(1639, 22, '5147', 'Membership and Affiliation Fees', 0, NULL, 11, 1),
(1640, 22, '5148', 'Insurance expenses', 0, NULL, 11, 1),
(1641, 22, '5149', 'Vocation Promotion', 0, NULL, 11, 1),
(1642, 22, '5150', 'Remedy Contribution', 0, NULL, 11, 1),
(1643, 22, '5151', 'Miscellaneous Expenses', 0, NULL, 11, 1),
(1644, 22, '1313', 'Household and Kitchen Euipment', 0, NULL, 3, 1),
(1645, 22, '1219', 'Advances-Employees', 0, NULL, 2, 1),
(1646, 22, '1314', 'Machine, Tools, and Equipment', 0, NULL, 3, 1),
(1647, 22, '1315', 'Land Improvement', 0, NULL, 3, 1);

-- --------------------------------------------------------

--
-- Table structure for table `checkvoucher_account_tbl`
--

CREATE TABLE `checkvoucher_account_tbl` (
  `Id` int(11) NOT NULL,
  `CV_Id` int(11) NOT NULL,
  `Account_Id` int(11) NOT NULL,
  `Debit` double NOT NULL,
  `Credit` double NOT NULL
) ENGINE=InnoDB DEFAULT CHARSET=utf8mb4 COLLATE=utf8mb4_unicode_ci;

--
-- Dumping data for table `checkvoucher_account_tbl`
--

INSERT INTO `checkvoucher_account_tbl` (`Id`, `CV_Id`, `Account_Id`, `Debit`, `Credit`) VALUES
(11, 1, 3, 0, 16417.18),
(12, 1, 68, 16417.18, 0),
(13, 2, 3, 0, 29000),
(14, 2, 52, 9000, 0),
(15, 2, 40, 20000, 0),
(19, 3, 3, 0, 93461.3),
(20, 3, 42, 550, 0),
(21, 3, 33, 92911.3, 0),
(22, 4, 35, 5138.54, 0),
(23, 4, 43, 150, 0),
(24, 4, 52, 1498, 0),
(25, 4, 49, 556, 0),
(26, 4, 42, 250, 0),
(27, 4, 62, 4850, 0),
(28, 4, 61, 650, 0),
(29, 4, 33, 4800.4, 0),
(30, 4, 54, 9775, 0),
(31, 4, 47, 290, 0),
(32, 4, 50, 2077.65, 0),
(33, 4, 55, 18355.3, 0),
(34, 4, 56, 1248, 0),
(35, 4, 39, 300, 0),
(36, 4, 3, 0, 49938.89),
(75, 18, 55, 16120.28, 0),
(76, 18, 72, 100, 0),
(77, 18, 33, 4771.25, 0),
(78, 18, 3, 0, 20991.53),
(118, 6, 3, 0, 8000),
(119, 6, 62, 8000, 0),
(120, 7, 3, 0, 11116.98),
(121, 7, 50, 7609.23, 0),
(122, 7, 47, 1645, 0),
(123, 7, 62, 1862.75, 0),
(126, 8, 3, 0, 20000),
(127, 8, 63, 20000, 0),
(128, 9, 3, 0, 25634.17),
(129, 9, 68, 25634.17, 0),
(130, 10, 3, 0, 67912.56),
(131, 10, 62, 67912.56, 0),
(132, 11, 20, 127503.41, 0),
(133, 11, 3, 0, 127503.41),
(134, 12, 42, 36543.21, 0),
(135, 12, 39, 7260, 0),
(136, 12, 33, 6739.04, 0),
(137, 12, 63, 39000, 0),
(138, 12, 3, 0, 177042.25),
(139, 12, 59, 87500, 0),
(140, 13, 34, 83000, 0),
(141, 13, 3, 0, 83000),
(142, 14, 40, 45000, 0),
(143, 14, 52, 9000, 0),
(144, 14, 3, 0, 54000),
(145, 15, 33, 90645.91, 0),
(146, 15, 3, 0, 91095.91),
(147, 15, 42, 450, 0),
(148, 16, 62, 18000, 0),
(149, 16, 3, 0, 18000),
(150, 17, 68, 21103.89, 0),
(151, 17, 3, 0, 21103.89),
(152, 19, 68, 24517.3, 0),
(153, 19, 3, 0, 24517.3),
(154, 20, 62, 67080.59, 0),
(155, 20, 3, 0, 67080.59),
(156, 21, 20, 113367.49, 0),
(157, 21, 3, 0, 113367.49),
(158, 22, 33, 50016.3, 0),
(159, 22, 34, 13465.14, 0),
(160, 22, 10, 38000, 0),
(161, 22, 47, 34042, 0),
(162, 22, 3, 0, 135523.44),
(163, 23, 47, 2743.98, 0),
(164, 23, 42, 1515, 0),
(165, 23, 50, 4604.5, 0),
(166, 23, 62, 3339.5, 0),
(167, 23, 48, 2827, 0),
(168, 23, 3, 0, 15029.98),
(169, 25, 47, 299.5, 0),
(170, 25, 33, 83434.08, 0),
(171, 25, 42, 450, 0),
(172, 25, 3, 0, 84183.58),
(173, 24, 40, 20000, 0),
(174, 24, 52, 9000, 0),
(175, 24, 3, 0, 29000),
(176, 26, 47, 7909.87, 0),
(177, 26, 54, 800, 0),
(178, 26, 50, 4735.84, 0),
(179, 26, 3, 0, 15445.71),
(180, 26, 42, 2000, 0),
(181, 27, 33, 88597.75, 0),
(182, 27, 72, 100, 0),
(183, 27, 3, 0, 89147.75),
(184, 27, 42, 450, 0),
(185, 28, 68, 19425.2, 0),
(186, 28, 3, 0, 19425.2),
(187, 29, 68, 29636.43, 0),
(188, 29, 3, 0, 29636.43),
(189, 30, 3, 0, 109724.09),
(190, 30, 20, 109724.09, 0),
(193, 31, 345, 14000, 0),
(194, 31, 346, 5000, 0),
(195, 31, 350, 7500, 0),
(196, 31, 352, 10100, 0),
(197, 31, 355, 11785, 0),
(198, 31, 357, 4303.5, 0),
(199, 31, 358, 1032, 0),
(200, 31, 360, 1000, 0),
(201, 31, 362, 6719, 0),
(202, 31, 365, 12049.46, 0),
(203, 31, 369, 37500, 0),
(204, 31, 372, 1748.9, 0),
(205, 31, 375, 6666, 0),
(206, 31, 378, 13984, 0),
(207, 31, 1466, 40023.76, 0),
(208, 31, 313, 0, 173411.62),
(209, 32, 343, 48758.59, 0),
(210, 32, 345, 15000, 0),
(211, 32, 350, 7500, 0),
(212, 32, 352, 6000, 0),
(213, 32, 357, 7620, 0),
(214, 32, 360, 1520, 0),
(215, 32, 362, 11119, 0),
(216, 32, 364, 15129, 0),
(217, 32, 365, 33412.76, 0),
(218, 32, 372, 6210.5, 0),
(219, 32, 313, 0, 152269.85),
(220, 33, 343, 28543.25, 0),
(221, 33, 345, 15000, 0),
(222, 33, 350, 9000, 0),
(223, 33, 357, 6871, 0),
(224, 33, 362, 3000, 0),
(225, 33, 365, 51324.25, 0),
(226, 33, 369, 37500, 0),
(227, 33, 313, 0, 151238.5),
(228, 34, 926, 12000, 0),
(229, 34, 888, 0, 12000),
(230, 35, 926, 12000, 0),
(231, 35, 888, 0, 12000),
(232, 36, 926, 14560.52, 0),
(233, 36, 888, 0, 14560.52),
(234, 37, 1281, 54210, 0),
(235, 37, 1283, 7745.25, 0),
(236, 37, 1294, 5650, 0),
(237, 37, 1285, 4500, 0),
(238, 37, 1298, 7833, 0),
(239, 37, 1312, 5000, 0),
(240, 37, 1288, 6500, 0),
(241, 37, 1249, 0, 91438.25),
(242, 38, 1281, 54210, 0),
(243, 38, 1285, 4500, 0),
(244, 38, 1294, 7549, 0),
(245, 38, 1298, 9562, 0),
(246, 38, 1283, 7745.25, 0),
(247, 38, 1288, 14500, 0),
(248, 38, 1249, 0, 98066.25),
(249, 39, 1281, 56210, 0),
(250, 39, 1294, 8562, 0),
(251, 39, 1285, 4500, 0),
(252, 39, 1283, 7745.25, 0),
(253, 39, 1305, 12500, 0),
(254, 39, 1249, 0, 117847.25),
(255, 39, 1298, 7830, 0),
(256, 39, 1312, 8000, 0),
(257, 39, 1288, 12500, 0),
(258, 40, 201, 5000, 0),
(259, 40, 206, 7500, 0),
(260, 40, 211, 10500, 0),
(261, 40, 218, 4500, 0),
(262, 40, 225, 15000, 0),
(263, 40, 227, 1665, 0),
(264, 40, 228, 12765.3, 0),
(265, 40, 1464, 12354.2, 0),
(266, 40, 168, 0, 69284.5),
(267, 41, 199, 17345.67, 0),
(268, 41, 200, 26473.6, 0),
(269, 41, 201, 5000, 0),
(270, 41, 206, 7500, 0),
(271, 41, 218, 4500, 0),
(272, 41, 225, 15000, 0),
(273, 41, 168, 0, 75819.26999999999),
(274, 42, 201, 5000, 0),
(275, 42, 206, 7500, 0),
(276, 42, 208, 5000, 0),
(277, 42, 213, 6241.15, 0),
(278, 42, 218, 44277.64, 0),
(279, 42, 221, 5000, 0),
(280, 42, 228, 3540, 0),
(281, 42, 168, 0, 76558.79000000001),
(282, 43, 385, 0, 42000),
(283, 43, 422, 7500, 0),
(284, 43, 434, 4500, 0),
(285, 43, 416, 30000, 0),
(300, 44, 385, 0, 8650),
(301, 44, 427, 8650, 0),
(302, 45, 1467, 10000, 0),
(303, 45, 385, 0, 10000),
(306, 47, 385, 0, 30000),
(307, 47, 416, 30000, 0),
(308, 46, 385, 0, 14500),
(309, 46, 445, 14500, 0),
(310, 48, 422, 7500, 0),
(311, 48, 434, 4500, 0),
(312, 48, 385, 0, 12000),
(313, 49, 782, 7500, 0),
(314, 49, 794, 4500, 0),
(315, 49, 745, 0, 12000),
(316, 50, 789, 8500, 0),
(317, 50, 787, 12000, 0),
(318, 50, 745, 0, 45500),
(319, 50, 775, 25000, 0),
(322, 52, 789, 6540, 0),
(323, 52, 803, 1500, 0),
(324, 52, 784, 15000, 0),
(325, 52, 804, 5634, 0),
(326, 52, 794, 3300, 0),
(327, 52, 797, 5000, 0),
(328, 52, 745, 0, 36974),
(331, 53, 777, 15000, 0),
(332, 53, 745, 0, 15000),
(333, 54, 782, 7500, 0),
(334, 54, 794, 4500, 0),
(335, 54, 745, 0, 12000),
(358, 57, 782, 10000, 0),
(359, 57, 794, 4500, 0),
(360, 57, 745, 0, 14500),
(361, 58, 777, 15000, 0),
(362, 58, 745, 0, 15000),
(363, 56, 777, 15000, 0),
(364, 56, 801, 15000, 0),
(365, 56, 797, 4500, 0),
(366, 56, 775, 12478, 0),
(367, 56, 804, 2260, 0),
(368, 56, 784, 2500, 0),
(369, 56, 808, 1500, 0),
(370, 56, 745, 0, 53238),
(371, 55, 775, 25450, 0),
(372, 55, 777, 15000, 0),
(373, 55, 784, 5000, 0),
(374, 55, 797, 8000, 0),
(375, 55, 789, 3451, 0),
(376, 55, 807, 2000, 0),
(377, 55, 745, 0, 58901),
(378, 51, 745, 0, 15000),
(379, 51, 777, 15000, 0),
(380, 59, 1480, 15328.5, 0),
(381, 59, 1360, 5000, 0),
(382, 59, 1358, 7500, 0),
(383, 59, 1370, 4500, 0),
(384, 59, 1373, 5650, 0),
(385, 59, 1365, 3402.5, 0),
(386, 59, 1321, 0, 41381),
(391, 60, 1323, 0, 5000),
(392, 60, 1353, 13338, 0),
(393, 60, 1357, 3000, 0),
(394, 60, 1321, 0, 11338),
(400, 61, 1352, 45000, 0),
(401, 61, 1360, 15000, 0),
(402, 61, 1373, 2500, 0),
(403, 61, 1351, 12450, 0),
(404, 61, 1321, 0, 74950),
(427, 64, 1363, 12500, 0),
(428, 64, 1360, 5000, 0),
(429, 64, 1351, 23500, 0),
(430, 64, 1366, 2450, 0),
(431, 64, 1368, 1000, 0),
(432, 64, 1370, 3800, 0),
(433, 64, 1365, 6750, 0),
(434, 64, 1367, 45000, 0),
(435, 64, 1321, 0, 100000),
(436, 65, 1358, 15000, 0),
(437, 65, 1370, 4500, 0),
(438, 65, 1321, 0, 19500),
(439, 63, 1353, 13338, 0),
(440, 63, 1321, 0, 16338),
(441, 63, 1357, 3000, 0),
(442, 62, 1358, 10000, 0),
(443, 62, 1370, 3800, 0),
(444, 62, 1360, 5000, 0),
(445, 62, 1373, 3500, 0),
(446, 62, 1380, 8950, 0),
(447, 62, 1381, 15000, 0),
(448, 62, 1321, 0, 46250),
(453, 66, 866, 4500, 0),
(454, 66, 854, 7500, 0),
(455, 66, 847, 12500, 0),
(456, 66, 817, 0, 24500),
(457, 67, 854, 10000, 0),
(458, 67, 856, 5000, 0),
(459, 67, 866, 4500, 0),
(460, 67, 817, 0, 19500),
(466, 68, 847, 12453, 0),
(467, 68, 854, 15000, 0),
(468, 68, 866, 4500, 0),
(469, 68, 861, 3219, 0),
(470, 68, 817, 0, 35172),
(471, 69, 494, 7500, 0),
(472, 69, 499, 13500, 0),
(473, 69, 516, 4900, 0),
(474, 69, 487, 18452, 0),
(475, 69, 509, 5000, 0),
(476, 69, 496, 15000, 0),
(477, 69, 501, 0, 0),
(478, 69, 506, 4500, 0),
(479, 69, 517, 20000, 0),
(480, 69, 513, 15000, 0),
(481, 69, 457, 0, 103852),
(482, 70, 494, 10000, 0),
(483, 70, 506, 4500, 0),
(484, 70, 520, 1500, 0),
(485, 70, 509, 6000, 0),
(486, 70, 496, 15000, 0),
(487, 70, 501, 6750, 0),
(488, 70, 504, 5550, 0),
(489, 70, 515, 2378, 0),
(490, 70, 517, 5000, 0),
(491, 70, 519, 1000, 0),
(492, 70, 501, 4123, 0),
(493, 70, 457, 0, 61801),
(494, 71, 499, 7500, 0),
(495, 71, 501, 3750.5, 0),
(496, 71, 496, 15000, 0),
(497, 71, 506, 4500, 0),
(498, 71, 494, 15000, 0),
(499, 71, 509, 6550, 0),
(500, 71, 503, 45000, 0),
(501, 71, 457, 0, 97300.5),
(502, 72, 8, 500000, 0),
(503, 72, 3, 0, 500000),
(504, 73, 1524, 27500, 0),
(505, 73, 1486, 0, 39500),
(506, 73, 1536, 12000, 0),
(507, 74, 1517, 63775.6, 0),
(508, 74, 1531, 23450.5, 0),
(509, 74, 1486, 0, 87226.1),
(510, 75, 1518, 31164, 0),
(511, 75, 1517, 2892, 0),
(512, 75, 1526, 6000, 0),
(513, 75, 1539, 2200.96, 0),
(514, 75, 1541, 13250, 0),
(515, 75, 1486, 0, 55506.96),
(534, 80, 1486, 0, 37216.94),
(535, 80, 1552, 37216.94, 0),
(543, 78, 1546, 24115.89, 0),
(544, 78, 1486, 0, 24115.89),
(563, 77, 1517, 2077, 0),
(564, 77, 1526, 3000, 0),
(565, 77, 1531, 630.5, 0),
(566, 77, 1545, 560, 0),
(567, 77, 1539, 6800.17, 0),
(568, 77, 1546, 14318, 0),
(569, 77, 1538, 2211, 0),
(570, 77, 1518, 1645, 0),
(571, 77, 1536, 300, 0),
(572, 77, 1519, 9486.46, 0),
(573, 77, 1486, 0, 41028.13),
(574, 79, 1526, 390, 0),
(575, 79, 1486, 0, 64773.29),
(576, 79, 1517, 64383.29, 0),
(577, 83, 1502, 119478.56, 0),
(578, 83, 1486, 0, 119478.56),
(579, 82, 1526, 330, 0),
(580, 82, 1545, 650, 0),
(581, 82, 1533, 3960, 0),
(582, 82, 1534, 686, 0),
(583, 82, 1531, 915.5, 0),
(584, 82, 1528, 1468.25, 0),
(585, 82, 1540, 1365, 0),
(586, 82, 1538, 2801, 0),
(587, 82, 1546, 3870.5, 0),
(588, 82, 1517, 3450, 0),
(589, 82, 1519, 9488.54, 0),
(590, 82, 1539, 14300.13, 0),
(591, 82, 1529, 300, 0),
(592, 82, 1486, 0, 43584.92),
(593, 81, 1539, 3820.4, 0),
(594, 81, 1531, 2207.25, 0),
(595, 81, 1526, 2570, 0),
(596, 81, 1517, 85823.53, 0),
(597, 81, 1534, 1838, 0),
(598, 81, 1518, 9811.76, 0),
(599, 81, 1486, 0, 106070.93999999999),
(600, 76, 1486, 0, 44723.27),
(601, 76, 1552, 44723.27, 0),
(602, 84, 1546, 8945.86, 0),
(603, 84, 1486, 0, 8945.86),
(604, 85, 1517, 79595.65, 0),
(605, 85, 1526, 300, 0),
(606, 85, 1534, 515, 0),
(607, 85, 1539, 2375.45, 0),
(608, 85, 1547, 5413, 0),
(609, 85, 1531, 2786, 0),
(610, 85, 1518, 17356, 0),
(611, 85, 1486, 0, 108341.09999999999),
(612, 86, 1524, 25000, 0),
(613, 86, 1536, 12000, 0),
(614, 86, 1486, 0, 37000),
(615, 87, 1549, 10000, 0),
(616, 87, 1486, 0, 10000),
(617, 88, 1517, 62294.33, 0),
(618, 88, 1531, 33755.6, 0),
(619, 88, 1486, 0, 96049.93),
(620, 89, 1546, 20000, 0),
(621, 89, 1486, 0, 20000),
(622, 90, 1547, 20000, 0),
(623, 90, 1486, 0, 20000),
(624, 91, 1531, 2189, 0),
(625, 91, 1517, 4823, 0),
(626, 91, 1540, 1365, 0),
(627, 91, 1539, 10950.26, 0),
(628, 91, 1526, 563, 0),
(629, 91, 1538, 1100, 0),
(630, 91, 1534, 4344.42, 0),
(631, 91, 1546, 4122, 0),
(632, 91, 1523, 1300, 0),
(633, 91, 1532, 24, 0),
(634, 91, 1519, 10053.12, 0),
(635, 91, 1528, 3680, 0),
(636, 91, 1486, 0, 44513.8),
(637, 92, 1546, 15846.4, 0),
(638, 92, 1486, 0, 15846.4),
(639, 93, 1526, 12000, 0),
(640, 93, 1552, 45000, 0),
(641, 93, 1486, 0, 57000),
(642, 94, 1547, 10000, 0),
(643, 94, 1486, 0, 10000),
(644, 95, 1552, 40270.26, 0),
(645, 95, 1486, 0, 40270.26),
(646, 96, 1517, 1391.5, 0),
(647, 96, 1539, 5400, 0),
(648, 96, 1546, 154.25, 0),
(649, 96, 1538, 875, 0),
(650, 96, 1531, 2959.75, 0),
(651, 96, 1532, 229, 0),
(652, 96, 1545, 650, 0),
(653, 96, 1534, 2492, 0),
(654, 96, 1519, 3848.96, 0),
(655, 96, 1541, 128, 0),
(656, 96, 1523, 1000, 0),
(657, 96, 1520, 3000, 0),
(658, 96, 1526, 2220, 0),
(659, 96, 1486, 0, 24348.46),
(660, 97, 1517, 45082.2, 0),
(661, 97, 1486, 0, 45382.2),
(662, 97, 1526, 300, 0),
(663, 98, 1502, 190172.84, 0),
(664, 98, 1486, 0, 190172.84),
(665, 99, 1502, 124675.01, 0),
(666, 99, 1486, 0, 124675.01),
(667, 100, 1536, 12000, 0),
(668, 100, 1524, 55000, 0),
(669, 100, 1486, 0, 67000),
(670, 101, 1534, 16200, 0),
(671, 101, 1486, 0, 16200),
(672, 102, 1517, 57086.92, 0),
(673, 102, 1486, 0, 105198.73999999999),
(674, 102, 1539, 5316.82, 0),
(675, 102, 1531, 42795, 0),
(676, 103, 1546, 6019.31, 0),
(677, 103, 1486, 0, 6019.31),
(678, 104, 1533, 75000, 0),
(679, 104, 1524, 150000, 0),
(680, 104, 1534, 50000, 0),
(681, 104, 1547, 170000, 0),
(682, 104, 1486, 0, 445000),
(683, 105, 1517, 76988.08, 0),
(684, 105, 1531, 240, 0),
(685, 105, 1526, 31810, 0),
(686, 105, 1539, 4771.65, 0),
(687, 105, 1486, 0, 113809.73),
(688, 106, 1538, 477, 0),
(689, 106, 1539, 14752, 0),
(690, 106, 1517, 7217, 0),
(691, 106, 1546, 4876, 0),
(692, 106, 1523, 300, 0),
(693, 106, 1534, 1653.52, 0),
(694, 106, 1531, 1789, 0),
(695, 106, 1520, 3000, 0),
(696, 106, 1545, 650, 0),
(697, 106, 1519, 3862.5, 0),
(698, 106, 1540, 1365, 0),
(699, 106, 1547, 1014, 0),
(700, 106, 1486, 0, 47718.520000000004),
(701, 106, 1526, 6420, 0),
(702, 106, 1532, 342.5, 0),
(703, 107, 1517, 26388.25, 0),
(704, 107, 1526, 6150, 0),
(705, 107, 1539, 2415.15, 0),
(706, 107, 1486, 0, 34953.4),
(707, 108, 1552, 36123.95, 0),
(708, 108, 1486, 0, 36123.95),
(709, 109, 1518, 2740, 0),
(710, 109, 1539, 13610.15, 0),
(711, 109, 1538, 650, 0),
(712, 109, 1546, 8389, 0),
(713, 109, 1486, 0, 32734.15),
(714, 109, 1526, 250, 0),
(715, 109, 1534, 195, 0),
(716, 109, 1517, 3900, 0),
(717, 109, 1532, 3000, 0),
(718, 110, 1545, 15000, 0),
(719, 110, 1486, 0, 15000),
(720, 111, 1546, 10000, 0),
(721, 111, 1486, 0, 10000),
(722, 112, 1517, 72830.34, 0),
(723, 112, 1518, 20602.15, 0),
(724, 112, 1526, 450, 0),
(725, 112, 1534, 2503, 0),
(726, 112, 1531, 17256.13, 0),
(727, 112, 1533, 4500, 0),
(728, 112, 1539, 1365, 0),
(729, 112, 1547, 25000, 0),
(730, 112, 1486, 0, 144506.62),
(731, 113, 1552, 41733.73, 0),
(732, 113, 1486, 0, 41733.73),
(733, 114, 1546, 27315.62, 0),
(734, 114, 1486, 0, 27315.62),
(735, 115, 1502, 109992.4, 0),
(736, 115, 1486, 0, 109992.4),
(737, 116, 1486, 0, 33750),
(738, 116, 1502, 33750, 0),
(739, 117, 1486, 0, 37000),
(740, 117, 1524, 25000, 0),
(741, 117, 1536, 12000, 0),
(742, 118, 1517, 39794.01, 0),
(743, 118, 1541, 1531, 0),
(744, 118, 1531, 32235, 0),
(745, 118, 1539, 2641.47, 0),
(746, 118, 1486, 0, 76201.48000000001),
(747, 119, 1546, 7267, 0),
(748, 119, 1486, 0, 7267),
(749, 120, 1552, 43379.09, 0),
(750, 120, 1486, 0, 43379.09),
(751, 121, 1517, 1810, 0),
(752, 121, 1526, 5211, 0),
(753, 121, 1546, 9109, 0),
(754, 121, 1539, 9339.96, 0),
(755, 121, 1523, 300, 0),
(756, 121, 1531, 3428.75, 0),
(757, 121, 1538, 3134, 0),
(758, 121, 1519, 3000, 0),
(759, 121, 1528, 235, 0),
(760, 121, 1545, 650, 0),
(761, 121, 1541, 2986, 0),
(762, 121, 1534, 2480, 0),
(763, 121, 1540, 1365, 0),
(764, 121, 1524, 2500, 0),
(765, 121, 1486, 0, 45548.71),
(766, 122, 1531, 2954.5, 0),
(767, 122, 1517, 61646, 0),
(768, 122, 1486, 0, 67067.72),
(769, 122, 1539, 2467.22, 0),
(770, 123, 1528, 10500, 0),
(771, 123, 1486, 0, 10500),
(772, 124, 1546, 30573.72, 0),
(773, 124, 1486, 0, 30573.72),
(774, 125, 1502, 71739.87, 0),
(775, 125, 1486, 0, 71739.87),
(776, 126, 1552, 32235.86, 0),
(777, 126, 1486, 0, 32235.86),
(778, 127, 1517, 86255.06, 0),
(779, 127, 1518, 38787.02, 0),
(780, 127, 1526, 8600, 0),
(781, 127, 1531, 5150.5, 0),
(782, 127, 1546, 234, 0),
(783, 127, 1486, 0, 139026.58),
(784, 128, 1502, 77627.92, 0),
(785, 128, 1486, 0, 77627.92),
(786, 129, 1518, 16200, 0),
(787, 129, 1486, 0, 16200),
(788, 130, 1536, 12000, 0),
(789, 130, 1524, 27500, 0),
(790, 130, 1486, 0, 39500),
(791, 131, 1517, 58635.55, 0),
(792, 131, 1531, 20848.75, 0),
(793, 131, 1538, 5000, 0),
(794, 131, 1486, 0, 84484.3),
(795, 132, 1517, 2423, 0),
(796, 132, 1518, 1651, 0),
(797, 132, 1526, 560, 0),
(798, 132, 1531, 527.5, 0),
(799, 132, 1539, 19447.89, 0),
(800, 132, 1546, 5122.42, 0),
(801, 132, 1534, 770.57, 0),
(802, 132, 1538, 2209, 0),
(803, 132, 1523, 300, 0),
(804, 132, 1532, 2114, 0),
(805, 132, 1545, 3000, 0),
(806, 132, 1519, 3900, 0),
(807, 132, 1540, 1365, 0),
(808, 132, 1486, 0, 43390.38),
(809, 133, 1486, 0, 22892.96),
(810, 133, 1546, 22892.96, 0),
(811, 134, 1552, 49564.42, 0),
(812, 134, 1486, 0, 49564.42),
(813, 135, 1526, 600, 0),
(814, 135, 1517, 96489.83, 0),
(815, 135, 1541, 3000, 0),
(816, 135, 1486, 0, 100289.83),
(817, 135, 1531, 200, 0),
(818, 136, 1517, 7708, 0),
(819, 136, 1539, 13732.07, 0),
(820, 136, 1526, 230, 0),
(821, 136, 1540, 1365, 0),
(822, 136, 1546, 12830.8, 0),
(823, 136, 1538, 850, 0),
(824, 136, 1534, 595, 0),
(825, 136, 1531, 3469.75, 0),
(826, 136, 1486, 0, 48027.49999999999),
(827, 136, 1545, 650, 0),
(828, 136, 1519, 6596.88, 0),
(829, 137, 1502, 122660.26, 0),
(830, 137, 1486, 0, 122660.26),
(831, 138, 1517, 44163, 0),
(832, 138, 1526, 300, 0),
(833, 138, 1531, 26933, 0),
(834, 138, 1539, 2000, 0),
(835, 138, 1486, 0, 74581),
(836, 138, 1534, 1185, 0),
(837, 139, 1486, 0, 15400),
(838, 139, 1528, 15400, 0),
(839, 140, 1552, 33814.33, 0),
(840, 140, 1486, 0, 33814.33),
(841, 141, 1486, 0, 35016.32),
(842, 141, 1546, 35016.32, 0),
(843, 142, 1524, 25000, 0),
(844, 142, 1536, 12000, 0),
(845, 142, 1486, 0, 37000),
(846, 143, 1517, 65855.23, 0),
(847, 143, 1531, 22704.75, 0),
(848, 143, 1486, 0, 93559.98),
(849, 143, 1524, 5000, 0),
(850, 144, 1526, 300, 0),
(851, 144, 1539, 4000, 0),
(852, 144, 1517, 66430.37, 0),
(853, 144, 1546, 25781.5, 0),
(854, 144, 1541, 1450, 0),
(855, 144, 1531, 4072, 0),
(856, 144, 1534, 2910, 0),
(857, 144, 1486, 0, 104943.87),
(858, 145, 1517, 2311, 0),
(859, 145, 1546, 3673.29, 0),
(860, 145, 1539, 8331.13, 0),
(861, 145, 1526, 2750, 0),
(862, 145, 1533, 7500, 0),
(863, 145, 1519, 3750, 0),
(864, 145, 1538, 3175, 0),
(865, 145, 1531, 1390, 0),
(866, 145, 1534, 1325, 0),
(867, 145, 1528, 349, 0),
(868, 145, 1523, 300, 0),
(869, 145, 1486, 0, 49854.42),
(870, 145, 1524, 15000, 0),
(871, 146, 1552, 9797.48, 0),
(872, 146, 1486, 0, 9797.48),
(873, 147, 1486, 0, 9878),
(874, 147, 1546, 9878, 0),
(875, 148, 1502, 56066.64, 0),
(876, 148, 1486, 0, 56066.64),
(877, 149, 1526, 300, 0),
(878, 149, 1539, 4928.55, 0),
(879, 149, 1517, 76449.69, 0),
(880, 149, 1534, 1500, 0),
(881, 149, 1486, 0, 126449.24),
(882, 149, 1531, 17678, 0),
(883, 149, 1494, 25593, 0),
(884, 150, 1486, 0, 57518.58),
(885, 150, 1502, 57518.58, 0),
(886, 151, 1546, 16997.23, 0),
(887, 151, 1552, 34861.46, 0),
(888, 151, 1486, 0, 51858.69),
(889, 152, 1517, 42237, 0),
(890, 152, 1486, 0, 76487.75),
(891, 152, 1531, 34250.75, 0),
(892, 153, 1536, 9000, 0),
(893, 153, 1524, 35000, 0),
(894, 153, 1486, 0, 44000),
(895, 154, 1517, 1673, 0),
(896, 154, 1539, 12989.17, 0),
(897, 154, 1526, 3973, 0),
(898, 154, 1531, 3466.75, 0),
(899, 154, 1538, 1990, 0),
(900, 154, 1534, 5151, 0),
(901, 154, 1545, 650, 0),
(902, 154, 1546, 11935, 0),
(903, 154, 1540, 2730, 0),
(904, 154, 1519, 3000, 0),
(905, 154, 1523, 2300, 0),
(906, 154, 1486, 0, 49857.92),
(907, 155, 1517, 74736.9, 0),
(908, 155, 1526, 5450, 0),
(909, 155, 1539, 5255.57, 0),
(910, 155, 1531, 36794, 0),
(911, 155, 1532, 3938, 0),
(912, 155, 1534, 415.71, 0),
(913, 155, 1486, 0, 126590.18000000001),
(914, 156, 1552, 13848.69, 0),
(915, 156, 1486, 0, 13848.69),
(916, 157, 1502, 79371.8, 0),
(917, 157, 1486, 0, 79371.8),
(918, 158, 1517, 68976.41, 0),
(919, 158, 1533, 5566, 0),
(920, 158, 1531, 7093.78, 0),
(921, 158, 1526, 5360, 0),
(922, 158, 1547, 10000, 0),
(923, 158, 1541, 1120, 0),
(924, 158, 1486, 0, 98116.19),
(925, 159, 1552, 43426.24, 0),
(926, 159, 1486, 0, 43426.24),
(927, 160, 1502, 67232.86, 0),
(928, 160, 1486, 0, 67232.86),
(929, 161, 1546, 13286.6, 0),
(930, 161, 1486, 0, 13286.6),
(931, 162, 1533, 7500, 0),
(932, 162, 1486, 0, 22500),
(933, 162, 1524, 15000, 0),
(934, 163, 1517, 47407.3, 0),
(935, 163, 1531, 21731.75, 0),
(936, 163, 1486, 0, 69139.05),
(937, 164, 1536, 10500, 0),
(938, 164, 1533, 52500, 0),
(939, 164, 1524, 127500, 0),
(940, 164, 1486, 0, 190500),
(941, 165, 1539, 1937.17, 0),
(942, 165, 1531, 25217, 0),
(943, 165, 1517, 40389.87, 0),
(944, 165, 1518, 36481.53, 0),
(945, 165, 1486, 0, 104025.57),
(946, 166, 1546, 9677, 0),
(947, 166, 1486, 0, 9677),
(948, 167, 1517, 67036, 0),
(949, 167, 1531, 7443, 0),
(950, 167, 1526, 450, 0),
(951, 167, 1486, 0, 74929),
(952, 168, 1502, 60645.36, 0),
(953, 168, 1486, 0, 60645.36),
(954, 169, 1517, 4557, 0),
(955, 169, 1526, 380, 0),
(956, 169, 1531, 1969.5, 0),
(957, 169, 1538, 5010, 0),
(958, 169, 1523, 1300, 0),
(959, 169, 1539, 10740, 0),
(960, 169, 1546, 13247, 0),
(961, 169, 1486, 0, 37203.5),
(962, 170, 1552, 15821.99, 0),
(963, 170, 1486, 0, 15821.99),
(978, 173, 1517, 46614.61, 0),
(979, 173, 1526, 300, 0),
(980, 173, 1531, 20485, 0),
(981, 173, 1541, 5566, 0),
(982, 173, 1532, 3513, 0),
(983, 173, 1486, 0, 76478.61),
(984, 174, 1517, 67209.15, 0),
(985, 174, 1518, 1355, 0),
(986, 174, 1531, 26518, 0),
(987, 174, 1533, 5000, 0),
(988, 174, 1486, 0, 100082.15),
(989, 175, 1536, 10500, 0),
(990, 175, 1524, 30000, 0),
(991, 175, 1486, 0, 40500),
(992, 176, 1536, 1500, 0),
(993, 176, 1524, 30000, 0),
(994, 176, 1486, 0, 31500),
(995, 177, 1517, 41576.26, 0),
(996, 177, 1526, 300, 0),
(997, 177, 1531, 64711, 0),
(998, 177, 1518, 37938.14, 0),
(999, 177, 1533, 1478.75, 0),
(1000, 177, 1541, 4500, 0),
(1001, 177, 1532, 21528, 0),
(1002, 177, 1486, 0, 172032.15000000002),
(1003, 178, 1526, 220, 0),
(1004, 178, 1546, 13977.1, 0),
(1005, 178, 1534, 502, 0),
(1006, 178, 1486, 0, 14699.1),
(1007, 179, 1541, 18728.31, 0),
(1008, 179, 1486, 0, 18728.31),
(1009, 180, 1517, 3754.39, 0),
(1010, 180, 1526, 653, 0),
(1011, 180, 1523, 300, 0),
(1012, 180, 1539, 14654.71, 0),
(1013, 180, 1519, 8900, 0),
(1014, 180, 1546, 7681.29, 0),
(1015, 180, 1531, 6240.7, 0),
(1016, 180, 1540, 1365, 0),
(1017, 180, 1538, 1718, 0),
(1018, 180, 1534, 490, 0),
(1019, 180, 1541, 90, 0),
(1020, 180, 1486, 0, 45847.09),
(1021, 181, 1518, 14664, 0),
(1022, 181, 1517, 64453.22, 0),
(1023, 181, 1539, 2481.93, 0),
(1024, 181, 1526, 15330, 0),
(1025, 181, 1531, 16772, 0),
(1026, 181, 1538, 1336, 0),
(1027, 181, 1532, 4210, 0),
(1028, 181, 1534, 4320, 0),
(1029, 181, 1533, 16403, 0),
(1030, 181, 1486, 0, 139970.15),
(1031, 182, 1546, 37004.42, 0),
(1032, 182, 1486, 0, 37004.42),
(1033, 183, 1552, 42881.95, 0),
(1034, 183, 1486, 0, 42881.95),
(1035, 184, 1502, 137880.16, 0),
(1036, 184, 1486, 0, 137880.16),
(1037, 185, 1524, 25000, 0),
(1038, 185, 1536, 10500, 0),
(1039, 185, 1486, 0, 35500),
(1040, 186, 1517, 89392.36, 0),
(1041, 186, 1526, 18150, 0),
(1042, 186, 1531, 33565.5, 0),
(1043, 186, 1486, 0, 141107.86),
(1044, 187, 1546, 8000, 0),
(1045, 187, 1486, 0, 8000),
(1046, 188, 1517, 246, 0),
(1047, 188, 1539, 20353.94, 0),
(1048, 188, 1526, 350, 0),
(1049, 188, 1531, 6191.64, 0),
(1050, 188, 1528, 7763.75, 0),
(1051, 188, 1545, 1292.68, 0),
(1052, 188, 1538, 2500, 0),
(1053, 188, 1534, 739, 0),
(1054, 188, 1523, 1300, 0),
(1055, 188, 1546, 2958, 0),
(1056, 188, 1519, 2940.63, 0),
(1057, 188, 1540, 1365, 0),
(1058, 188, 1547, 737, 0),
(1059, 188, 1486, 0, 48737.64),
(1060, 189, 1552, 18249.96, 0),
(1061, 189, 1486, 0, 18249.96),
(1062, 190, 1517, 89554, 0),
(1063, 190, 1531, 2777, 0),
(1064, 190, 1526, 550, 0),
(1065, 190, 1557, 200, 0),
(1066, 190, 1486, 0, 93081),
(1067, 191, 1502, 66232.52, 0),
(1068, 191, 1486, 0, 66232.52),
(1071, 192, 1546, 16514.85, 0),
(1072, 192, 1486, 0, 16514.85),
(1073, 193, 1517, 3024, 0),
(1074, 193, 1546, 3438.2, 0),
(1075, 193, 1526, 730, 0),
(1076, 193, 1531, 4128.5, 0),
(1077, 193, 1539, 19040, 0),
(1078, 193, 1550, 100, 0),
(1079, 193, 1519, 3000, 0),
(1080, 193, 1545, 650, 0),
(1081, 193, 1528, 6800, 0),
(1082, 193, 1532, 211, 0),
(1083, 193, 1534, 4321.66, 0),
(1084, 193, 1540, 945, 0),
(1085, 193, 1538, 600, 0),
(1086, 193, 1486, 0, 46988.36),
(1087, 194, 1486, 0, 42691.4),
(1088, 194, 1552, 42691.4, 0),
(1089, 195, 1502, 67297.65, 0),
(1090, 195, 1486, 0, 67297.65),
(1091, 196, 1524, 67500, 0),
(1092, 196, 1536, 10500, 0),
(1093, 196, 1486, 0, 78000),
(1094, 197, 1547, 20000, 0),
(1095, 197, 1486, 0, 20000),
(1096, 198, 1547, 20000, 0),
(1097, 198, 1486, 0, 20000),
(1098, 199, 1526, 300, 0),
(1099, 199, 1486, 0, 84934.56),
(1100, 199, 1517, 84634.56, 0),
(1101, 200, 1517, 8270, 0),
(1102, 200, 1531, 2563.14, 0),
(1103, 200, 1526, 355, 0),
(1104, 200, 1546, 13737.03, 0),
(1105, 200, 1536, 1500, 0),
(1106, 200, 1539, 4799.86, 0),
(1107, 200, 1538, 10410, 0),
(1108, 200, 1519, 4437.5, 0),
(1109, 200, 1534, 1736.5, 0),
(1110, 200, 1540, 945, 0),
(1111, 200, 1523, 300, 0),
(1112, 200, 1524, 798, 0),
(1113, 200, 1486, 0, 49852.03),
(1114, 201, 1552, 19151.37, 0),
(1115, 201, 1486, 0, 19151.37),
(1116, 202, 1550, 700, 0),
(1117, 202, 1531, 40099.33, 0),
(1118, 202, 1517, 29245.2, 0),
(1119, 202, 1526, 18900, 0),
(1120, 202, 1486, 0, 88944.53),
(1121, 203, 1502, 66808.17, 0),
(1122, 203, 1486, 0, 66808.17),
(1123, 204, 1517, 80836.86, 0),
(1124, 204, 1526, 450, 0),
(1125, 204, 1557, 200, 0),
(1126, 204, 1486, 0, 81486.86),
(1127, 205, 1517, 4877.98, 0),
(1128, 205, 1526, 100, 0),
(1129, 205, 1531, 3356.81, 0),
(1130, 205, 1534, 6510.42, 0),
(1131, 205, 1539, 8540, 0),
(1132, 205, 1546, 8218.6, 0),
(1133, 205, 1538, 6535, 0),
(1134, 205, 1533, 1218, 0),
(1135, 205, 1545, 650, 0),
(1136, 205, 1519, 6775, 0),
(1137, 205, 1532, 196, 0),
(1138, 205, 1523, 1000, 0),
(1139, 205, 1486, 0, 47977.81),
(1140, 206, 1486, 0, 24652.27),
(1141, 206, 1546, 24652.27, 0),
(1142, 207, 1486, 0, 12800),
(1143, 207, 1528, 12800, 0),
(1144, 208, 1552, 44945.19, 0),
(1145, 208, 1486, 0, 44945.19),
(1146, 209, 1517, 55023.35, 0),
(1147, 209, 1526, 300, 0),
(1148, 209, 1486, 0, 55423.35),
(1149, 209, 1557, 100, 0),
(1150, 210, 1486, 0, 65474.53),
(1151, 210, 1502, 65474.53, 0),
(1152, 211, 1536, 9000, 0),
(1153, 211, 1524, 25000, 0),
(1154, 211, 1486, 0, 34000),
(1155, 212, 1518, 13200, 0),
(1156, 212, 1486, 0, 13200),
(1157, 213, 1518, 22400, 0),
(1158, 213, 1486, 0, 22400),
(1159, 214, 1552, 21582.43, 0),
(1160, 214, 1486, 0, 21582.43),
(1161, 215, 1502, 67132.9, 0),
(1162, 215, 1486, 0, 67132.9),
(1180, 217, 1518, 37000, 0),
(1181, 217, 1486, 0, 37000),
(1182, 218, 1517, 93592.7, 0),
(1183, 218, 1531, 80, 0),
(1184, 218, 1557, 200, 0),
(1185, 218, 1526, 450, 0),
(1186, 218, 1486, 0, 94322.7),
(1187, 219, 1546, 12000, 0),
(1188, 219, 1486, 0, 12000),
(1189, 220, 1546, 18178.5, 0),
(1190, 220, 1486, 0, 18178.5),
(1191, 221, 1517, 6213, 0),
(1192, 221, 1546, 2843.71, 0),
(1193, 221, 1532, 1577, 0),
(1194, 221, 1523, 1000, 0),
(1195, 221, 1547, 2000, 0),
(1196, 221, 1531, 919.75, 0),
(1197, 221, 1518, 2201, 0),
(1198, 221, 1534, 4797, 0),
(1199, 221, 1539, 15540.13, 0),
(1200, 221, 1538, 800, 0),
(1201, 221, 1540, 945, 0),
(1202, 221, 1519, 2988.54, 0),
(1203, 221, 1526, 3950, 0),
(1204, 221, 1486, 0, 45775.13),
(1205, 222, 1546, 8000, 0),
(1206, 222, 1486, 0, 8000),
(1207, 223, 1552, 24934.44, 0),
(1208, 223, 1486, 0, 24934.44),
(1209, 224, 1531, 6102.75, 0),
(1210, 224, 1517, 34834.07, 0),
(1211, 224, 1486, 0, 40936.82),
(1212, 225, 1536, 9000, 0),
(1213, 225, 1524, 20000, 0),
(1214, 225, 1486, 0, 29000),
(1245, 227, 1517, 88170.95, 0),
(1246, 227, 1531, 89, 0),
(1247, 227, 1526, 450, 0),
(1248, 227, 1486, 0, 88709.95),
(1249, 228, 1552, 27006.44, 0),
(1250, 228, 1486, 0, 27006.44),
(1251, 229, 1526, 10100, 0),
(1252, 229, 1531, 4177.62, 0),
(1253, 229, 1539, 17640, 0),
(1254, 229, 1538, 350, 0),
(1255, 229, 1546, 6127.5, 0),
(1256, 229, 1541, 3525, 0),
(1257, 229, 1534, 569.5, 0),
(1258, 229, 1532, 529.5, 0),
(1259, 229, 1545, 650, 0),
(1260, 229, 1519, 3750, 0),
(1261, 229, 1486, 0, 47419.119999999995),
(1262, 230, 1546, 24986.49, 0),
(1263, 230, 1486, 0, 24986.49),
(1264, 231, 1546, 19500, 0),
(1265, 231, 1486, 0, 19500),
(1266, 232, 1517, 80520.12, 0),
(1267, 232, 1526, 450, 0),
(1268, 232, 1486, 0, 80970.12),
(1269, 233, 1552, 37068.63, 0),
(1270, 233, 1486, 0, 37068.63),
(1271, 234, 1502, 125892.88, 0),
(1272, 234, 1486, 0, 125892.88),
(1273, 235, 1517, 64604.9, 0),
(1274, 235, 1531, 60102.2, 0),
(1275, 235, 1486, 0, 124707.1),
(1276, 226, 1517, 7383.5, 0),
(1277, 226, 1539, 9631.98, 0),
(1278, 226, 1526, 206, 0),
(1279, 226, 1531, 263.75, 0),
(1280, 226, 1557, 100, 0),
(1281, 226, 1546, 13459, 0),
(1282, 226, 1538, 550, 0),
(1283, 226, 1534, 3652.77, 0),
(1284, 226, 1519, 3000, 0),
(1285, 226, 1536, 1900, 0),
(1286, 226, 1532, 1200, 0),
(1287, 226, 1523, 300, 0),
(1288, 226, 1540, 945, 0),
(1289, 226, 1486, 0, 43556),
(1290, 226, 1528, 964, 0),
(1291, 171, 1517, 26943.04, 0),
(1292, 171, 1526, 160, 0),
(1293, 171, 1546, 10715.79, 0),
(1294, 171, 1531, 2988, 0),
(1295, 171, 1539, 11890, 0),
(1296, 171, 1534, 2445, 0),
(1297, 171, 1541, 780, 0),
(1298, 171, 1540, 1365, 0),
(1299, 171, 1538, 1225, 0),
(1300, 171, 1519, 750, 0),
(1301, 171, 1545, 650, 0),
(1302, 171, 1486, 0, 59911.83),
(1303, 172, 1552, 52212.68, 0),
(1304, 172, 1486, 0, 52212.68),
(1305, 236, 1536, 9000, 0),
(1306, 236, 1486, 0, 31500),
(1307, 236, 1524, 22500, 0),
(1308, 237, 1526, 220, 0),
(1309, 237, 1517, 14596, 0),
(1310, 237, 1536, 1494.94, 0),
(1311, 237, 1531, 200, 0),
(1312, 237, 1539, 15090.35, 0),
(1313, 237, 1534, 2419.95, 0),
(1314, 237, 1546, 3240, 0),
(1315, 237, 1519, 4500, 0),
(1316, 237, 1557, 200, 0),
(1317, 237, 1540, 1594, 0),
(1318, 237, 1541, 128, 0),
(1319, 237, 1523, 1300, 0),
(1320, 237, 1547, 5000, 0),
(1321, 237, 1486, 0, 49983.24),
(1322, 238, 1486, 0, 19680.14),
(1323, 238, 1552, 19680.14, 0),
(1324, 239, 1526, 300, 0),
(1325, 239, 1517, 100952.07, 0),
(1326, 239, 1557, 200, 0),
(1327, 239, 1486, 0, 101452.07),
(1328, 240, 1546, 47917.74, 0),
(1329, 240, 1486, 0, 47917.74),
(1330, 241, 1552, 33089.98, 0),
(1331, 241, 1486, 0, 33089.98),
(1332, 242, 1517, 59056.6, 0),
(1333, 242, 1518, 34151.57, 0),
(1334, 242, 1486, 0, 115673.97),
(1335, 242, 1531, 22465.8, 0),
(1336, 243, 1518, 1815, 0),
(1337, 243, 1517, 7178.5, 0),
(1338, 243, 1531, 4906.57, 0),
(1339, 243, 1534, 3816, 0),
(1340, 243, 1538, 6100, 0),
(1341, 243, 1557, 150, 0),
(1342, 243, 1526, 100, 0),
(1343, 243, 1539, 18443.23, 0),
(1344, 243, 1546, 4479, 0),
(1345, 243, 1540, 945, 0),
(1346, 243, 1523, 1000, 0),
(1347, 243, 1528, 637, 0),
(1348, 243, 1486, 0, 49570.3),
(1349, 244, 1536, 2500, 0),
(1350, 244, 1519, 4000, 0),
(1351, 244, 1546, 6300, 0),
(1352, 244, 1520, 3000, 0),
(1353, 244, 1486, 0, 50300),
(1354, 244, 1524, 34500, 0),
(1355, 245, 1502, 166655.8, 0),
(1356, 245, 1486, 0, 166655.8),
(1357, 216, 1518, 4490, 0),
(1358, 216, 1531, 2220, 0),
(1359, 216, 1526, 1180, 0),
(1360, 216, 1517, 4676.9, 0),
(1361, 216, 1536, 1500, 0),
(1362, 216, 1519, 5215.63, 0),
(1363, 216, 1538, 1475, 0),
(1364, 216, 1546, 3894.75, 0),
(1365, 216, 1523, 300, 0),
(1366, 216, 1533, 1119.2, 0),
(1367, 216, 1539, 15414.38, 0),
(1368, 216, 1541, 1602.5, 0),
(1369, 216, 1550, 50, 0),
(1370, 216, 1534, 940.13, 0),
(1371, 216, 1532, 400, 0),
(1372, 216, 1540, 945, 0),
(1373, 216, 1486, 0, 45423.49),
(1379, 246, 1536, 6500, 0),
(1380, 246, 1524, 191500, 0),
(1381, 246, 1486, 0, 330500),
(1382, 246, 1547, 80000, 0),
(1383, 246, 1533, 52500, 0),
(1390, 247, 1536, 1500, 0),
(1391, 247, 1547, 10000, 0),
(1392, 247, 1486, 0, 0),
(1393, 247, 1533, 7500, 0),
(1394, 247, 1524, 27000, 0),
(1395, 247, 1486, 0, 46000),
(1396, 248, 1545, 15000, 0),
(1397, 248, 1486, 0, 15000),
(1398, 249, 1557, 56153.2, 0),
(1399, 249, 1486, 0, 56153.2),
(1400, 250, 1517, 84974, 0),
(1401, 250, 1526, 300, 0),
(1402, 250, 1486, 0, 85374),
(1403, 250, 1557, 100, 0),
(1404, 251, 1517, 13647.76, 0),
(1405, 251, 1526, 200, 0),
(1406, 251, 1539, 13659.02, 0),
(1407, 251, 1532, 419, 0),
(1408, 251, 1546, 3406.25, 0),
(1409, 251, 1519, 1500, 0),
(1410, 251, 1534, 415, 0),
(1411, 251, 1531, 6441.25, 0),
(1412, 251, 1538, 7040, 0),
(1413, 251, 1536, 1500, 0),
(1414, 251, 1557, 100, 0),
(1415, 251, 1523, 300, 0),
(1416, 251, 1545, 650, 0),
(1417, 251, 1486, 0, 49278.28),
(1418, 252, 1486, 0, 103700),
(1419, 252, 1546, 103700, 0),
(1420, 253, 1531, 2050.5, 0),
(1421, 253, 1539, 11350, 0),
(1422, 253, 1517, 3803, 0),
(1423, 253, 1536, 0, 0),
(1424, 253, 1546, 7535, 0),
(1425, 253, 1538, 3800, 0),
(1426, 253, 1534, 5125, 0),
(1427, 253, 1520, 3000, 0),
(1428, 253, 1540, 1015, 0),
(1429, 253, 1541, 5500, 0),
(1430, 253, 1547, 1790, 0),
(1431, 253, 1519, 4150, 0),
(1432, 253, 1486, 0, 49118.5),
(1433, 254, 1552, 35000, 0),
(1434, 254, 1486, 0, 35000),
(1435, 255, 1517, 33474, 0),
(1436, 255, 1526, 150, 0),
(1437, 255, 1486, 0, 33624),
(1438, 256, 1517, 7209.25, 0),
(1439, 256, 1539, 11964.95, 0),
(1440, 256, 1538, 9300, 0),
(1441, 256, 1557, 100, 0),
(1442, 256, 1519, 3000, 0),
(1443, 256, 1547, 300, 0),
(1444, 256, 1486, 0, 31874.2),
(1447, 258, 1546, 79293.29, 0),
(1448, 258, 1486, 0, 79293.29),
(1449, 259, 1502, 227061.62, 0),
(1450, 259, 1486, 0, 227061.62),
(1451, 260, 1517, 32325.08, 0),
(1452, 260, 1486, 0, 63873.33),
(1453, 260, 1531, 31548.25, 0),
(1454, 257, 1486, 0, 29868.13),
(1455, 257, 1552, 29868.13, 0),
(1456, 261, 1486, 0, 16417.18),
(1457, 261, 1552, 16417.18, 0),
(1458, 262, 1536, 9000, 0),
(1459, 262, 1524, 20000, 0),
(1460, 262, 1486, 0, 29000),
(1461, 263, 1517, 92911.3, 0),
(1462, 263, 1526, 550, 0),
(1463, 263, 1486, 0, 93461.3),
(1478, 265, 1546, 8000, 0),
(1479, 265, 1486, 0, 8000),
(1480, 266, 1531, 1645, 0),
(1481, 266, 1546, 1862.75, 0),
(1482, 266, 1534, 7609.23, 0),
(1483, 266, 1486, 0, 11116.98),
(1484, 267, 1547, 20000, 0),
(1485, 267, 1486, 0, 20000),
(1486, 268, 1526, 444, 0),
(1487, 268, 1531, 1079.75, 0),
(1488, 268, 1546, 2839.5, 0),
(1489, 268, 1539, 18313.98, 0),
(1490, 268, 1517, 2783, 0),
(1491, 268, 1532, 618.75, 0),
(1492, 268, 1538, 6500, 0),
(1493, 268, 1547, 5000, 0),
(1494, 268, 1519, 3000, 0),
(1495, 268, 1557, 100, 0),
(1496, 268, 1540, 1050, 0),
(1497, 268, 1486, 0, 41728.979999999996),
(1498, 269, 1552, 25634.17, 0),
(1499, 269, 1486, 0, 25634.17),
(1500, 270, 1546, 67912.56, 0),
(1501, 270, 1486, 0, 67912.56),
(1502, 271, 1502, 127503.41, 0),
(1503, 271, 1486, 0, 127503.41),
(1504, 272, 1517, 6739.04, 0),
(1505, 272, 1547, 39000, 0),
(1506, 272, 1523, 7260, 0),
(1507, 272, 1543, 87500, 0),
(1508, 272, 1526, 36543.21, 0),
(1509, 272, 1486, 0, 177042.25),
(1510, 273, 1486, 0, 83000),
(1511, 273, 1518, 83000, 0),
(1512, 274, 1524, 45000, 0),
(1513, 274, 1486, 0, 54000),
(1514, 274, 1536, 9000, 0),
(1515, 275, 1486, 0, 91095.91),
(1516, 275, 1517, 90645.91, 0),
(1517, 275, 1526, 450, 0),
(1518, 276, 1536, 1500, 0),
(1519, 276, 1538, 10421, 0),
(1520, 276, 1518, 2120, 0),
(1521, 276, 1526, 5483.21, 0),
(1522, 276, 1534, 3031, 0),
(1523, 276, 1539, 8950.3, 0),
(1524, 276, 1531, 2923, 0),
(1525, 276, 1546, 1822.73, 0),
(1526, 276, 1533, 999, 0),
(1527, 276, 1550, 3800, 0),
(1528, 276, 1523, 300, 0),
(1529, 276, 1532, 1549, 0),
(1530, 276, 1545, 650, 0),
(1531, 276, 1517, 2299.5, 0),
(1532, 276, 1528, 2000, 0),
(1533, 276, 1486, 0, 47848.74),
(1534, 277, 1546, 18000, 0),
(1535, 277, 1486, 0, 18000),
(1536, 278, 1552, 21103.89, 0),
(1537, 278, 1486, 0, 21103.89),
(1538, 279, 1526, 160, 0),
(1539, 279, 1531, 429.5, 0),
(1540, 279, 1539, 16120.28, 0),
(1541, 279, 1517, 4771.25, 0),
(1542, 279, 1557, 100, 0),
(1543, 279, 1546, 5020, 0),
(1544, 279, 1538, 14695, 0),
(1545, 279, 1534, 468.7, 0),
(1546, 279, 1540, 1050, 0),
(1547, 279, 1545, 650, 0),
(1548, 279, 1519, 6126, 0),
(1549, 279, 1486, 0, 49590.729999999996),
(1550, 280, 1552, 24517.3, 0),
(1551, 280, 1486, 0, 24517.3),
(1552, 281, 1546, 67080.59, 0),
(1553, 281, 1486, 0, 67080.59),
(1554, 282, 1486, 0, 113367.49),
(1555, 282, 1502, 113367.49, 0),
(1556, 283, 1502, 135523.44, 0),
(1557, 283, 1486, 0, 135523.44),
(1558, 284, 1531, 2743.98, 0),
(1559, 284, 1546, 3339.5, 0),
(1560, 284, 1526, 1515, 0),
(1561, 284, 1532, 2827, 0),
(1562, 284, 1534, 4604.5, 0),
(1563, 284, 1486, 0, 15029.979999999996),
(1564, 285, 1536, 9000, 0),
(1565, 285, 1524, 20000, 0),
(1566, 285, 1486, 0, 29000),
(1567, 286, 1531, 299.5, 0),
(1568, 286, 1517, 83434.08, 0),
(1569, 286, 1526, 450, 0),
(1570, 286, 1486, 0, 84183.58),
(1571, 287, 1526, 2000, 0),
(1572, 287, 1534, 4735.84, 0),
(1573, 287, 1538, 800, 0),
(1574, 287, 1531, 7909.87, 0),
(1575, 287, 1486, 0, 15445.71),
(1576, 288, 1517, 3340.01, 0),
(1577, 288, 1526, 300, 0),
(1578, 288, 1531, 808, 0),
(1579, 288, 1539, 17320.31, 0),
(1580, 288, 1546, 1380, 0),
(1581, 288, 1534, 1733, 0),
(1582, 288, 1536, 1568, 0),
(1583, 288, 1519, 3000, 0),
(1584, 288, 1557, 100, 0),
(1585, 288, 1523, 300, 0),
(1586, 288, 1538, 18490, 0),
(1587, 288, 1540, 1050, 0),
(1588, 288, 1486, 0, 49389.32),
(1589, 289, 1517, 88597.75, 0),
(1590, 289, 1526, 450, 0),
(1591, 289, 1557, 100, 0),
(1592, 289, 1486, 0, 89147.75),
(1593, 290, 1552, 19425.2, 0),
(1594, 290, 1486, 0, 19425.2),
(1595, 291, 1486, 0, 78728.82),
(1596, 291, 1546, 78728.82, 0),
(1597, 292, 1517, 4100, 0),
(1598, 292, 1546, 1474.25, 0),
(1599, 292, 1526, 130, 0),
(1600, 292, 1539, 18500, 0),
(1601, 292, 1531, 574.5, 0),
(1602, 292, 1534, 3101.5, 0),
(1603, 292, 1538, 14315, 0),
(1604, 292, 1519, 3500, 0),
(1605, 292, 1523, 1000, 0),
(1606, 292, 1486, 0, 46695.25),
(1607, 293, 1552, 29636.43, 0),
(1608, 293, 1486, 0, 29636.43),
(1609, 294, 1502, 109724.09, 0),
(1610, 294, 1486, 0, 109724.09),
(1611, 295, 1517, 37090.48, 0),
(1612, 295, 1486, 0, 74216.01000000001),
(1613, 295, 1531, 37125.53, 0),
(1614, 264, 1531, 440, 0),
(1615, 264, 1536, 1498, 0),
(1616, 264, 1545, 650, 0),
(1617, 264, 1523, 300, 0),
(1618, 264, 1538, 7275, 0),
(1619, 264, 1539, 20855.3, 0),
(1620, 264, 1546, 4850, 0),
(1621, 264, 1517, 4800.4, 0),
(1622, 264, 1534, 2077.65, 0),
(1623, 264, 1533, 556, 0),
(1624, 264, 1540, 1248, 0),
(1625, 264, 1526, 250, 0),
(1626, 264, 1486, 0, 49938.89000000001),
(1627, 264, 1519, 5138.54, 0);

-- --------------------------------------------------------

--
-- Table structure for table `check_voucher_tbl`
--

CREATE TABLE `check_voucher_tbl` (
  `Id` int(11) NOT NULL,
  `Community_Id` int(11) NOT NULL,
  `Transaction_Number` varchar(50) NOT NULL,
  `Transaction_Date` date NOT NULL,
  `Payee_Id` int(11) DEFAULT NULL,
  `Supplier_Id` int(11) DEFAULT NULL,
  `Particular` varchar(255) NOT NULL,
  `Check_Amount` double NOT NULL,
  `Check_No` varchar(50) NOT NULL,
  `Check_Date` date NOT NULL,
  `Bank_Check` int(11) NOT NULL,
  `Check_Status` varchar(50) NOT NULL,
  `Document` text DEFAULT NULL,
  `Status` int(11) NOT NULL,
  `Calendar_Id` int(11) NOT NULL,
  `Encoded_At` datetime NOT NULL,
  `Encoded_By` int(11) NOT NULL,
  `Verified_At` datetime DEFAULT NULL,
  `Verified_By` int(11) DEFAULT NULL,
  `Approved_At` datetime DEFAULT NULL,
  `Approved_By` int(11) DEFAULT NULL,
  `isPettyCash` int(11) NOT NULL,
  `PCV_Number_From` varchar(50) DEFAULT NULL,
  `PCV_Number_To` varchar(50) DEFAULT NULL,
  `Last_Update` datetime DEFAULT NULL,
  `Last_Number` varchar(50) NOT NULL,
  `Comments` text NOT NULL
) ENGINE=InnoDB DEFAULT CHARSET=utf8mb4 COLLATE=utf8mb4_unicode_ci;

--
-- Dumping data for table `check_voucher_tbl`
--

INSERT INTO `check_voucher_tbl` (`Id`, `Community_Id`, `Transaction_Number`, `Transaction_Date`, `Payee_Id`, `Supplier_Id`, `Particular`, `Check_Amount`, `Check_No`, `Check_Date`, `Bank_Check`, `Check_Status`, `Document`, `Status`, `Calendar_Id`, `Encoded_At`, `Encoded_By`, `Verified_At`, `Verified_By`, `Approved_At`, `Approved_By`, `isPettyCash`, `PCV_Number_From`, `PCV_Number_To`, `Last_Update`, `Last_Number`, `Comments`) VALUES
(1, 19, 'CV-001', '2026-01-06', 3, 3, 'Payment of Manila Water for the old building for the period covered Dec. 12, 2025-January 12, 2026', 16417.18, '1000164553', '2026-01-06', 1, 'Unreleased', 'attachment_1-20260406124853_69d33b35bc618.pdf', 3, 2, '2026-01-08 10:45:01', 32, '2026-01-08 13:17:56', 25, '2026-01-08 16:29:21', 25, 0, NULL, NULL, '2026-04-06 12:58:17', 'CM019-1', ''),
(2, 19, 'CV-002', '2026-01-06', 4, 4, 'Release of Allowance for religious and load allowance for the month of January 2026', 29000, '1000164554', '2026-01-06', 1, 'Unreleased', '3a6d9deb_7163_4421_8661_c62bc5c1ddb5-20260406130918_69d33ffeba2ce.jpg', 3, 2, '2026-01-08 10:28:40', 25, '2026-01-08 13:53:46', 31, '2026-01-08 15:00:24', 25, 0, NULL, NULL, '2026-04-08 12:37:22', 'CM019-2', ''),
(3, 19, 'CV-003', '2026-01-20', 4, 4, 'Replenishment of contingency fund under Fr. Bernabe M. Dosdos, OAR used for marketing of the convent', 93461.3, '100016455', '2026-01-20', 1, 'Unreleased', 'c067de64_2f06_4154_ba2f_465b25748407-20260406132124_69d342d4e2efd.jpg', 3, 2, '2026-01-22 08:59:06', 32, '2026-01-22 13:37:53', 31, '2026-01-22 15:20:39', 25, 0, NULL, NULL, '2026-04-08 12:37:27', 'CM019-3', ''),
(4, 19, 'CV-004', '2026-01-20', NULL, NULL, 'Replenishment of Petty Cash Fund for the period covered Jan 7-19, 2026 per PCV 001-PCV 033', 49938.89, '100016456', '2026-01-20', 1, 'Unreleased', NULL, 3, 2, '2026-01-22 10:53:56', 25, '2026-01-22 13:18:54', 31, '2026-01-22 16:21:16', 25, 1, 'PCV-001', 'PCV-033', '2026-04-08 12:37:32', 'CM019-4', ''),
(6, 19, 'CV-005', '2026-01-27', 3, 3, 'Refund of dental procedure of Fr. Ronel Gealon', 8000, '100016457', '2026-01-27', 1, 'Unreleased', '4ffbd90a_9723_4a54_a147_3e44e0e76a2b-20260408120534_69d5d40ec264d.jpg', 3, 2, '2026-01-29 09:19:19', 32, '2026-01-29 13:10:18', 31, '2026-01-29 16:04:23', 25, 0, NULL, NULL, '2026-04-08 12:37:39', 'CM019-5', ''),
(7, 19, 'CV-006', '2026-01-28', 3, 3, 'Refund of expenses of Fr. Radni Capers', 11116.98, '100016458', '2026-01-28', 1, 'Unreleased', 'e260cb36_49eb_4b72_850f_de59fc820d4e-20260408120622_69d5d43e07261.jpg', 3, 2, '2026-01-30 08:30:13', 32, '2026-01-30 13:13:46', 31, '2026-01-30 16:17:19', 25, 0, NULL, NULL, '2026-04-08 12:37:44', 'CM019-6', ''),
(8, 19, 'CV-007', '2026-01-29', 4, 4, 'Release of donation for the death of Bro. Fel\'s bother', 20000, '100016459', '2026-01-29', 1, 'Unreleased', '2b3d1b80_d73d_40a1_98ec_54329885e6c7-20260408120701_69d5d465c3243.jpg', 3, 2, '2026-01-31 09:35:58', 32, '2026-01-31 13:43:58', 31, '2026-01-31 15:07:45', 25, 0, NULL, NULL, '2026-04-08 12:37:50', 'CM019-7', ''),
(9, 19, 'CV-008', '2026-01-30', 2, 2, 'Payment for meralco bills for the old building for the period covered Dev 29-Jan 28, 2026', 25634.17, '100016461', '2026-01-30', 1, 'Unreleased', 'b38977d7_48a2_426a_a0cc_c3b8613898cf-20260408120723_69d5d47bd8a95.jpg', 3, 2, '2026-02-01 08:22:29', 32, '2026-02-01 13:25:50', 31, '2026-02-01 16:33:21', 25, 0, NULL, NULL, '2026-04-08 12:37:56', 'CM019-8', ''),
(10, 19, 'CV-009', '2026-01-30', 1, 1, 'Payment for Medicines', 67912.56, '100016462', '2026-01-30', 1, 'Unreleased', '8623ca04_17a7_4119_9ccc_63a0ff44d28b-20260408120747_69d5d49310df8.jpg', 3, 2, '2026-02-01 09:47:42', 32, '2026-02-01 13:39:27', 31, '2026-02-01 15:59:14', 25, 0, NULL, NULL, '2026-04-08 12:38:02', 'CM019-9', ''),
(11, 19, 'CV-010', '2026-01-30', 4, 4, 'Payment of advances', 127503.41, '1000164563', '2026-01-30', 1, 'Unreleased', 'c37f27f5_9d7c_4051_aabf_bd7ab6d5ad87-20260408120903_69d5d4df9f572.jpg', 3, 2, '2026-02-01 09:29:09', 32, '2026-02-01 13:59:43', 31, '2026-02-01 15:58:55', 25, 0, NULL, NULL, '2026-04-08 12:38:09', 'CM019-10', ''),
(12, 19, 'CV-011', '2026-01-30', 4, 4, 'Payment of Advances', 177042.25, '1000164564', '2026-01-30', 1, 'Unreleased', '6625abf6_a210_4bab_930f_3f309c83a7a7-20260408120945_69d5d5098bfe0.jpg', 3, 2, '2026-02-01 09:24:23', 32, '2026-02-01 13:52:15', 31, '2026-02-01 16:53:52', 25, 0, NULL, NULL, '2026-04-08 12:38:14', 'CM019-11', ''),
(13, 19, 'CV-012', '2026-02-04', 8, 8, 'Payment of catering services for the birthday of Fr. Bernard', 83000, '100016465', '2026-02-04', 1, 'Unreleased', '64107177_8493_46b2_a7e9_444a021214c4-20260408121509_69d5d64db96e2.jpg', 3, 2, '2026-02-06 08:23:39', 32, '2026-02-06 13:48:37', 31, '2026-02-06 16:18:53', 25, 0, NULL, NULL, '2026-04-08 12:38:19', 'CM019-12', ''),
(14, 19, 'CV-013', '2026-02-04', 3, 3, 'Allowance for February 2026', 54000, '100016466', '2026-02-04', 1, 'Unreleased', '646bfc38_e3c9_4c6d_a701_d3806ba2ec2f-20260408121534_69d5d666575a5.jpg', 3, 2, '2026-02-06 10:34:08', 32, '2026-02-06 13:18:33', 31, '2026-02-06 16:57:18', 25, 0, NULL, NULL, '2026-04-08 12:38:25', 'CM019-13', ''),
(15, 19, 'CV-014', '2026-02-10', 3, 3, 'Replenishment of contigency fund of Fr. Bernabe Dosdos', 91095.91, '10001646567', '2026-02-10', 1, 'Unreleased', '3ba25667_1d6b_40ff_9291_692e912044e3-20260408121652_69d5d6b42d992.jpg', 3, 2, '2026-02-12 10:52:48', 32, '2026-02-12 13:52:02', 31, '2026-02-12 15:54:46', 25, 0, NULL, NULL, '2026-04-08 12:38:30', 'CM019-14', ''),
(16, 19, 'CV-015', '2026-02-11', 7, 7, 'Payment for dental procedure of Fr, Radni Caparas', 18000, '10001646569', '2026-02-11', 1, 'Unreleased', 'f2bdfc14_c6c0_45bc_8b80_b8f2ee9f6e9c-20260408121707_69d5d6c34c84d.jpg', 3, 2, '2026-02-13 10:02:25', 32, '2026-02-13 13:01:52', 31, '2026-02-13 15:13:58', 25, 0, NULL, NULL, '2026-04-08 12:38:36', 'CM019-15', ''),
(17, 19, 'CV-016', '2026-02-18', 3, 3, 'Payment for water bill for the old building for the period covered Jan. 12-Feb 11, 2026', 21103.89, '10001646570', '2026-02-18', 1, 'Unreleased', 'e5a8d484_cce1_4bc4_8a33_470af4edff3a-20260408121732_69d5d6dcbf897.jpg', 3, 2, '2026-02-20 09:27:52', 32, '2026-02-20 13:05:29', 31, '2026-02-20 16:59:11', 25, 0, NULL, NULL, '2026-04-08 12:38:41', 'CM019-16', ''),
(18, 19, 'CV-017', '2026-02-27', 3, 3, 'Replenishment of Fund', 20991.53, '10001646571', '2026-02-27', 1, 'Unreleased', NULL, 1, 2, '2026-03-01 10:04:29', 32, '2026-03-01 13:28:42', NULL, '2026-03-01 15:38:04', NULL, 0, NULL, NULL, '2026-04-08 10:54:22', 'CM019-17', ''),
(19, 19, 'CV-018', '2026-02-27', 2, 2, 'Payment for meralco bill', 24517.3, '10001646572', '2026-02-27', 1, 'Unreleased', 'c5ba20f9_aa02_4f76_b860_872e92ce18f9-20260408121747_69d5d6ebe17f8.jpg', 3, 2, '2026-03-01 08:27:10', 32, '2026-03-01 13:48:10', 31, '2026-03-01 16:07:24', 25, 0, NULL, NULL, '2026-04-08 12:38:47', 'CM019-18', ''),
(20, 19, 'CV-019', '2026-02-27', 1, 1, 'Payment for Medicines purchases', 67080.59, '10001646573', '2026-02-27', 1, 'Unreleased', '1da98c12_f2c5_41ba_9167_f05a3c68477c-20260408121802_69d5d6fa2ad06.jpg', 3, 2, '2026-03-01 09:11:59', 32, '2026-03-01 13:18:51', 31, '2026-03-01 15:44:39', 25, 0, NULL, NULL, '2026-04-08 12:38:52', 'CM019-19', ''),
(21, 19, 'CV-020', '2026-02-27', 9, 9, 'Payment for Advances', 113367.49, '10001646575', '2026-02-27', 1, 'Unreleased', '5e19e50c_ae9b_466b_91fd_af57f688a759-20260408121822_69d5d70e53873.jpg', 3, 2, '2026-03-01 10:45:10', 32, '2026-03-01 13:28:17', 31, '2026-03-01 16:12:39', 25, 0, NULL, NULL, '2026-04-08 12:41:00', 'CM019-20', ''),
(22, 19, 'CV-021', '2026-02-27', 9, 9, 'Payment for Advances', 135523.44, '10001646574', '2026-02-27', 1, 'Unreleased', 'c6e97c0c_a22a_407c_a3a3_15faeb1a5201-20260408121835_69d5d71b7f6f9.jpg', 3, 2, '2026-03-01 09:50:10', 32, '2026-03-01 13:14:39', 31, '2026-03-01 15:46:15', 25, 0, NULL, NULL, '2026-04-08 12:41:04', 'CM019-21', ''),
(23, 19, 'CV-022', '2026-02-27', 4, 4, 'Refund of Fr. Radni Caparas', 15029.98, '10001646576', '2026-02-27', 1, 'Unreleased', '8e986a59_c032_4917_8202_3e8db3e66046-20260408121852_69d5d72c4f719.jpg', 3, 2, '2026-03-01 08:34:55', 32, '2026-03-01 13:48:50', 31, '2026-03-01 15:58:30', 25, 0, NULL, NULL, '2026-04-08 12:41:10', 'CM019-22', ''),
(24, 19, 'CV-023', '2026-03-02', 4, 4, 'Release of allowance for Religious for March 2026', 29000, '10001646577', '2026-03-02', 1, 'Unreleased', '8d735eab_2546_4352_991b_7634f7a4d638-20260408122736_69d5d938e17b5.jpg', 3, 2, '2026-03-04 10:59:19', 32, '2026-03-04 13:31:05', 31, '2026-03-04 16:12:17', 25, 0, NULL, NULL, '2026-04-08 12:41:15', 'CM019-23', ''),
(25, 19, 'CV-024', '2026-03-05', 4, 4, 'Replenishment of Contingency Fund', 84183.58, '10001646578', '2026-03-05', 1, 'Unreleased', 'c028e3ef_b2f4_4c75_9d4b_fc8dd68fb99a-20260408122715_69d5d923736a6.jpg', 3, 2, '2026-03-07 09:22:20', 32, '2026-03-07 13:28:47', 31, '2026-03-07 15:03:15', 25, 0, NULL, NULL, '2026-04-08 12:41:20', 'CM019-24', ''),
(26, 19, 'CV-025', '2026-03-10', 4, 4, 'Refund of Expenses of Fr. Radni', 15445.71, '10001646579', '2026-03-10', 1, 'Unreleased', 'eced4a5b_4dd6_4c88_8be8_0e64cd48fd58-20260408122803_69d5d95368a27.jpg', 3, 2, '2026-03-12 10:05:17', 32, '2026-03-12 13:23:56', 31, '2026-03-12 16:48:46', 25, 0, NULL, NULL, '2026-04-08 12:41:25', 'CM019-25', ''),
(27, 19, 'CV-026', '2026-03-24', 3, 3, 'Replenishment of Contingency Fund', 89147.75, '10001646581', '2026-03-24', 1, 'Unreleased', 'd5465175_e87a_49b8_8afe_cf74be39578b-20260408122932_69d5d9acf07ba.jpg', 3, 2, '2026-03-26 09:00:26', 32, '2026-03-26 13:57:33', 31, '2026-03-26 16:34:38', 25, 0, NULL, NULL, '2026-04-08 12:41:30', 'CM019-26', ''),
(28, 19, 'CV-027', '2026-03-24', 3, 3, 'Payment for waterbill for the old building', 19425.2, '10001646582', '2026-03-24', 1, 'Unreleased', '31834d51_7a1f_4102_ac77_b937eebd88f5-20260408123002_69d5d9cac0fa8.jpg', 3, 2, '2026-03-26 08:11:52', 32, '2026-03-26 13:57:48', 31, '2026-03-26 16:14:23', 25, 0, NULL, NULL, '2026-04-08 12:41:35', 'CM019-27', ''),
(29, 19, 'CV-028', '2026-03-31', 2, 2, 'Payment for electric bill for February 28-March 26, 2026', 29636.43, '10001646586', '2026-03-31', 1, 'Unreleased', 'd3194a04_395b_40fa_9aa1_21825831a794__1_-20260408123019_69d5d9db76c58.jpg', 3, 2, '2026-04-02 08:37:39', 32, '2026-04-02 13:11:10', 31, '2026-04-02 15:36:23', 25, 0, NULL, NULL, '2026-04-08 12:41:40', 'CM019-28', ''),
(30, 19, 'CV-029', '2026-03-31', 9, 9, 'Payment for advances', 109724.09, '10001646587', '2026-03-31', 1, 'Unreleased', 'b84cc4c6_c611_45e2_bcb8_dcb1bef4021d-20260408123034_69d5d9ea98a9f.jpg', 3, 2, '2026-04-02 10:52:20', 32, '2026-04-02 13:52:39', 31, '2026-04-02 16:01:57', 25, 0, NULL, NULL, '2026-04-08 12:41:45', 'CM019-29', ''),
(31, 4, 'CV-001', '2026-01-30', 12, 12, 'Replenishment of Pettycash Fund', 173411.62, '00000', '2026-01-30', 2, 'Unreleased', NULL, 3, 7, '2026-02-01 10:50:39', 35, '2026-02-01 13:11:30', 4, '2026-02-01 15:13:44', 4, 1, 'PCV-001', 'PCV-015', '2026-04-10 00:19:11', 'CM004-1', ''),
(32, 4, 'CV-002', '2026-02-27', 12, 12, 'Replenishment of Fund', 152269.85, '00000', '2026-02-27', 2, 'Unreleased', NULL, 3, 7, '2026-03-01 10:59:29', 4, '2026-03-01 13:38:32', 4, '2026-03-01 15:26:23', 4, 1, 'PCV-016', 'PCV-032', '2026-04-10 07:42:00', 'CM004-2', ''),
(33, 4, 'CV-003', '2026-03-31', 12, 12, 'Replenishment of Fund', 151238.5, '0000', '2026-03-31', 2, 'Unreleased', NULL, 3, 7, '2026-04-02 08:31:07', 35, '2026-04-02 13:12:16', 4, '2026-04-02 16:00:31', 4, 1, 'PCV-033', 'PCV-041', '2026-04-10 08:08:46', 'CM004-3', ''),
(34, 12, 'CV-001', '2026-01-02', 13, 13, 'Allowance for January 2026', 12000, '000', '2026-01-02', 15, 'Unreleased', NULL, 3, 12, '2026-01-04 10:43:28', 49, '2026-01-04 13:01:39', 48, '2026-01-04 15:49:41', 22, 1, 'PCV-001', 'PCV-003', '2026-04-10 08:50:14', 'CM012-1', ''),
(35, 12, 'CV-002', '2026-02-03', 13, 13, 'Allowance for February 2026', 12000, '000', '2026-02-03', 15, 'Unreleased', NULL, 3, 12, '2026-02-05 10:57:39', 49, '2026-02-05 13:41:34', 48, '2026-02-05 16:00:23', 22, 1, 'PCV-004', 'PCV-006', '2026-04-10 08:50:09', 'CM012-2', ''),
(36, 12, 'CV-003', '2026-03-03', 13, 13, 'Allowance for March 2026', 14560.52, '000', '2026-03-03', 15, 'Unreleased', NULL, 3, 12, '2026-03-05 09:18:50', 49, '2026-03-05 13:40:47', 48, '2026-03-05 15:10:17', 22, 1, 'PCV-007', 'PCV-009', '2026-04-10 08:50:04', 'CM012-3', ''),
(37, 17, 'CV-001', '2026-01-12', 14, 14, 'Release of funds for the Admin Operating Expenses for January 2026', 91438.25, '10007512', '2026-01-12', 6, 'Unreleased', NULL, 3, 6, '2026-01-14 09:10:02', 42, '2026-01-14 13:41:17', 27, '2026-01-14 15:32:49', 27, 0, NULL, NULL, '2026-04-10 09:24:55', 'CM017-1', ''),
(38, 17, 'CV-002', '2026-02-06', 14, 14, 'Release of funds for the Admin Operating Expenses for February 2026', 98066.25, '10007513', '2026-02-06', 6, 'Unreleased', NULL, 3, 6, '2026-02-08 08:54:31', 42, '2026-02-08 13:41:38', 27, '2026-02-08 16:07:24', 27, 0, NULL, NULL, '2026-04-10 09:25:14', 'CM017-2', ''),
(39, 17, 'CV-003', '2026-03-06', 14, 14, 'Release of fund for the Admin Operating Expenses for the month of March 2026', 117847.25, '10007514', '2026-03-06', 6, 'Unreleased', NULL, 3, 6, '2026-03-08 10:10:46', 42, '2026-03-08 13:56:51', 27, '2026-03-08 16:06:57', 27, 0, NULL, NULL, '2026-04-10 09:25:38', 'CM017-3', ''),
(40, 2, 'CV-001', '2026-01-30', 15, 15, 'Release of funds for the various expenses incurred', 69284.5, '000', '2026-01-30', 16, 'Unreleased', NULL, 3, 1, '2026-02-01 10:55:10', 56, '2026-02-01 13:32:32', 55, '2026-02-01 16:35:07', 2, 1, 'PCV-001', 'PCV-009', '2026-04-10 12:44:26', 'CM002-1', ''),
(41, 2, 'CV-002', '2026-02-27', 15, 15, 'Release of funds for the various expenses incurred', 75819.27, '000', '2026-02-27', 16, 'Unreleased', NULL, 3, 1, '2026-03-01 09:00:28', 56, '2026-03-01 13:18:06', 55, '2026-03-01 16:00:08', 2, 1, 'PCV-010', 'PCV-016', '2026-04-10 12:44:21', 'CM002-2', ''),
(42, 2, 'CV-003', '2026-03-27', 15, 15, 'Release of funds for the various expenses', 76558.79, '000', '2026-03-27', 16, 'Unreleased', NULL, 3, 1, '2026-03-29 09:48:02', 56, '2026-03-29 13:29:51', 55, '2026-03-29 16:22:32', 2, 1, 'PCV-017', 'PCV-023', '2026-04-10 12:44:14', 'CM002-3', ''),
(43, 5, 'CV-001', '2026-01-05', 16, 16, 'Release of funds for the Monthly allowance and budget for the Birthday Food', 42000, '1000013', '2026-01-05', 8, 'Unreleased', NULL, 3, 8, '2026-01-07 10:50:30', 44, '2026-01-07 13:03:44', 43, '2026-01-07 15:56:28', 5, 0, NULL, NULL, '2026-04-10 13:54:25', 'CM005-1', ''),
(44, 5, 'CV-002', '2026-02-03', 16, 16, 'Release of funds for the Vehicle repair', 8650, '1000014', '2026-02-03', 8, 'Unreleased', NULL, 3, 8, '2026-02-05 08:29:47', 44, '2026-02-05 13:24:57', 43, '2026-02-05 16:09:55', 5, 0, NULL, NULL, '2026-04-10 13:54:20', 'CM005-2', ''),
(45, 5, 'CV-003', '2026-02-06', 16, 16, 'Budget for the purchase of groceries and marketing', 10000, '1000015', '2026-01-19', 8, 'Unreleased', NULL, 3, 8, '2026-02-08 09:59:52', 44, '2026-02-08 13:34:54', 43, '2026-02-08 16:49:21', 5, 0, NULL, NULL, '2026-04-10 13:54:14', 'CM005-3', ''),
(46, 5, 'CV-004', '2026-02-06', 16, 16, 'Allowance for February 2026', 14500, '1000016', '2026-01-20', 8, 'Unreleased', NULL, 3, 8, '2026-02-08 10:26:00', 44, '2026-02-08 13:19:18', 43, '2026-02-08 15:21:04', 5, 0, NULL, NULL, '2026-04-10 13:54:10', 'CM005-4', ''),
(47, 5, 'CV-005', '2026-02-06', 16, 16, 'Birthday budget of Fr. Catama', 30000, '1000017', '2026-01-28', 8, 'Unreleased', NULL, 3, 8, '2026-02-08 10:44:15', 44, '2026-02-08 13:02:09', 43, '2026-02-08 15:53:03', 5, 0, NULL, NULL, '2026-04-10 13:54:03', 'CM005-5', ''),
(48, 5, 'CV-006', '2026-03-05', 16, 16, 'Allowance for March 2026', 12000, '1000018', '2026-03-05', 8, 'Unreleased', NULL, 3, 8, '2026-03-07 08:18:28', 44, '2026-03-07 13:11:13', 43, '2026-03-07 16:15:13', 5, 0, NULL, NULL, '2026-04-10 13:53:59', 'CM005-6', ''),
(49, 10, 'CV-001', '2026-01-05', 17, 17, 'Allowance for January 2026', 12000, '1000287', '2026-01-05', 9, 'Unreleased', NULL, 3, 9, '2026-01-07 09:43:15', 46, '2026-01-07 13:59:14', 45, '2026-01-07 15:25:58', 10, 0, NULL, NULL, '2026-04-10 14:50:07', 'CM010-1', ''),
(50, 10, 'CV-002', '2026-01-07', 17, 17, 'Release of fund for various expenses', 45500, '1000288', '2026-01-07', 9, 'Unreleased', NULL, 3, 9, '2026-01-09 08:21:36', 46, '2026-01-09 13:57:02', 45, '2026-01-09 15:47:10', 10, 0, NULL, NULL, '2026-04-10 14:50:02', 'CM010-2', ''),
(51, 10, 'CV-003', '2026-01-15', 17, 17, 'Salries and Wages of Cook and Driver', 15000, '1000289', '2026-01-15', 9, 'Unreleased', NULL, 3, 9, '2026-01-17 08:20:28', 46, '2026-01-17 13:23:21', 45, '2026-01-17 16:12:35', 10, 0, NULL, NULL, '2026-04-10 14:49:58', 'CM010-3', ''),
(52, 10, 'CV-004', '2026-01-22', 17, 17, 'Release of funds for the various expenses', 36974, '1000290', '2026-01-22', 9, 'Unreleased', NULL, 3, 9, '2026-01-24 10:34:13', 46, '2026-01-24 13:28:09', 45, '2026-01-24 16:33:08', 10, 0, NULL, NULL, '2026-04-10 14:49:54', 'CM010-4', ''),
(53, 10, 'CV-005', '2026-01-29', 17, 17, 'Salries and Wages', 10000, '1000291', '2026-01-29', 9, 'Unreleased', NULL, 3, 9, '2026-01-31 09:25:09', 46, '2026-01-31 13:02:13', 45, '2026-01-31 16:31:52', 10, 0, NULL, NULL, '2026-04-10 14:49:49', 'CM010-5', ''),
(54, 10, 'CV-006', '2026-02-05', 17, 17, 'Allowance for February 2026', 12000, '1000292', '2026-02-02', 9, 'Unreleased', NULL, 3, 9, '2026-02-07 10:09:06', 46, '2026-02-07 13:17:21', 45, '2026-02-07 15:35:21', 10, 0, NULL, NULL, '2026-04-10 14:49:45', 'CM010-6', ''),
(55, 10, 'CV-007', '2026-02-13', 17, 17, 'Release of fund for the various expenses ', 58901, '1000293', '2026-02-13', 9, 'Unreleased', NULL, 3, 9, '2026-02-15 09:49:01', 46, '2026-02-15 13:08:39', 45, '2026-02-15 16:48:31', 10, 0, NULL, NULL, '2026-04-10 14:49:41', 'CM010-7', ''),
(56, 10, 'CV-008', '2026-02-26', 17, 17, 'Release of funds for the Various expenses', 53238, '1000294', '2026-02-26', 9, 'Unreleased', NULL, 3, 9, '2026-02-28 08:15:58', 46, '2026-02-28 13:43:50', 45, '2026-02-28 15:46:31', 10, 0, NULL, NULL, '2026-04-10 14:49:36', 'CM010-8', ''),
(57, 10, 'CV-009', '2026-03-05', 17, 17, 'Allowance for March 2026', 14500, '1000295', '2026-03-05', 9, 'Unreleased', NULL, 3, 9, '2026-03-07 10:14:20', 46, '2026-03-07 13:34:06', 45, '2026-03-07 16:12:21', 10, 0, NULL, NULL, '2026-04-10 14:49:32', 'CM010-9', ''),
(58, 10, 'CV-010', '2026-03-16', 17, 17, 'Salaries and Wages', 15000, '1000296', '2026-03-16', 9, 'Unreleased', NULL, 3, 9, '2026-03-18 08:55:47', 46, '2026-03-18 13:44:26', 45, '2026-03-18 16:32:47', 10, 0, NULL, NULL, '2026-04-10 14:49:28', 'CM010-10', ''),
(59, 18, 'CV-001', '2026-01-06', 18, 18, 'Release of fund for various expenses incurred', 41381, '10000745', '2026-01-06', 14, 'Unreleased', NULL, 3, 15, '2026-01-08 08:54:00', 54, '2026-01-08 13:24:30', 53, '2026-01-08 15:17:06', 28, 0, NULL, NULL, '2026-04-10 16:26:32', 'CM018-1', ''),
(60, 18, 'CV-002', '2026-01-15', 18, 18, 'Salaries and Wages of Personnel', 16338, '10000746', '2026-01-15', 14, 'Unreleased', NULL, 3, 15, '2026-01-17 09:27:43', 54, '2026-01-17 13:00:32', 53, '2026-01-17 16:10:01', 28, 0, NULL, NULL, '2026-04-10 16:26:27', 'CM018-2', ''),
(61, 18, 'CV-003', '2026-01-29', 18, 18, 'Release of funds for the various expenses incurred', 74950, '10000747', '2026-01-29', 14, 'Unreleased', NULL, 3, 15, '2026-01-31 10:40:12', 54, '2026-01-31 13:41:58', 53, '2026-01-31 16:39:20', 28, 0, NULL, NULL, '2026-04-10 16:26:22', 'CM018-3', ''),
(62, 18, 'CV-004', '2026-02-09', 18, 18, 'Release of fund for the various expenses', 46250, '10000748', '2026-02-09', 14, 'Unreleased', NULL, 3, 15, '2026-02-11 08:07:19', 54, '2026-02-11 13:43:11', 53, '2026-02-11 15:57:18', 28, 0, NULL, NULL, '2026-04-10 16:26:17', 'CM018-4', ''),
(63, 18, 'CV-005', '2026-02-13', 18, 18, 'Salary and wages of Personnel', 16338, '10000749', '2026-02-13', 14, 'Unreleased', NULL, 3, 15, '2026-02-15 08:41:04', 54, '2026-02-15 13:42:29', 53, '2026-02-15 16:42:44', 28, 0, NULL, NULL, '2026-04-10 16:26:12', 'CM018-5', ''),
(64, 18, 'CV-006', '2026-02-26', 18, 18, 'Release of fund for the various expenses	', 100000, '10000750', '2026-02-26', 14, 'Unreleased', NULL, 3, 15, '2026-02-28 08:28:09', 54, '2026-02-28 13:12:48', 53, '2026-02-28 16:11:50', 28, 0, NULL, NULL, '2026-04-10 16:26:08', 'CM018-6', ''),
(65, 18, 'CV-007', '2026-03-04', 18, 18, 'Allowance of Religious', 19500, '10000751', '2026-03-04', 14, 'Unreleased', NULL, 3, 15, '2026-03-06 09:03:26', 54, '2026-03-06 13:57:58', 53, '2026-03-06 16:32:56', 28, 0, NULL, NULL, '2026-04-10 16:26:03', 'CM018-7', ''),
(66, 11, 'CV-001', '2026-01-05', 19, 19, 'Release of fund for the various expenses', 24500, '1000065', '2026-01-05', 11, 'Unreleased', NULL, 3, 11, '2026-01-07 09:29:15', 37, '2026-01-07 13:21:48', 36, '2026-01-07 15:39:32', 21, 0, NULL, NULL, '2026-04-10 16:55:23', 'CM011-1', ''),
(67, 11, 'CV-002', '2026-02-04', 19, 19, 'Release of Allowanc for February 2026', 19500, '1000066', '2026-02-04', 11, 'Unreleased', NULL, 3, 11, '2026-02-06 09:40:20', 37, '2026-02-06 13:47:54', 36, '2026-02-06 15:38:23', 21, 0, NULL, NULL, '2026-04-10 16:55:18', 'CM011-2', ''),
(68, 11, 'CV-003', '2026-03-05', 19, 19, 'Allowance for March 2026 and other expenses', 35172, '1000067', '2026-03-05', 11, 'Unreleased', NULL, 3, 11, '2026-03-07 08:36:47', 37, '2026-03-07 13:03:43', 36, '2026-03-07 16:23:40', 21, 0, NULL, NULL, '2026-04-10 16:55:13', 'CM011-3', ''),
(69, 6, 'CV-001', '2026-01-05', 20, 20, 'Release of funds for the expenses for the Month of January 2026', 68852, '1000989', '2026-01-05', 10, 'Unreleased', NULL, 3, 10, '2026-01-07 09:56:02', 47, '2026-01-07 13:54:12', 6, '2026-01-07 16:10:02', 6, 0, NULL, NULL, '2026-04-10 17:30:50', 'CM006-1', ''),
(70, 6, 'CV-002', '2026-02-05', 20, 20, 'Release of funds for the Various expenses ', 61801, '1000990', '2026-02-05', 10, 'Unreleased', NULL, 3, 10, '2026-02-07 08:37:25', 47, '2026-02-07 13:17:18', 6, '2026-02-07 16:38:11', 6, 0, NULL, NULL, '2026-04-10 17:30:41', 'CM006-2', ''),
(71, 6, 'CV-003', '2026-03-06', 20, 20, 'Release of Funds for the various expenses', 97300.5, '1000991', '2026-03-06', 10, 'Unreleased', NULL, 3, 10, '2026-03-08 08:40:44', 47, '2026-03-08 13:40:36', 6, '2026-03-08 16:24:38', 6, 0, NULL, NULL, '2026-04-10 17:30:30', 'CM006-3', ''),
(72, 19, 'CV-030', '2026-04-12', 3, 3, 'expenses', 500000, '1000001', '2026-04-12', 1, 'unreleased', NULL, 3, 2, '2026-04-12 21:06:57', 32, '2026-04-12 21:07:58', 31, '2026-04-12 21:08:25', 25, 0, NULL, NULL, '2026-04-12 21:08:25', 'CM019-30', ''),
(73, 21, 'CV-001', '2024-10-02', 21, 21, 'Release of Allowance for Religious for the Month of October 2024', 39500, '1000164360', '2024-10-02', 17, 'For encashment', NULL, 3, 16, '2026-04-14 13:37:27', 59, '2026-04-14 15:26:42', 58, '2026-04-14 15:37:47', 57, 0, NULL, NULL, '2026-04-14 15:37:47', 'CM021-1', ''),
(74, 21, 'CV-002', '2024-10-02', 21, 21, 'Replenishment of the Contingency Fund of Fr. Bernie Dosdos, OAR', 87226.1, '1000164361', '2024-10-02', 17, 'For encasement', NULL, 3, 16, '2026-04-14 13:41:21', 59, '2026-04-14 15:27:09', 58, '2026-04-14 15:37:40', 57, 0, NULL, NULL, '2026-04-14 15:37:40', 'CM021-2', ''),
(75, 21, 'CV-003', '2024-10-14', 21, 21, 'Relenishment of Contingency Fund under Fr. Robin Ross Plata, OAR', 55506.96, '1000164362', '2024-10-14', 17, 'For encasement', NULL, 3, 16, '2026-04-14 13:44:05', 59, '2026-04-14 15:27:19', 58, '2026-04-14 15:37:35', 57, 0, NULL, NULL, '2026-04-14 15:37:35', 'CM021-3', ''),
(76, 21, 'CV-004', '2024-10-14', 21, 21, 'Payment for Manila Water for the old building for the period covered Sept. 13-October 12, 2024', 44723.27, '1000164363', '2024-10-14', 17, 'For encashment', NULL, 3, 16, '2026-04-14 15:31:28', 59, '2026-04-14 15:31:53', 58, '2026-04-14 15:37:31', 57, 0, NULL, NULL, '2026-04-14 15:37:31', 'CM021-4', ''),
(77, 21, 'CV-005', '2024-10-14', 21, 21, 'Replenishment of Revolving Fund for the period covered October 1-15, 2024', 41028.13, '1000164364', '2024-10-14', 17, 'For encashment', NULL, 3, 16, '2026-04-14 15:28:09', 59, '2026-04-14 15:30:04', 58, '2026-04-14 15:37:26', 57, 0, NULL, NULL, '2026-04-14 15:37:26', 'CM021-5', ''),
(78, 21, 'CV-006', '2024-10-17', 22, 22, 'Payment for the medicine purchased ', 24115.89, '1000164365', '2024-10-17', 17, 'For payment', NULL, 3, 16, '2026-04-14 14:02:51', 59, '2026-04-14 15:30:11', 58, '2026-04-14 15:37:22', 57, 0, NULL, NULL, '2026-04-14 15:37:22', 'CM021-6', ''),
(79, 21, 'CV-007', '2024-10-21', 21, 21, 'Replenishment of Contingency Fund under Fr. Robin Ross S. Plata, OAR', 64773.29, '1000164366', '2024-10-21', 17, 'For encashment', NULL, 3, 16, '2026-04-14 15:28:17', 59, '2026-04-14 15:30:19', 58, '2026-04-14 15:37:17', 57, 0, NULL, NULL, '2026-04-14 15:37:17', 'CM021-7', ''),
(80, 21, 'CV-008', '2024-10-21', 23, 23, 'Payment for meralco Bill for the old building ', 37216.94, '1000164367', '2024-10-21', 17, 'For payment', NULL, 3, 16, '2026-04-14 13:56:17', 59, '2026-04-14 15:30:26', 58, '2026-04-14 15:37:13', 57, 0, NULL, NULL, '2026-04-14 15:37:13', 'CM021-8', ''),
(81, 21, 'CV-009', '2024-10-21', 21, 21, 'Replenishment of contingency fund under Fr. Robin Ross S. Plata, OAR', 106070.94, '1000164368', '2024-10-21', 17, 'For encashment', NULL, 3, 16, '2026-04-14 15:28:41', 59, '2026-04-14 15:30:35', 58, '2026-04-14 15:37:08', 57, 0, NULL, NULL, '2026-04-14 15:37:08', 'CM021-9', ''),
(82, 21, 'CV-010', '2024-10-31', 21, 21, 'Replenishment of Revolving Fund for the period covered October 15-28, 2024', 43584.92, '1000164369', '2024-10-31', 17, 'For encashment', NULL, 3, 16, '2026-04-14 15:28:32', 59, '2026-04-14 15:30:41', 58, '2026-04-14 15:37:04', 57, 0, NULL, NULL, '2026-04-14 15:37:04', 'CM021-10', ''),
(83, 21, 'CV-011', '2024-10-31', 24, 24, 'Payment of Advances to Provincialate', 119478.56, '1000164370', '2024-10-31', 17, 'For payment', NULL, 3, 16, '2026-04-14 15:28:24', 59, '2026-04-14 15:30:47', 58, '2026-04-14 15:36:59', 57, 0, NULL, NULL, '2026-04-14 15:36:59', 'CM021-11', ''),
(84, 21, 'CV-012', '2024-11-04', 22, 22, 'Payment for the purchased of medicine fro October 16-31, 2024', 8945.86, '1000164372', '2024-11-04', 17, 'For payment', NULL, 3, 16, '2026-04-14 18:46:06', 59, '2026-04-14 20:51:47', 58, '2026-04-14 20:55:18', 57, 0, NULL, NULL, '2026-04-14 20:55:18', 'CM021-12', ''),
(85, 21, 'CV-013', '2024-11-04', 21, 21, 'Replenishment of Contingency Fund', 108341.1, '1000164373', '2024-11-04', 17, 'For encasement', NULL, 3, 16, '2026-04-14 18:50:42', 59, '2026-04-14 20:51:54', 58, '2026-04-14 20:55:24', 57, 0, NULL, NULL, '2026-04-14 20:55:24', 'CM021-13', ''),
(86, 21, 'CV-014', '2024-11-04', 21, 21, 'Release of allowance for the Month of November 2024', 37000, '1000164374', '2024-11-04', 17, 'For encashment', NULL, 3, 16, '2026-04-14 18:56:35', 59, '2026-04-14 20:52:02', 58, '2026-04-14 20:55:30', 57, 0, NULL, NULL, '2026-04-14 20:55:30', 'CM021-14', ''),
(87, 21, 'CV-015', '2024-11-06', 21, 21, 'Release of fund for RAY budget for Retreat of aspirants and full-fledged members', 10000, '1000164375', '2024-11-06', 17, 'For encashment', NULL, 3, 16, '2026-04-14 18:58:18', 59, '2026-04-14 20:52:06', 58, '2026-04-14 20:56:50', 57, 0, NULL, NULL, '2026-04-14 20:56:50', 'CM021-15', ''),
(88, 21, 'CV-016', '2024-11-06', 21, 21, 'Replenishment of Contingency Fund under Fr. Robin Ross S. Plata', 96049.93, '1000164376', '2024-11-06', 17, 'For encashment', NULL, 3, 16, '2026-04-14 19:00:45', 59, '2026-04-14 20:52:11', 58, '2026-04-14 20:56:55', 57, 0, NULL, NULL, '2026-04-14 20:56:55', 'CM021-16', ''),
(89, 21, 'CV-017', '2024-11-13', 21, 21, 'Payment for convent share for the dental procedure of Fr. Bernabe M. Dodos, OAR', 20000, '1000164377', '2024-11-13', 17, 'For encashment', NULL, 3, 16, '2026-04-14 19:04:30', 59, '2026-04-14 20:52:15', 58, '2026-04-14 20:56:59', 57, 0, NULL, NULL, '2026-04-14 20:56:59', 'CM021-17', ''),
(90, 21, 'CV-018', '2024-11-19', 21, 21, 'Release of donation for the death of Fr. Tol\'s Father', 20000, '1000164378', '2024-11-19', 17, 'For encashment', NULL, 3, 16, '2026-04-14 19:06:29', 59, '2026-04-14 20:52:20', 58, '2026-04-14 20:57:03', 57, 0, NULL, NULL, '2026-04-14 20:57:03', 'CM021-18', ''),
(91, 21, 'CV-019', '2024-11-21', 21, 21, 'Replenishment of Revolving Fund for the period covered November 4-21, 2024', 44513.8, '1000164379', '2024-11-21', 17, 'For encashment', NULL, 3, 16, '2026-04-14 19:12:23', 59, '2026-04-14 20:52:25', 58, '2026-04-14 20:57:10', 57, 0, NULL, NULL, '2026-04-14 20:57:10', 'CM021-19', ''),
(92, 21, 'CV-020', '2024-11-21', 22, 22, 'Payment for medicine purchase for Nov. 1-15, 2024', 15846.4, '1000164380', '2024-11-21', 17, 'For payment', NULL, 3, 16, '2026-04-14 19:16:18', 59, '2026-04-14 20:52:30', 58, '2026-04-14 20:57:14', 57, 0, NULL, NULL, '2026-04-14 20:57:14', 'CM021-20', ''),
(93, 21, 'CV-021', '2024-11-25', 21, 21, 'Payment of Manila Water for the old building for the period covered October 12-November 13, 2024', 57000, '1000164381', '2024-11-25', 17, 'For encashment', NULL, 3, 16, '2026-04-14 19:18:33', 59, '2026-04-14 20:52:35', 58, '2026-04-14 20:57:18', 57, 0, NULL, NULL, '2026-04-14 20:57:18', 'CM021-21', ''),
(94, 21, 'CV-022', '2024-11-29', 25, 25, 'Release of donation for the death of Fr. Arnel\'s brother', 10000, '1000164382', '2024-11-29', 17, 'For encashment', NULL, 3, 16, '2026-04-14 19:26:58', 59, '2026-04-14 20:52:40', 58, '2026-04-14 20:57:23', 57, 0, NULL, NULL, '2026-04-14 20:57:23', 'CM021-22', ''),
(95, 21, 'CV-023', '2024-11-29', 23, 23, 'Payment of meralco bill for the old building for the period covered October 29-Nov 28, 2024', 40270.26, '1000164383', '2024-11-29', 17, 'For payment', NULL, 3, 16, '2026-04-14 19:28:55', 59, '2026-04-14 20:52:45', 58, '2026-04-14 20:57:28', 57, 0, NULL, NULL, '2026-04-14 20:57:28', 'CM021-23', ''),
(96, 21, 'CV-024', '2024-11-29', 21, 21, 'Replenishment of revolving fund for the period covered Nov 21-30, 2024', 24348.46, '1000164384', '2024-11-29', 17, 'For encashment', NULL, 3, 16, '2026-04-14 19:39:09', 59, '2026-04-14 20:52:53', 58, '2026-04-14 20:57:34', 57, 0, NULL, NULL, '2026-04-14 20:57:34', 'CM021-24', ''),
(97, 21, 'CV-025', '2024-11-29', 21, 21, 'Replenishment of the contingency fund under Fr. Robin Ross S. Plata, OAR', 45382.2, '1000164385', '2024-11-29', 17, 'For encashment', NULL, 3, 16, '2026-04-14 19:45:21', 59, '2026-04-14 20:52:58', 58, '2026-04-14 20:57:39', 57, 0, NULL, NULL, '2026-04-14 20:57:39', 'CM021-25', ''),
(98, 21, 'CV-026', '2024-11-29', 24, 24, 'Payment of advances to provinciality representing salaries and wages for Nov. 1-31, 2024', 190172.84, '1000164386', '2024-11-29', 17, 'For payment', NULL, 3, 16, '2026-04-14 19:48:04', 59, '2026-04-14 20:53:03', 58, '2026-04-14 20:57:43', 57, 0, NULL, NULL, '2026-04-14 20:57:43', 'CM021-26', ''),
(99, 21, 'CV-027', '2024-12-13', 24, 24, 'Payment of advances to provincialate representing salaries and wages for December 1-15, 2024', 124675.01, '1000164387', '2024-12-13', 17, 'For payment', NULL, 3, 16, '2026-04-14 19:52:07', 59, '2026-04-14 20:53:07', 58, '2026-04-14 20:57:47', 57, 0, NULL, NULL, '2026-04-14 20:57:47', 'CM021-27', ''),
(100, 21, 'CV-028', '2024-12-02', 21, 21, 'Release of allowance for religious for the month of December 2024', 67000, '1000164388', '2024-12-02', 17, 'For payment', NULL, 3, 16, '2026-04-14 19:54:05', 59, '2026-04-14 20:53:12', 58, '2026-04-14 20:57:51', 57, 0, NULL, NULL, '2026-04-14 20:57:51', 'CM021-28', ''),
(101, 21, 'CV-029', '2024-12-03', 26, 26, 'Payment of food for the day of the Order breakfast good for 60pax at 270.00', 16200, '1000164389', '2024-12-03', 17, 'For payment', NULL, 3, 16, '2026-04-14 19:57:03', 59, '2026-04-14 20:53:17', 58, '2026-04-14 20:57:55', 57, 0, NULL, NULL, '2026-04-14 20:57:55', 'CM021-29', ''),
(102, 21, 'CV-030', '2024-12-04', 21, 21, 'Replenishment of Contingency Fund under Robin Ross S. Plata, OAR', 105198.74, '1000164390', '2024-12-04', 17, 'For encashment', NULL, 3, 16, '2026-04-14 20:01:23', 59, '2026-04-14 20:53:22', 58, '2026-04-14 20:58:00', 57, 0, NULL, NULL, '2026-04-14 20:58:00', 'CM021-30', ''),
(103, 21, 'CV-031', '2024-12-10', 22, 22, 'Refund of medical expenses of Fr. Tol, OAR', 6019.31, '1000164391', '2024-12-10', 17, 'For payment', NULL, 3, 16, '2026-04-14 20:03:00', 59, '2026-04-14 20:53:27', 58, '2026-04-14 20:58:04', 57, 0, NULL, NULL, '2026-04-14 20:58:04', 'CM021-31', ''),
(104, 21, 'CV-032', '2024-12-10', 21, 21, 'Release of Christmas allowance, full release of clothing allowance, gifts for family, community allowance, ministerial and bingo allowance', 445000, '1000164392', '2024-12-10', 17, 'For Payment', NULL, 3, 16, '2026-04-14 20:05:32', 59, '2026-04-14 20:53:31', 58, '2026-04-14 20:58:08', 57, 0, NULL, NULL, '2026-04-14 20:58:08', 'CM021-32', ''),
(105, 21, 'CV-033', '2024-12-11', 21, 21, 'Replenishment of contingency fund under Fr. Robin Ross S. Plata, OAR', 113809.73, '1000164393', '2024-12-11', 17, 'For encashment', NULL, 3, 16, '2026-04-14 20:07:45', 59, '2026-04-14 20:53:35', 58, '2026-04-14 20:58:12', 57, 0, NULL, NULL, '2026-04-14 20:58:12', 'CM021-33', ''),
(106, 21, 'CV-034', '2024-12-16', 21, 21, 'Replenishment of replenishment or revolving fund for the period covered Dec 2-14, 2024', 47718.52, '1000164394', '2024-12-16', 17, 'For payment', NULL, 3, 16, '2026-04-14 20:19:38', 59, '2026-04-14 20:53:41', 58, '2026-04-14 20:58:18', 57, 0, NULL, NULL, '2026-04-14 20:58:18', 'CM021-34', ''),
(107, 21, 'CV-035', '2024-12-19', 21, 21, 'Replenishment of contingency fund under Fr. Robin Ross Plata', 34953.4, '1000164395', '2024-12-19', 17, 'For payment', NULL, 3, 16, '2026-04-14 20:24:31', 59, '2026-04-14 20:53:46', 58, '2026-04-14 20:58:22', 57, 0, NULL, NULL, '2026-04-14 20:58:22', 'CM021-35', ''),
(108, 21, 'CV-036', '2024-12-19', 21, 21, 'Payment of water bill for the old building', 36123.95, '1000164396', '2024-12-19', 17, 'For payment', NULL, 3, 16, '2026-04-14 20:26:46', 59, '2026-04-14 20:53:52', 58, '2026-04-14 20:58:26', 57, 0, NULL, NULL, '2026-04-14 20:58:26', 'CM021-36', ''),
(109, 21, 'CV-037', '2024-12-20', 21, 21, 'Replenishment of Revolving fund for the period covered December 16-20, 2024', 32734.15, '1000164397', '2024-12-20', 17, 'For encashment', NULL, 3, 16, '2026-04-14 20:33:02', 59, '2026-04-14 20:54:01', 58, '2026-04-14 20:58:31', 57, 0, NULL, NULL, '2026-04-14 20:58:31', 'CM021-37', ''),
(110, 21, 'CV-038', '2024-12-20', 21, 21, 'Release of funds for Christmas and new years bingo', 15000, '1000164398', '2024-12-20', 17, 'For encashment', NULL, 3, 16, '2026-04-14 20:34:37', 59, '2026-04-14 20:54:05', 58, '2026-04-14 20:58:37', 57, 0, NULL, NULL, '2026-04-14 20:58:37', 'CM021-38', ''),
(111, 21, 'CV-039', '2024-12-20', 27, 27, 'Payment for dental procedure of Fr. Alma', 10000, '1000164399', '2024-12-20', 17, 'For payment', NULL, 3, 16, '2026-04-14 20:36:30', 59, '2026-04-14 20:54:09', 58, '2026-04-14 20:58:42', 57, 0, NULL, NULL, '2026-04-14 20:58:42', 'CM021-39', ''),
(112, 21, 'CV-040', '2024-12-27', 21, 21, 'Replenishment of Contingency Fund under Fr. Robin Ross S. Plata, OAR', 144506.62, '1000164400', '2024-12-27', 17, 'For encashment', NULL, 3, 16, '2026-04-14 20:39:42', 59, '2026-04-14 20:54:14', 58, '2026-04-14 20:58:47', 57, 0, NULL, NULL, '2026-04-14 20:58:47', 'CM021-40', ''),
(113, 21, 'CV-041', '2024-12-27', 23, 23, 'Payment for electric bill for the old building', 41733.73, '1000164401', '2024-12-27', 17, 'For payment', NULL, 3, 16, '2026-04-14 20:40:57', 59, '2026-04-14 20:54:18', 58, '2026-04-14 20:58:52', 57, 0, NULL, NULL, '2026-04-14 20:58:52', 'CM021-41', ''),
(114, 21, 'CV-042', '2024-12-27', 22, 22, 'Payment for medicines purchases for the month of December 2024', 27315.62, '1000164402', '0004-12-27', 17, 'For payment', NULL, 3, 16, '2026-04-14 20:42:23', 59, '2026-04-14 20:54:22', 58, '2026-04-14 20:58:56', 57, 0, NULL, NULL, '2026-04-14 20:58:56', 'CM021-42', ''),
(115, 21, 'CV-043', '2024-12-27', 24, 24, 'Payment for salaries and wages for December 16-31, 2024', 109992.4, '1000164403', '2024-12-27', 17, 'For payment', NULL, 3, 16, '2026-04-14 20:46:00', 59, '2026-04-14 20:54:28', 58, '2026-04-14 20:59:00', 57, 0, NULL, NULL, '2026-04-14 20:59:00', 'CM021-43', ''),
(116, 21, 'CV-044', '2025-01-06', 24, 24, 'Payment of 1000 copies of calendars for the year 2025', 33750, '1000164404', '2025-01-06', 17, 'For payment', NULL, 3, 17, '2026-04-14 21:05:24', 57, '2026-04-15 14:38:42', 58, '2026-04-15 15:30:17', 57, 0, NULL, NULL, '2026-04-15 15:30:17', 'CM021-44', ''),
(117, 21, 'CV-045', '2025-01-06', 21, 21, 'Release of allowances of religious for the month of January 2025', 37000, '1000164405', '2025-01-06', 17, 'For encashment', NULL, 3, 17, '2026-04-14 21:13:13', 57, '2026-04-15 14:43:04', 58, '2026-04-15 15:30:13', 57, 0, NULL, NULL, '2026-04-15 15:30:13', 'CM021-45', ''),
(118, 21, 'CV-046', '2025-01-06', 21, 21, 'Replenishment of contingency fund under Fr. Robin Ross S. Plata, OAR', 76201.48, '1000164406', '2025-01-06', 17, 'For encashment', NULL, 3, 17, '2026-04-14 21:15:42', 57, '2026-04-15 14:43:14', 58, '2026-04-15 15:30:08', 57, 0, NULL, NULL, '2026-04-15 15:30:08', 'CM021-46', ''),
(119, 21, 'CV-047', '2025-01-10', 21, 21, 'Refund of medical expenses of FR. Rene Paglinawan', 7267, '1000164407', '2025-01-10', 17, 'For encashment', NULL, 3, 17, '2026-04-14 21:17:27', 57, '2026-04-15 14:43:24', 58, '2026-04-15 15:30:04', 57, 0, NULL, NULL, '2026-04-15 15:30:04', 'CM021-47', ''),
(120, 21, 'CV-048', '2025-01-15', 21, 21, 'Payment for water bill for the old building for the period covered Dec. 12, 2024-Jan.12,2025', 43379.09, '1000164408', '2025-01-15', 17, 'For encashment', NULL, 3, 17, '2026-04-14 21:19:26', 57, '2026-04-15 14:43:31', 58, '2026-04-15 15:30:00', 57, 0, NULL, NULL, '2026-04-15 15:30:00', 'CM021-48', ''),
(121, 21, 'CV-049', '2025-01-15', 21, 21, 'Replenishment of Revolving Fund under Fr. Robin Ross S. Plata, OAR', 45548.71, '1000164409', '2025-01-15', 17, 'For encashment', NULL, 3, 17, '2026-04-14 21:25:03', 57, '2026-04-15 14:43:45', 58, '2026-04-15 15:29:55', 57, 0, NULL, NULL, '2026-04-15 15:29:55', 'CM021-49', ''),
(122, 21, 'CV-050', '2025-01-15', 21, 21, 'Replenishment of contingency fund', 67067.72, '1000164410', '2025-01-15', 17, 'For encashment', NULL, 3, 17, '2026-04-14 21:26:58', 57, '2026-04-15 14:43:52', 58, '2026-04-15 15:29:51', 57, 0, NULL, NULL, '2026-04-15 15:29:51', 'CM021-50', ''),
(123, 21, 'CV-051', '2025-01-16', 21, 21, 'Purchase of 1 drum of Chlorine and 1 sack decitate powder', 10500, '1000164411', '2025-01-16', 17, 'For encashment', NULL, 3, 17, '2026-04-14 21:28:22', 57, '2026-04-15 14:43:59', 58, '2026-04-15 15:29:47', 57, 0, NULL, NULL, '2026-04-15 15:29:47', 'CM021-51', ''),
(124, 21, 'CV-052', '2025-01-16', 28, 28, 'Purchase of chemo meds of Fr. Rene Paglinawan, OAR', 30573.72, '1000164412', '2025-01-16', 17, 'For payment', NULL, 3, 17, '2026-04-14 21:29:41', 57, '2026-04-15 14:45:14', 58, '2026-04-15 15:29:42', 57, 0, NULL, NULL, '2026-04-15 15:29:42', 'CM021-52', ''),
(125, 21, 'CV-053', '2025-01-16', 24, 24, 'Payment of Salaries and wages for the period January 1-15, 2025', 71739.87, '1000164413', '2025-01-16', 17, 'For payment', NULL, 3, 17, '2026-04-14 21:30:56', 57, '2026-04-15 14:45:23', 58, '2026-04-15 15:29:38', 57, 0, NULL, NULL, '2026-04-15 15:29:38', 'CM021-53', ''),
(126, 21, 'CV-054', '2025-01-16', 23, 23, 'Payment for electric bill for the old building ', 32235.86, '1000164414', '2025-01-06', 17, 'For payment', NULL, 3, 17, '2026-04-14 21:32:16', 57, '2026-04-15 14:45:31', 58, '2026-04-15 15:29:22', 57, 0, NULL, NULL, '2026-04-15 15:29:22', 'CM021-54', ''),
(127, 21, 'CV-055', '2025-01-16', 21, 21, 'Replenishment of Contingency fund under Fr. Robin Ross S. Plata, OAR', 139026.58, '1000164415', '2025-01-16', 17, 'For encashment', NULL, 3, 17, '2026-04-14 21:35:39', 57, '2026-04-15 14:45:38', 58, '2026-04-15 15:29:19', 57, 0, NULL, NULL, '2026-04-15 15:29:19', 'CM021-55', ''),
(128, 21, 'CV-056', '2025-01-31', 24, 24, 'Payment for salaries and wages for the period Jan. 1-15, 2025', 77627.92, '1000164416', '2025-01-31', 17, 'For payment', NULL, 3, 17, '2026-04-14 21:36:46', 57, '2026-04-15 14:45:49', 58, '2026-04-15 15:29:13', 57, 0, NULL, NULL, '2026-04-15 15:29:13', 'CM021-56', ''),
(129, 21, 'CV-057', '2025-02-03', 26, 26, 'Payment for food trays for breakfast on Feb 4 bday celebration of Fr. Bernard Amparado', 16200, '1000164417', '2025-02-03', 17, 'For payment', NULL, 3, 17, '2026-04-14 21:40:35', 57, '2026-04-15 14:46:00', 58, '2026-04-15 15:29:09', 57, 0, NULL, NULL, '2026-04-15 15:29:09', 'CM021-57', ''),
(130, 21, 'CV-058', '2025-02-03', 21, 21, 'Release of allowance for Feb 2025', 39500, '1000164418', '2025-02-03', 17, 'For encashment', NULL, 3, 17, '2026-04-14 21:41:50', 57, '2026-04-15 14:46:05', 58, '2026-04-15 15:29:06', 57, 0, NULL, NULL, '2026-04-15 15:29:06', 'CM021-58', ''),
(131, 21, 'CV-059', '2025-02-05', 21, 21, 'Replenishment of Contingency Fund', 84484.3, '1000164419', '2025-02-05', 17, 'For encashment', NULL, 3, 17, '2026-04-14 21:43:38', 57, '2026-04-15 14:46:12', 58, '2026-04-15 15:28:58', 57, 0, NULL, NULL, '2026-04-15 15:28:58', 'CM021-59', ''),
(132, 21, 'CV-060', '2025-02-05', 21, 21, 'Replenishment of Revolving Fund', 43390.38, '1000164420', '2025-02-05', 17, 'For encashment', NULL, 3, 17, '2026-04-14 21:48:20', 57, '2026-04-15 14:46:18', 58, '2026-04-15 15:28:53', 57, 0, NULL, NULL, '2026-04-15 15:28:53', 'CM021-60', ''),
(133, 21, 'CV-061', '2025-02-05', 22, 22, 'Payment for medicines purchases', 22892.96, '1000164421', '2025-02-05', 17, 'For payment', NULL, 3, 17, '2026-04-14 21:52:31', 57, '2026-04-15 14:46:24', 58, '2026-04-15 15:28:49', 57, 0, NULL, NULL, '2026-04-15 15:28:49', 'CM021-61', ''),
(134, 21, 'CV-062', '2025-02-14', 21, 21, 'Payment for water bill', 49564.42, '1000164422', '2025-02-14', 17, 'For encashment', NULL, 3, 17, '2026-04-14 21:53:40', 57, '2026-04-15 14:46:29', 58, '2026-04-15 15:28:45', 57, 0, NULL, NULL, '2026-04-15 15:28:45', 'CM021-62', ''),
(135, 21, 'CV-063', '2025-02-18', 21, 21, 'Replenishment of Contingency Fund', 100289.83, '1000164423', '2025-02-18', 17, 'For encashment', NULL, 3, 17, '2026-04-14 21:56:57', 57, '2026-04-15 14:46:36', 58, '2026-04-15 15:28:41', 57, 0, NULL, NULL, '2026-04-15 15:28:41', 'CM021-63', ''),
(136, 21, 'CV-064', '2025-02-24', 21, 21, 'Replenishment of Revolving Fund', 48027.5, '1000164424', '2025-02-24', 17, 'For encashment', NULL, 3, 17, '2026-04-14 22:01:45', 57, '2026-04-15 14:46:44', 58, '2026-04-15 15:28:37', 57, 0, NULL, NULL, '2026-04-15 15:28:37', 'CM021-64', ''),
(137, 21, 'CV-065', '2025-02-28', 24, 24, 'Payment for salaries and wages for Fen 1-28, 2025', 122660.26, '1000164425', '2025-02-28', 17, 'For payment', NULL, 3, 17, '2026-04-14 22:02:58', 57, '2026-04-15 14:46:50', 58, '2026-04-15 15:28:33', 57, 0, NULL, NULL, '2026-04-15 15:28:33', 'CM021-65', ''),
(138, 21, 'CV-066', '2025-02-28', 21, 21, 'Replenishment of Contingency Fund', 74581, '1000164426', '2025-02-28', 17, 'For encashment', NULL, 3, 17, '2026-04-14 22:05:14', 57, '2026-04-15 14:46:56', 58, '2026-04-15 15:28:27', 57, 0, NULL, NULL, '2026-04-15 15:28:27', 'CM021-66', ''),
(139, 21, 'CV-067', '2025-02-28', 21, 21, 'Release of funds for payment of cleaning of aircon units', 15400, '1000164427', '2025-02-28', 17, 'For encashment', NULL, 3, 17, '2026-04-14 22:06:40', 57, '2026-04-15 14:47:06', 58, '2026-04-15 15:28:23', 57, 0, NULL, NULL, '2026-04-15 15:28:23', 'CM021-67', ''),
(140, 21, 'CV-068', '2025-02-28', 23, 23, 'Electric Bill for Jan, 29-Feb 28, 2024', 33814.33, '1000164428', '2025-02-28', 17, 'For payment', NULL, 3, 17, '2026-04-14 22:07:46', 57, '2026-04-15 14:47:12', 58, '2026-04-15 15:28:19', 57, 0, NULL, NULL, '2026-04-15 15:28:19', 'CM021-68', ''),
(141, 21, 'CV-069', '2025-02-28', 22, 22, 'Payment for medicine purchases', 35016.32, '1000164429', '2025-02-28', 17, 'For payment', NULL, 3, 17, '2026-04-14 22:08:51', 57, '2026-04-15 14:47:20', 58, '2026-04-15 15:28:12', 57, 0, NULL, NULL, '2026-04-15 15:28:12', 'CM021-69', ''),
(142, 21, 'CV-070', '2025-03-05', 21, 21, 'Release of allowance for Religious for March 2025', 37000, '1000164430', '2025-03-05', 17, 'For encashment', NULL, 3, 17, '2026-04-14 22:12:03', 57, '2026-04-15 14:47:25', 58, '2026-04-15 15:28:09', 57, 0, NULL, NULL, '2026-04-15 15:28:09', 'CM021-70', ''),
(143, 21, 'CV-071', '2025-03-05', 21, 21, 'Replenishment oof Contingency Fund', 93559.98, '1000164431', '2025-03-05', 17, 'For encashment', NULL, 3, 17, '2026-04-14 22:15:14', 57, '2026-04-15 14:47:34', 58, '2026-04-15 15:28:04', 57, 0, NULL, NULL, '2026-04-15 15:28:04', 'CM021-71', ''),
(144, 21, 'CV-072', '2025-03-13', 21, 21, 'Replenishment og contingency fund under Dr. Robin', 104943.87, '1000164432', '2025-03-13', 17, 'For encashment', NULL, 3, 17, '2026-04-14 22:18:13', 57, '2026-04-15 14:47:39', 58, '2026-04-15 15:28:00', 57, 0, NULL, NULL, '2026-04-15 15:28:00', 'CM021-72', ''),
(145, 21, 'CV-073', '2025-03-14', 21, 21, 'Replenishment of Revolving Fund', 49854.42, '1000164433', '2025-03-14', 17, 'For encashment', NULL, 3, 17, '2026-04-14 22:22:38', 57, '2026-04-15 14:47:47', 58, '2026-04-15 15:27:56', 57, 0, NULL, NULL, '2026-04-15 15:27:56', 'CM021-73', ''),
(146, 21, 'CV-074', '2025-03-17', 21, 21, 'Payment for water bill', 9797.48, '1000164434', '2025-03-17', 17, 'For encashment', NULL, 3, 17, '2026-04-14 22:23:45', 57, '2026-04-15 14:48:06', 58, '2026-04-15 15:27:51', 57, 0, NULL, NULL, '2026-04-15 15:27:51', 'CM021-74', ''),
(147, 21, 'CV-075', '2025-03-17', 22, 22, 'Payment for medicine purchases', 9878, '1000164435', '2025-03-17', 17, 'For payment', NULL, 3, 17, '2026-04-14 22:24:57', 57, '2026-04-15 14:48:13', 58, '2026-04-15 15:27:48', 57, 0, NULL, NULL, '2026-04-15 15:27:48', 'CM021-75', ''),
(148, 21, 'CV-076', '2025-03-17', 24, 24, 'Payment for salaries and wages', 56066.64, '1000164436', '2025-03-17', 17, 'For payment', NULL, 3, 17, '2026-04-14 22:26:17', 57, '2026-04-15 14:48:19', 58, '2026-04-15 15:27:45', 57, 0, NULL, NULL, '2026-04-15 15:27:45', 'CM021-76', ''),
(149, 21, 'CV-077', '2025-03-31', 21, 21, 'Replenishment of Revolving Fund', 126449.24, '1000164437', '2025-03-31', 17, 'For encashment', NULL, 3, 17, '2026-04-14 22:30:43', 57, '2026-04-15 14:48:27', 58, '2026-04-15 15:27:40', 57, 0, NULL, NULL, '2026-04-15 15:27:40', 'CM021-77', ''),
(150, 21, 'CV-078', '2025-03-31', 24, 24, 'Payment for salaries and wages March 16-31, 2025', 57518.58, '1000164438', '2025-03-31', 17, 'For payment', NULL, 3, 17, '2026-04-14 22:31:53', 57, '2026-04-15 14:48:31', 58, '2026-04-15 15:27:36', 57, 0, NULL, NULL, '2026-04-15 15:27:36', 'CM021-78', ''),
(151, 21, 'CV-079', '2025-03-31', 21, 21, 'Payment for electric bill and medicines', 51858.69, '1000164439', '2025-03-31', 17, 'For encashment', NULL, 3, 17, '2026-04-14 22:34:08', 57, '2026-04-15 14:48:39', 58, '2026-04-15 15:27:30', 57, 0, NULL, NULL, '2026-04-15 15:27:30', 'CM021-79', ''),
(152, 21, 'CV-080', '2025-04-03', 21, 21, 'Replenishment of Contingency fund under Fr. Robin Ross Plata, OAR', 76487.75, '1000164440', '2025-04-03', 17, 'For encashment', NULL, 3, 17, '2026-04-15 06:16:11', 59, '2026-04-15 14:48:45', 58, '2026-04-15 15:27:26', 57, 0, NULL, NULL, '2026-04-15 15:27:26', 'CM021-80', ''),
(153, 21, 'CV-081', '2025-04-03', 21, 21, 'Release of allowances for April 2025', 44000, '1000164441', '2025-04-03', 17, '1000164441', NULL, 3, 17, '2026-04-15 06:17:40', 59, '2026-04-15 14:48:52', 58, '2026-04-15 15:27:22', 57, 0, NULL, NULL, '2026-04-15 15:27:22', 'CM021-81', ''),
(154, 21, 'CV-082', '2025-04-14', 21, 21, 'Replenshment of Revolving Fund', 49857.92, '1000164442', '2025-04-14', 17, 'For encashment', NULL, 3, 17, '2026-04-15 06:21:42', 59, '2026-04-15 14:48:58', 58, '2026-04-15 15:27:18', 57, 0, NULL, NULL, '2026-04-15 15:27:18', 'CM021-82', ''),
(155, 21, 'CV-083', '2025-04-15', 21, 21, 'Replenishment of Contingency Fund under Fr. Robin Ross S. Plata, OAR', 126590.18, '1000164443', '2025-04-15', 17, 'For encashment', NULL, 3, 17, '2026-04-15 06:24:33', 59, '2026-04-15 14:49:02', 58, '2026-04-15 15:27:13', 57, 0, NULL, NULL, '2026-04-15 15:27:13', 'CM021-83', ''),
(156, 21, 'CV-084', '2025-04-17', 21, 21, 'Payment of water bill for the old building', 13848.69, '1000164444', '2025-04-17', 17, 'For encashment', NULL, 3, 17, '2026-04-15 06:25:56', 59, '2026-04-15 14:49:10', 58, '2026-04-15 15:27:09', 57, 0, NULL, NULL, '2026-04-15 15:27:09', 'CM021-84', ''),
(157, 21, 'CV-085', '2025-04-17', 24, 24, 'Payment for salaries and wages ', 79371.8, '1000164445', '2025-04-17', 17, 'For payment', NULL, 3, 17, '2026-04-15 06:28:02', 59, '2026-04-15 14:49:15', 58, '2026-04-15 15:27:05', 57, 0, NULL, NULL, '2026-04-15 15:27:05', 'CM021-85', ''),
(158, 21, 'CV-086', '2025-04-30', 21, 21, 'Replenishment of Contingency Fund', 98116.19, '10000164446', '2025-04-30', 17, 'For encashment', NULL, 3, 17, '2026-04-15 06:31:48', 59, '2026-04-15 14:49:22', 58, '2026-04-15 15:27:01', 57, 0, NULL, NULL, '2026-04-15 15:27:01', 'CM021-86', ''),
(159, 21, 'CV-087', '2025-04-30', 23, 23, 'Payment for Electric bill', 43426.24, '1000164448', '2025-04-30', 17, 'For payment', NULL, 3, 17, '2026-04-15 06:47:14', 59, '2026-04-15 14:49:28', 58, '2026-04-15 15:26:57', 57, 0, NULL, NULL, '2026-04-15 15:26:57', 'CM021-87', ''),
(160, 21, 'CV-088', '2025-04-30', 24, 24, 'Payment for salaries and wages of April 16-30, 2025', 67232.86, '1000164449', '2025-04-30', 17, 'For payment', NULL, 3, 17, '2026-04-15 06:48:31', 59, '2026-04-15 14:49:33', 58, '2026-04-15 15:26:50', 57, 0, NULL, NULL, '2026-04-15 15:26:50', 'CM021-88', ''),
(161, 21, 'CV-089', '2025-04-30', 22, 22, 'Payment for medicines purchased from April 1-15, 2025', 13286.6, '1000164450', '2025-04-30', 17, 'For payment', NULL, 3, 17, '2026-04-15 06:50:02', 59, '2026-04-15 14:49:40', 58, '2026-04-15 15:26:44', 57, 0, NULL, NULL, '2026-04-15 15:26:44', 'CM021-89', ''),
(162, 21, 'CV-090', '2025-05-02', 21, 21, 'Release of summer allowance and half of clothing allowance to Fr. Alma', 22500, '1000164451', '2025-05-02', 17, 'For encashment', NULL, 3, 17, '2026-04-15 06:51:59', 59, '2026-04-15 14:49:49', 58, '2026-04-15 15:26:40', 57, 0, NULL, NULL, '2026-04-15 15:26:40', 'CM021-90', '');
INSERT INTO `check_voucher_tbl` (`Id`, `Community_Id`, `Transaction_Number`, `Transaction_Date`, `Payee_Id`, `Supplier_Id`, `Particular`, `Check_Amount`, `Check_No`, `Check_Date`, `Bank_Check`, `Check_Status`, `Document`, `Status`, `Calendar_Id`, `Encoded_At`, `Encoded_By`, `Verified_At`, `Verified_By`, `Approved_At`, `Approved_By`, `isPettyCash`, `PCV_Number_From`, `PCV_Number_To`, `Last_Update`, `Last_Number`, `Comments`) VALUES
(163, 21, 'CV-091', '2025-05-02', 21, 21, 'Replenishment of Contingency Fund under Fr. Robin Ross', 69139.5, '1000164452', '2025-05-02', 17, '1000164452', NULL, 3, 17, '2026-04-15 06:54:20', 59, '2026-04-15 14:50:01', 58, '2026-04-15 15:26:35', 57, 0, NULL, NULL, '2026-04-15 15:26:35', 'CM021-91', ''),
(164, 21, 'CV-092', '2025-05-02', 21, 21, 'Release of allowances for Religious for the Month of May 2025', 190500, '1000164453', '2025-05-02', 17, 'For encashment', NULL, 3, 17, '2026-04-15 06:56:10', 59, '2026-04-15 14:50:06', 58, '2026-04-15 15:26:31', 57, 0, NULL, NULL, '2026-04-15 15:26:31', 'CM021-92', ''),
(165, 21, 'CV-093', '2025-05-07', 21, 21, 'Replenishment of Contingency Fund under Fr. Robin Ross S. Plata, OAR', 104025.57, '1000164454', '2025-05-07', 17, 'For encashment', NULL, 3, 17, '2026-04-15 07:03:58', 59, '2026-04-15 14:50:10', 58, '2026-04-15 15:26:28', 57, 0, NULL, NULL, '2026-04-15 15:26:28', 'CM021-93', ''),
(166, 21, 'CV-094', '2025-05-08', 21, 21, 'Refund of 1 set eyeglasses of Fr. Niel Jarumay', 9677, '1000164455', '2025-05-08', 17, 'For encashment', NULL, 3, 17, '2026-04-15 07:05:03', 59, '2026-04-15 14:50:15', 58, '2026-04-15 15:26:24', 57, 0, NULL, NULL, '2026-04-15 15:26:24', 'CM021-94', ''),
(167, 21, 'CV-095', '2025-05-08', 21, 21, 'Replenishment of contingency fund', 74929, '1000164457', '2025-05-08', 17, 'For encashment', NULL, 3, 17, '2026-04-15 07:07:48', 59, '2026-04-15 14:50:20', 58, '2026-04-15 15:26:19', 57, 0, NULL, NULL, '2026-04-15 15:26:19', 'CM021-95', ''),
(168, 21, 'CV-096', '2025-05-15', 24, 24, 'Payment of salaries and wages', 60645.36, '1000164457', '2025-05-15', 17, 'For payment', NULL, 3, 17, '2026-04-15 07:09:19', 59, '2026-04-15 14:50:24', 58, '2026-04-15 15:26:15', 57, 0, NULL, NULL, '2026-04-15 15:26:15', 'CM021-96', ''),
(169, 21, 'CV-097', '2025-05-15', 29, 29, 'Replenishment of Revolving fund', 37203.5, '1000164458', '2025-05-15', 17, 'For encashment', NULL, 3, 17, '2026-04-15 07:13:12', 59, '2026-04-15 14:50:30', 58, '2026-04-15 15:26:10', 57, 0, NULL, NULL, '2026-04-15 15:26:10', 'CM021-97', ''),
(170, 21, 'CV-098', '2025-05-15', 29, 29, 'Payment for water bill', 15821.99, '1000164459', '2025-05-15', 17, 'For encashment', NULL, 3, 17, '2026-04-15 07:14:31', 59, '2026-04-15 14:50:35', 58, '2026-04-15 15:26:04', 57, 0, NULL, NULL, '2026-04-15 15:26:04', 'CM021-98', ''),
(171, 21, 'CV-099', '2025-05-15', 29, 29, 'Replenishment of the revolving fund', 59911.83, '1000164460', '2025-05-15', 17, 'For encashment', NULL, 3, 17, '2026-04-15 11:07:34', 59, '2026-04-15 14:50:43', 58, '2026-04-15 15:25:58', 57, 0, NULL, NULL, '2026-04-15 15:25:58', 'CM021-99', ''),
(172, 21, 'CV-100', '2025-05-15', 23, 23, 'Payment of meralco bill', 52212.68, '1000164461', '2025-05-15', 17, 'For payment', NULL, 3, 17, '2026-04-15 11:07:55', 59, '2026-04-15 14:50:48', 58, '2026-04-15 15:25:54', 57, 0, NULL, NULL, '2026-04-15 15:25:54', 'CM021-100', ''),
(173, 21, 'CV-101', '2025-05-30', 21, 21, 'Replenishment of Fr. Robin used for various expenses of the convent', 76478.61, '1000164462', '2025-05-30', 17, 'For encashment', NULL, 3, 17, '2026-04-15 07:24:56', 59, '2026-04-15 14:50:55', 58, '2026-04-15 15:25:49', 57, 0, NULL, NULL, '2026-04-15 15:25:49', 'CM021-101', ''),
(174, 21, 'CV-102', '2025-06-02', 21, 21, 'Replenishment of Contingency Fund', 100082.15, '1000164464', '2025-06-02', 17, 'For encashment', NULL, 3, 17, '2026-04-15 07:26:56', 59, '2026-04-15 14:51:02', 58, '2026-04-15 15:25:43', 57, 0, NULL, NULL, '2026-04-15 15:25:43', 'CM021-102', ''),
(175, 21, 'CV-103', '2025-06-05', 21, 21, 'Release of allowance for Religious for the month of June 2025', 40500, '1000164465', '2025-06-05', 17, 'For encashment', NULL, 3, 17, '2026-04-15 07:28:20', 59, '2026-04-15 14:51:07', 58, '2026-04-15 15:25:38', 57, 0, NULL, NULL, '2026-04-15 15:25:38', 'CM021-103', ''),
(176, 21, 'CV-104', '2025-06-05', 21, 21, 'Release of allowance for the Birthday of Prior', 31500, '1000164466', '2025-06-05', 17, 'For encashment', NULL, 3, 17, '2026-04-15 07:29:34', 59, '2026-04-15 14:51:11', 58, '2026-04-15 15:25:34', 57, 0, NULL, NULL, '2026-04-15 15:25:34', 'CM021-104', ''),
(177, 21, 'CV-105', '2025-06-08', 21, 21, 'Replenishment of Contingency fund', 172032.15, '1000164467', '2025-06-08', 17, 'For encashment', NULL, 3, 17, '2026-04-15 07:33:39', 59, '2026-04-15 14:51:17', 58, '2026-04-15 15:25:29', 57, 0, NULL, NULL, '2026-04-15 15:25:29', 'CM021-105', ''),
(178, 21, 'CV-106', '2025-06-18', 29, 29, 'Hospital expenses of Fr. Almayo', 14699.1, '1000164468', '2025-06-18', 17, 'For encashment', NULL, 3, 17, '2026-04-15 07:35:27', 59, '2026-04-15 14:51:24', 58, '2026-04-15 15:25:24', 57, 0, NULL, NULL, '2026-04-15 15:25:24', 'CM021-106', ''),
(179, 21, 'CV-107', '2025-06-18', 29, 29, 'Payment for water bill', 18728.31, '1000164469', '2025-06-08', 17, 'For encashment', NULL, 3, 17, '2026-04-15 07:36:40', 59, '2026-04-15 14:51:28', 58, '2026-04-15 15:25:19', 57, 0, NULL, NULL, '2026-04-15 15:25:19', 'CM021-107', ''),
(180, 21, 'CV-108', '2025-06-18', 29, 29, 'Replenishment of Revolving Fund', 45847.09, '1000164470', '2025-06-18', 17, 'For encashment', NULL, 3, 17, '2026-04-15 07:40:15', 59, '2026-04-15 14:51:38', 58, '2026-04-15 15:25:14', 57, 0, NULL, NULL, '2026-04-15 15:25:14', 'CM021-108', ''),
(181, 21, 'CV-109', '2025-06-18', 21, 21, 'Replenishment of Contingency Fund under Fr. Robin Ross S. Plata, OAR', 139970.15, '1000164471', '2025-06-18', 17, 'For encashment', NULL, 3, 17, '2026-04-15 08:02:31', 59, '2026-04-15 14:51:46', 58, '2026-04-15 15:25:08', 57, 0, NULL, NULL, '2026-04-15 15:25:08', 'CM021-109', ''),
(182, 21, 'CV-110', '2025-06-29', 22, 22, 'Payment for medicine purchases', 37004.42, '1000164472', '2025-06-29', 17, 'For payment', NULL, 3, 17, '2026-04-15 08:03:41', 59, '2026-04-15 14:51:51', 58, '2026-04-15 15:25:04', 57, 0, NULL, NULL, '2026-04-15 15:25:04', 'CM021-110', ''),
(183, 21, 'CV-111', '2025-06-29', 23, 23, 'Payment for light and water', 42881.95, '1000164473', '2025-06-29', 17, 'For payment', NULL, 3, 17, '2026-04-15 08:04:52', 59, '2026-04-15 14:51:55', 58, '2026-04-15 15:24:59', 57, 0, NULL, NULL, '2026-04-15 15:24:59', 'CM021-111', ''),
(184, 21, 'CV-112', '2025-06-30', 24, 24, 'Payment for salaries and wages', 137880.16, '1000164474', '2025-06-30', 17, 'For payment', NULL, 3, 17, '2026-04-15 08:05:48', 59, '2026-04-15 14:52:00', 58, '2026-04-15 15:24:54', 57, 0, NULL, NULL, '2026-04-15 15:24:54', 'CM021-112', ''),
(185, 21, 'CV-113', '2025-07-02', 21, 21, 'Release of allowance for religious for the month of July 2025', 35500, '1000164475', '2025-07-02', 17, 'For encashment', NULL, 3, 17, '2026-04-15 08:09:17', 59, '2026-04-15 14:52:05', 58, '2026-04-15 15:24:51', 57, 0, NULL, NULL, '2026-04-15 15:24:51', 'CM021-113', ''),
(186, 21, 'CV-114', '2025-07-02', 21, 21, 'Replenishment of Contingency Fund under Fr. Robin Ross Plata', 141107.86, '1000164476', '2025-07-02', 17, 'For encashment', NULL, 3, 17, '2026-04-15 08:11:15', 59, '2026-04-15 14:52:10', 58, '2026-04-15 15:24:47', 57, 0, NULL, NULL, '2026-04-15 15:24:47', 'CM021-114', ''),
(187, 21, 'CV-115', '2025-07-08', 21, 21, 'Release of funds for the dental procedure of Fr. Radni Capers', 8000, '1000164477', '2025-07-08', 17, 'For encashment', NULL, 3, 17, '2026-04-15 08:12:23', 59, '2026-04-15 14:52:25', 58, '2026-04-15 15:24:43', 57, 0, NULL, NULL, '2026-04-15 15:24:43', 'CM021-115', ''),
(188, 21, 'CV-116', '2025-07-11', 29, 29, 'Replenishment of Revolving Fund', 48737.64, '1000164478', '2025-07-11', 17, 'For encashment', NULL, 3, 17, '2026-04-15 08:19:19', 59, '2026-04-15 14:52:31', 58, '2026-04-15 15:24:39', 57, 0, NULL, NULL, '2026-04-15 15:24:39', 'CM021-116', ''),
(189, 21, 'CV-117', '2025-07-12', 21, 21, 'Payment for water bill', 18249.96, '1000164470', '2025-07-12', 17, 'For encashment', NULL, 3, 17, '2026-04-15 08:20:20', 59, '2026-04-15 14:52:37', 58, '2026-04-15 15:24:34', 57, 0, NULL, NULL, '2026-04-15 15:24:34', 'CM021-117', ''),
(190, 21, 'CV-118', '2025-07-21', 29, 29, 'Replenishment of contingency fund', 93081, '1000164480', '2025-07-21', 17, 'For encashment', NULL, 3, 17, '2026-04-15 09:26:47', 59, '2026-04-15 14:52:43', 58, '2026-04-15 15:24:31', 57, 0, NULL, NULL, '2026-04-15 15:24:31', 'CM021-118', ''),
(191, 21, 'CV-119', '2025-07-21', 24, 24, 'Payment for salaries and wages', 66232.52, '1000164481', '2025-07-21', 17, 'For payment', NULL, 3, 17, '2026-04-15 09:27:49', 59, '2026-04-15 14:52:50', 58, '2026-04-15 15:24:25', 57, 0, NULL, NULL, '2026-04-15 15:24:25', 'CM021-119', ''),
(192, 21, 'CV-120', '2025-07-24', 22, 22, 'Payment for medicine purchases', 16514.85, '1000164482', '2025-07-24', 17, 'For payment', NULL, 3, 17, '2026-04-15 09:30:25', 59, '2026-04-15 14:52:56', 58, '2026-04-15 15:24:21', 57, 0, NULL, NULL, '2026-04-15 15:24:21', 'CM021-120', ''),
(193, 21, 'CV-121', '2025-07-29', 29, 29, 'Replenishment of Revolving Fund', 46988.36, '1000164483', '2025-07-29', 17, 'For encashment', NULL, 3, 17, '2026-04-15 09:36:48', 59, '2026-04-15 14:53:02', 58, '2026-04-15 15:24:17', 57, 0, NULL, NULL, '2026-04-15 15:24:17', 'CM021-121', ''),
(194, 21, 'CV-122', '2025-07-29', 23, 23, 'Payment for Electirc Bill', 42691.4, '1000164484', '2025-07-29', 17, 'For payment', NULL, 3, 17, '2026-04-15 09:37:57', 59, '2026-04-15 14:53:09', 58, '2026-04-15 15:24:12', 57, 0, NULL, NULL, '2026-04-15 15:24:12', 'CM021-122', ''),
(195, 21, 'CV-123', '2025-07-29', 24, 24, 'Payment for salaries and wages', 67297.65, '1000164485', '2025-07-29', 17, 'For payment', NULL, 3, 17, '2026-04-15 09:39:10', 59, '2026-04-15 14:53:15', 58, '2026-04-15 15:24:07', 57, 0, NULL, NULL, '2026-04-15 15:24:07', 'CM021-123', ''),
(196, 21, 'CV-124', '2025-08-01', 29, 29, 'Release of allowance for Religious for August 2025', 78000, '1000164486', '2025-08-01', 17, 'For encashment', NULL, 3, 17, '2026-04-15 09:42:19', 59, '2026-04-15 14:53:20', 58, '2026-04-15 15:24:02', 57, 0, NULL, NULL, '2026-04-15 15:24:02', 'CM021-124', ''),
(197, 21, 'CV-125', '2025-08-01', 29, 29, 'Release of donation for the late Fr. Reynaldo Jaranilla', 20000, '1000164487', '2025-08-01', 17, 'For encashment', NULL, 3, 17, '2026-04-15 09:43:23', 59, '2026-04-15 14:53:28', 58, '2026-04-15 15:23:57', 57, 0, NULL, NULL, '2026-04-15 15:23:57', 'CM021-125', ''),
(198, 21, 'CV-126', '2025-08-06', 29, 29, 'Release of donation for the late Fr. Cristituto Palomar, OAR', 20000, '1000164488', '2025-08-06', 17, 'For encashment', NULL, 3, 17, '2026-04-15 09:44:27', 59, '2026-04-15 14:53:33', 58, '2026-04-15 15:23:53', 57, 0, NULL, NULL, '2026-04-15 15:23:53', 'CM021-126', ''),
(199, 21, 'CV-127', '2025-08-06', 29, 29, 'Replenishment of Contingency Fund', 84934.56, '1000164489', '2025-08-06', 17, 'For encashment', NULL, 3, 17, '2026-04-15 09:45:50', 59, '2026-04-15 14:53:38', 58, '2026-04-15 15:23:49', 57, 0, NULL, NULL, '2026-04-15 15:23:49', 'CM021-127', ''),
(200, 21, 'CV-128', '2025-08-12', 29, 29, 'Replenishment of revolving fund', 49852.03, '1000164490', '2025-08-12', 17, 'For encashment', NULL, 3, 17, '2026-04-15 09:49:24', 59, '2026-04-15 14:53:43', 58, '2026-04-15 15:23:45', 57, 0, NULL, NULL, '2026-04-15 15:23:45', 'CM021-128', ''),
(201, 21, 'CV-129', '2025-08-12', 29, 29, 'Payment for watermill', 19151.37, '1000164491', '2025-08-12', 17, 'For encashment', NULL, 3, 17, '2026-04-15 09:53:45', 59, '2026-04-15 14:53:54', 58, '2026-04-15 15:23:40', 57, 0, NULL, NULL, '2026-04-15 15:23:40', 'CM021-129', ''),
(202, 21, 'CV-130', '2025-08-13', 30, 30, 'Payment for the credit card of Fr. Bernie M. Dosdos, OAR', 88944.53, '1000164492', '2025-08-13', 17, 'For payment', NULL, 3, 17, '2026-04-15 09:57:04', 59, '2026-04-15 14:53:59', 58, '2026-04-15 15:23:35', 57, 0, NULL, NULL, '2026-04-15 15:23:35', 'CM021-130', ''),
(203, 21, 'CV-131', '2025-08-15', 24, 24, 'Payment for salaries and wages', 66808.17, '1000164493', '2025-08-15', 17, 'For payment', NULL, 3, 17, '2026-04-15 09:58:15', 59, '2026-04-15 14:54:04', 58, '2026-04-15 15:23:31', 57, 0, NULL, NULL, '2026-04-15 15:23:31', 'CM021-131', ''),
(204, 21, 'CV-132', '2025-08-20', 29, 29, 'Replenishment of contingency fund', 81486.86, '1000164494', '2025-08-20', 17, 'For encashment', NULL, 3, 17, '2026-04-15 10:02:13', 59, '2026-04-15 14:54:13', 58, '2026-04-15 15:23:27', 57, 0, NULL, NULL, '2026-04-15 15:23:27', 'CM021-132', ''),
(205, 21, 'CV-133', '2025-08-29', 31, 31, 'Replenishment of revolving fund', 47977.81, '1000164495', '2025-08-29', 17, 'For encashment', NULL, 3, 17, '2026-04-15 10:06:47', 59, '2026-04-15 14:54:18', 58, '2026-04-15 15:23:23', 57, 0, NULL, NULL, '2026-04-15 15:23:23', 'CM021-133', ''),
(206, 21, 'CV-134', '2025-08-29', 22, 22, 'Payment for Medicine purchases', 24652.27, '1000164496', '2025-08-29', 17, 'For payment', NULL, 3, 17, '2026-04-15 10:08:09', 59, '2026-04-15 14:54:24', 58, '2026-04-15 15:23:19', 57, 0, NULL, NULL, '2026-04-15 15:23:19', 'CM021-134', ''),
(207, 21, 'CV-135', '2025-08-29', 29, 29, 'Payment for cleaning of zircon', 12800, '1000164497', '2025-08-29', 17, 'For encashment', NULL, 3, 17, '2026-04-15 10:09:54', 59, '2026-04-15 14:54:31', 58, '2026-04-15 15:23:14', 57, 0, NULL, NULL, '2026-04-15 15:23:14', 'CM021-135', ''),
(208, 21, 'CV-136', '2025-08-29', 23, 23, 'Payment for electic bill', 44945.19, '1000164498', '2025-08-29', 17, 'For payment', NULL, 3, 17, '2026-04-15 10:10:58', 59, '2026-04-15 14:54:37', 58, '2026-04-15 15:23:10', 57, 0, NULL, NULL, '2026-04-15 15:23:10', 'CM021-136', ''),
(209, 21, 'CV-137', '2025-08-29', 29, 29, 'Replenishment of contingency fund', 55423.35, '1000164499', '2025-08-29', 17, 'For encashment', NULL, 3, 17, '2026-04-15 10:12:58', 59, '2026-04-15 14:54:44', 58, '2026-04-15 15:23:06', 57, 0, NULL, NULL, '2026-04-15 15:23:06', 'CM021-137', ''),
(210, 21, 'CV-138', '2025-08-29', 24, 24, 'Payment for salaries and wages', 65474.53, '1000164500', '2025-08-29', 17, 'For payment', NULL, 3, 17, '2026-04-15 10:13:58', 59, '2026-04-15 14:54:49', 58, '2026-04-15 15:23:02', 57, 0, NULL, NULL, '2026-04-15 15:23:02', 'CM021-138', ''),
(211, 21, 'CV-139', '2025-09-01', 29, 29, 'Release of allowances for September 2025', 34000, '1000164501', '2025-09-01', 17, 'For encashment', NULL, 3, 17, '2026-04-15 10:15:45', 59, '2026-04-15 14:54:56', 58, '2026-04-15 15:22:48', 57, 0, NULL, NULL, '2026-04-15 15:22:48', 'CM021-139', ''),
(212, 21, 'CV-140', '2025-09-05', 26, 26, 'Payment for food party tray for the birthday of Fr. Rene Paglinawan, OAR', 13200, '1000164502', '2025-09-05', 17, 'For payment', NULL, 3, 17, '2026-04-15 10:17:34', 59, '2026-04-15 14:55:01', 58, '2026-04-15 15:22:43', 57, 0, NULL, NULL, '2026-04-15 15:22:43', 'CM021-140', ''),
(213, 21, 'CV-141', '2025-09-05', 26, 26, 'Payment for the catering services for the birthday of Fr. Rene', 22400, '1000164503', '2025-09-05', 17, 'For payment', NULL, 3, 17, '2026-04-15 10:18:42', 59, '2026-04-15 14:55:05', 58, '2026-04-15 15:22:39', 57, 0, NULL, NULL, '2026-04-15 15:22:39', 'CM021-141', ''),
(214, 21, 'CV-142', '2025-09-15', 31, 31, 'Payment for water bill', 21582.43, '1000164504', '2025-09-15', 17, 'For encashment', NULL, 3, 17, '2026-04-15 10:19:49', 59, '2026-04-15 14:55:11', 58, '2026-04-15 15:22:35', 57, 0, NULL, NULL, '2026-04-15 15:22:35', 'CM021-142', ''),
(215, 21, 'CV-143', '2025-09-15', 24, 24, 'Payment for salaries and wages', 67132.9, '1000164505', '2025-09-15', 17, 'For payment', NULL, 3, 17, '2026-04-15 10:20:54', 59, '2026-04-15 14:55:16', 58, '2026-04-15 15:22:31', 57, 0, NULL, NULL, '2026-04-15 15:22:31', 'CM021-143', ''),
(216, 21, 'CV-144', '2025-09-16', 31, 31, 'Replenishment of revolving fund', 45423.49, '1000164506', '2025-09-16', 17, 'For encashment', NULL, 3, 17, '2026-04-15 11:35:39', 59, '2026-04-15 14:55:24', 58, '2026-04-15 15:22:27', 57, 0, NULL, NULL, '2026-04-15 15:22:27', 'CM021-144', ''),
(217, 21, 'CV-145', '2025-09-22', 26, 26, 'Payment of catering servces for the birthday celebration of Fr. Robin', 37000, '1000164507', '2025-09-22', 17, 'For payment', NULL, 3, 17, '2026-04-15 10:28:02', 59, '2026-04-15 14:55:29', 58, '2026-04-15 15:22:23', 57, 0, NULL, NULL, '2026-04-15 15:22:23', 'CM021-145', ''),
(218, 21, 'CV-146', '2025-09-22', 31, 31, 'Replenishment of Contingency Fund', 94322.7, '1000164508', '2025-09-22', 17, 'For encashment', NULL, 3, 17, '2026-04-15 10:30:12', 59, '2026-04-15 14:55:33', 58, '2026-04-15 15:22:19', 57, 0, NULL, NULL, '2026-04-15 15:22:19', 'CM021-146', ''),
(219, 21, 'CV-147', '2025-09-24', 21, 21, 'Release of fund for the dental retainer of Fr. Robin', 12000, '1000164509', '2025-09-24', 17, 'For encashment', NULL, 3, 17, '2026-04-15 10:31:22', 59, '2026-04-15 14:55:38', 58, '2026-04-15 15:22:15', 57, 0, NULL, NULL, '2026-04-15 15:22:15', 'CM021-147', ''),
(220, 21, 'CV-148', '2025-09-29', 22, 22, 'Payment for medicine purchases', 18178.5, '10001645510', '2025-09-20', 17, 'For payment', NULL, 3, 17, '2026-04-15 10:32:22', 59, '2026-04-15 14:55:43', 58, '2026-04-15 15:22:12', 57, 0, NULL, NULL, '2026-04-15 15:22:12', 'CM021-148', ''),
(221, 21, 'CV-149', '2025-09-30', 31, 31, 'Replenishment of Revolving Fund', 45775.13, '1000164511', '2025-09-30', 17, 'For encashment', NULL, 3, 17, '2026-04-15 10:37:29', 59, '2026-04-15 14:55:51', 58, '2026-04-15 15:22:06', 57, 0, NULL, NULL, '2026-04-15 15:22:06', 'CM021-149', ''),
(222, 21, 'CV-150', '2025-09-30', 21, 21, 'Additional payment for dental night guard of Fr. Robin', 8000, '1000164512', '2025-09-30', 17, 'For encashment', NULL, 3, 17, '2026-04-15 10:39:43', 59, '2026-04-15 14:55:56', 58, '2026-04-15 15:22:02', 57, 0, NULL, NULL, '2026-04-15 15:22:02', 'CM021-150', ''),
(223, 21, 'CV-151', '2025-09-30', 23, 23, 'Payment for electric bill', 24934.44, '1000164513', '2025-09-30', 17, 'For payment', NULL, 3, 17, '2026-04-15 10:40:50', 59, '2026-04-15 14:56:00', 58, '2026-04-15 15:21:58', 57, 0, NULL, NULL, '2026-04-15 15:21:58', 'CM021-151', ''),
(224, 21, 'CV-152', '2025-09-30', 30, 30, 'Payment for the Credit card bill of Fr. Bernabe Dosdos', 40936.82, '1000164515', '2025-09-30', 17, 'For payment', NULL, 3, 17, '2026-04-15 10:43:20', 59, '2026-04-15 14:56:06', 58, '2026-04-15 15:21:54', 57, 0, NULL, NULL, '2026-04-15 15:21:54', 'CM021-152', ''),
(225, 21, 'CV-153', '2025-10-01', 29, 29, 'Release of allowances for October 2025', 29000, '1000164516', '2025-10-01', 17, 'For encashment', NULL, 3, 17, '2026-04-15 10:45:54', 59, '2026-04-15 14:56:11', 58, '2026-04-15 15:21:50', 57, 0, NULL, NULL, '2026-04-15 15:21:50', 'CM021-153', ''),
(226, 21, 'CV-154', '2025-10-14', 29, 29, 'Replenishement of Contingency Fund', 43556, '1000164518', '2025-10-14', 17, 'For encashment', NULL, 3, 17, '2026-04-15 11:06:48', 59, '2026-04-15 14:56:17', 58, '2026-04-15 15:21:45', 57, 0, NULL, NULL, '2026-04-15 15:21:45', 'CM021-154', ''),
(227, 21, 'CV-155', '2025-10-15', 29, 29, 'Replenishment of Contingency Fund', 88709.95, '1000164517', '2025-10-15', 17, 'For encashment', NULL, 3, 17, '2026-04-15 10:53:10', 59, '2026-04-15 14:56:22', 58, '2026-04-15 15:21:38', 57, 0, NULL, NULL, '2026-04-15 15:21:38', 'CM021-155', ''),
(228, 21, 'CV-156', '2025-10-27', 31, 31, 'Payment for water bill', 27006.44, '1000164519', '2025-10-27', 17, 'For encashment', NULL, 3, 17, '2026-04-15 10:54:08', 59, '2026-04-15 14:56:26', 58, '2026-04-15 15:21:34', 57, 0, NULL, NULL, '2026-04-15 15:21:34', 'CM021-156', ''),
(229, 21, 'CV-157', '2025-10-27', 31, 31, 'Replenishment of Revolving Fund', 47419.12, '1000164520', '2025-10-27', 17, 'For encashment', NULL, 3, 17, '2026-04-15 10:57:23', 59, '2026-04-15 14:56:33', 58, '2026-04-15 15:21:29', 57, 0, NULL, NULL, '2026-04-15 15:21:29', 'CM021-157', ''),
(230, 21, 'CV-158', '2025-10-27', 22, 22, 'Payment for medicines purchases', 24986.49, '1000164521', '2025-10-27', 17, 'For payment', NULL, 3, 17, '2026-04-15 10:58:44', 59, '2026-04-15 14:56:37', 58, '2026-04-15 15:21:24', 57, 0, NULL, NULL, '2026-04-15 15:21:24', 'CM021-158', ''),
(231, 21, 'CV-159', '2025-10-27', 21, 21, 'Additional payment for dental of Fr. Robin', 19500, '10000164522', '2025-10-27', 17, 'For encashment', NULL, 3, 17, '2026-04-15 10:59:42', 59, '2026-04-15 14:56:43', 58, '2026-04-15 15:21:17', 57, 0, NULL, NULL, '2026-04-15 15:21:17', 'CM021-159', ''),
(232, 21, 'CV-160', '2025-10-27', 29, 29, 'Replenishment of Contingency Fund', 80970.12, '1000164523', '2025-10-27', 17, 'For encashment', NULL, 3, 17, '2026-04-15 11:00:57', 59, '2026-04-15 14:56:46', 58, '2026-04-15 15:21:12', 57, 0, NULL, NULL, '2026-04-15 15:21:12', 'CM021-160', ''),
(233, 21, 'CV-161', '2025-10-27', 23, 23, 'Payment for meralco bill', 37068.63, '1000164524', '2025-10-27', 17, 'For payment', NULL, 3, 17, '2026-04-15 11:01:49', 59, '2026-04-15 14:56:52', 58, '2026-04-15 15:21:08', 57, 0, NULL, NULL, '2026-04-15 15:21:08', 'CM021-161', ''),
(234, 21, 'CV-162', '2025-10-27', 24, 24, 'Payment for salaries and wages', 125892.88, '1000164525', '2025-10-27', 17, 'For payment', NULL, 3, 17, '2026-04-15 11:02:40', 59, '2026-04-15 14:56:55', 58, '2026-04-15 15:21:04', 57, 0, NULL, NULL, '2026-04-15 15:21:04', 'CM021-162', ''),
(235, 21, 'CV-163', '2025-10-27', 30, 30, 'Payment for the credit card of Fr. Bernabe Dosdos', 124707.1, '1000164526', '2025-10-27', 17, 'For payment', NULL, 3, 17, '2026-04-15 11:06:09', 59, '2026-04-15 14:57:00', 58, '2026-04-15 15:21:01', 57, 0, NULL, NULL, '2026-04-15 15:21:01', 'CM021-163', ''),
(236, 21, 'CV-164', '2025-11-04', 29, 29, 'Release of allowances for November 2025', 31500, '1000164527', '2025-11-04', 17, 'For encashment', NULL, 3, 17, '2026-04-15 11:09:57', 59, '2026-04-15 14:57:07', 58, '2026-04-15 15:20:57', 57, 0, NULL, NULL, '2026-04-15 15:20:57', 'CM021-164', ''),
(237, 21, 'CV-165', '2025-11-17', 31, 31, 'Replenishment of revolving fund ', 49983.24, '1000164528', '2025-11-17', 17, 'For encashment', NULL, 3, 17, '2026-04-15 11:14:14', 59, '2026-04-15 14:57:14', 58, '2026-04-15 15:20:53', 57, 0, NULL, NULL, '2026-04-15 15:20:53', 'CM021-165', ''),
(238, 21, 'CV-166', '2025-11-17', 31, 31, 'Payment for water bill', 19680.14, '1000164529', '2025-11-17', 17, 'For encashment', NULL, 3, 17, '2026-04-15 11:15:19', 59, '2026-04-15 14:57:19', 58, '2026-04-15 15:20:44', 57, 0, NULL, NULL, '2026-04-15 15:20:44', 'CM021-166', ''),
(239, 21, 'CV-167', '2025-11-24', 29, 29, 'Replenishment of contingency fund', 101452.07, '1000164530', '2025-11-24', 17, 'For encashment', NULL, 3, 17, '2026-04-15 11:16:58', 59, '2026-04-15 14:57:24', 58, '2026-04-15 15:20:40', 57, 0, NULL, NULL, '2026-04-15 15:20:40', 'CM021-167', ''),
(240, 21, 'CV-168', '2025-11-24', 22, 22, 'Payment for medicines', 47917.74, '1000164531', '2025-11-24', 17, 'For payment', NULL, 3, 17, '2026-04-15 11:18:00', 59, '2026-04-15 14:57:29', 58, '2026-04-15 15:20:36', 57, 0, NULL, NULL, '2026-04-15 15:20:36', 'CM021-168', ''),
(241, 21, 'CV-169', '2025-11-24', 23, 23, 'Payment for meralco bills', 33089.98, '1000164532', '2025-11-24', 17, 'For payment', NULL, 3, 17, '2026-04-15 11:24:22', 59, '2026-04-15 14:57:38', 58, '2026-04-15 15:20:31', 57, 0, NULL, NULL, '2026-04-15 15:20:31', 'CM021-169', ''),
(242, 21, 'CV-170', '2025-11-24', 24, 24, 'Payment for Convent Expenses incurred', 115673.97, '1000164533', '2025-11-24', 17, 'For payment', NULL, 3, 17, '2026-04-15 11:26:13', 59, '2026-04-15 14:57:47', 58, '2026-04-15 15:20:27', 57, 0, NULL, NULL, '2026-04-15 15:20:27', 'CM021-170', ''),
(243, 21, 'CV-171', '2025-11-27', 29, 29, 'Replenishment of Revolving Fund', 49570.3, '1000164534', '2025-11-27', 17, 'For encashment', NULL, 3, 17, '2026-04-15 11:31:01', 59, '2026-04-15 14:57:52', 58, '2026-04-15 15:20:23', 57, 0, NULL, NULL, '2026-04-15 15:20:23', 'CM021-171', ''),
(244, 21, 'CV-172', '2025-11-27', 29, 29, 'Advance release of Dec 2025 Christmas allowance of Fr. Paglinawan and release of half month pay of Maria Buraga, Medicines', 50300, '1000164535', '2025-11-27', 17, 'For encashment', NULL, 3, 17, '2026-04-15 11:34:06', 59, '2026-04-15 14:57:57', 58, '2026-04-15 15:20:19', 57, 0, NULL, NULL, '2026-04-15 15:20:19', 'CM021-172', ''),
(245, 21, 'CV-173', '2025-11-27', 24, 24, 'Payment for salaries and wages', 166655.8, '100064536', '2025-11-27', 17, 'For payment', NULL, 3, 17, '2026-04-15 11:35:03', 59, '2026-04-15 14:58:02', 58, '2026-04-15 15:20:15', 57, 0, NULL, NULL, '2026-04-15 15:20:15', 'CM021-173', ''),
(246, 21, 'CV-174', '2025-12-03', 29, 29, 'Release of allowances for December 2025', 330500, '100064536', '2025-12-03', 17, 'For encashment', NULL, 3, 17, '2026-04-15 11:41:41', 59, '2026-04-15 14:58:07', 58, '2026-04-15 15:20:09', 57, 0, NULL, NULL, '2026-04-15 15:20:09', 'CM021-174', ''),
(247, 21, 'CV-175', '2025-12-03', 29, 29, 'Release of Allowance of Fr. Jared', 46000, '100064537', '2025-12-03', 17, 'For encashment', NULL, 3, 17, '2026-04-15 11:54:22', 59, '2026-04-15 14:58:13', 58, '2026-04-15 15:20:05', 57, 0, NULL, NULL, '2026-04-15 15:20:05', 'CM021-175', ''),
(248, 21, 'CV-176', '2025-12-11', 29, 29, 'Release of Christmas and New Year Bingo', 15000, '100064538', '2025-12-11', 17, 'For encashment', NULL, 3, 17, '2026-04-15 12:31:14', 59, '2026-04-15 14:58:17', 58, '2026-04-15 15:20:01', 57, 0, NULL, NULL, '2026-04-15 15:20:01', 'CM021-176', ''),
(249, 21, 'CV-177', '2025-12-11', 29, 29, 'Check/accommodation of Fr. Rene from Loyola School of Theology', 56153.2, '100064539', '2025-12-11', 17, 'For encashment', NULL, 3, 17, '2026-04-15 12:32:39', 59, '2026-04-15 14:58:25', 58, '2026-04-15 15:19:57', 57, 0, NULL, NULL, '2026-04-15 15:19:57', 'CM021-177', ''),
(250, 21, 'CV-178', '2025-12-11', 31, 31, 'Replenishment of Contingency Fund', 85374, '100064540', '2025-12-11', 17, 'For encashment', NULL, 3, 17, '2026-04-15 12:34:03', 59, '2026-04-15 14:58:31', 58, '2026-04-15 15:19:53', 57, 0, NULL, NULL, '2026-04-15 15:19:53', 'CM021-178', ''),
(251, 21, 'CV-179', '2025-12-13', 31, 31, 'Replenishment of Revolving Fund', 49278.28, '100064541', '2025-12-13', 17, 'For encashment', NULL, 3, 17, '2026-04-15 12:38:15', 59, '2026-04-15 14:59:35', 58, '2026-04-15 15:19:46', 57, 0, NULL, NULL, '2026-04-15 15:19:46', 'CM021-179', ''),
(252, 21, 'CV-180', '2025-12-16', 32, 32, 'Payment for dental procedure. of FR. Radni and Bro. Feel', 103700, '100064542', '2025-12-16', 17, 'For payment', NULL, 3, 17, '2026-04-15 12:40:30', 59, '2026-04-15 14:59:29', 58, '2026-04-15 15:19:41', 57, 0, NULL, NULL, '2026-04-15 15:19:41', 'CM021-180', ''),
(253, 21, 'CV-181', '2025-12-19', 29, 29, 'Replenishment of Revolving Fund', 49118.5, '100064544', '2025-12-19', 17, 'For encashment', NULL, 3, 17, '2026-04-15 12:46:33', 59, '2026-04-15 14:59:23', 58, '2026-04-15 15:19:37', 57, 0, NULL, NULL, '2026-04-15 15:19:37', 'CM021-181', ''),
(254, 21, 'CV-182', '2025-12-19', 29, 29, 'Payment for watermill', 35000, '100064545', '2025-12-19', 17, 'For encashment', NULL, 3, 17, '2026-04-15 12:47:54', 59, '2026-04-15 14:59:17', 58, '2026-04-15 15:19:33', 57, 0, NULL, NULL, '2026-04-15 15:19:33', 'CM021-182', ''),
(255, 21, 'CV-183', '2025-12-19', 29, 29, 'Replenishment of Contingency Fund', 33624, '100064546', '2025-12-19', 17, 'For encashment', NULL, 3, 17, '2026-04-15 12:49:24', 59, '2026-04-15 14:59:12', 58, '2026-04-15 15:19:29', 57, 0, NULL, NULL, '2026-04-15 15:19:29', 'CM021-183', ''),
(256, 21, 'CV-184', '2025-12-19', 29, 29, 'Replenishment of Revolving Fund', 31874.2, '100064547', '2025-12-09', 17, 'For encashment', NULL, 3, 17, '2026-04-15 12:51:41', 59, '2026-04-15 14:59:05', 58, '2026-04-15 15:18:41', 57, 0, NULL, NULL, '2026-04-15 15:18:41', 'CM021-184', ''),
(257, 21, 'CV-185', '2025-12-19', 23, 23, 'Payment for electric bill', 29868.13, '100064548', '2025-12-19', 17, 'For payment', NULL, 3, 17, '2026-04-15 15:00:09', 59, '2026-04-15 15:00:32', 58, '2026-04-15 15:18:36', 57, 0, NULL, NULL, '2026-04-15 15:18:36', 'CM021-185', ''),
(258, 21, 'CV-186', '2025-12-19', 22, 22, 'Payment for medicines purchases', 79293.29, '100064549', '2025-12-19', 17, 'For payment', NULL, 3, 17, '2026-04-15 12:53:42', 59, '2026-04-15 14:58:48', 58, '2026-04-15 15:18:31', 57, 0, NULL, NULL, '2026-04-15 15:18:31', 'CM021-186', ''),
(259, 21, 'CV-187', '2025-12-19', 24, 24, 'Payment for salaries and wages', 227061.62, '100064550', '2025-12-19', 17, 'For payment', NULL, 3, 17, '2026-04-15 12:54:41', 59, '2026-04-15 14:58:43', 58, '2026-04-15 15:18:25', 57, 0, NULL, NULL, '2026-04-15 15:18:25', 'CM021-187', ''),
(260, 21, 'CV-188', '2025-12-19', 24, 24, 'Payment for the credit card used for various convent expenses', 63873.33, '100064551', '2025-12-19', 17, 'For payment', NULL, 3, 17, '2026-04-15 12:56:19', 59, '2026-04-15 14:58:39', 58, '2026-04-15 15:18:21', 57, 0, NULL, NULL, '2026-04-15 15:18:21', 'CM021-188', ''),
(261, 21, 'CV-189', '2026-01-06', 31, 31, 'Payment for manila water bill for the old building', 16417.18, '1000164553', '2026-01-06', 17, 'For encasement', NULL, 3, 18, '2026-04-15 21:44:29', 59, '2026-04-15 23:01:55', 58, '2026-04-15 23:10:21', 57, 0, NULL, NULL, '2026-04-15 23:10:21', 'CM021-189', ''),
(262, 21, 'CV-190', '2026-01-06', 29, 29, 'Release of allowance for religious for the month of January 2026', 29000, '1000164554', '2026-01-06', 17, 'For encasement', NULL, 3, 18, '2026-04-15 21:45:59', 59, '2026-04-15 23:02:11', 58, '2026-04-15 23:10:16', 57, 0, NULL, NULL, '2026-04-15 23:10:16', 'CM021-190', ''),
(263, 21, 'CV-191', '2026-01-20', 29, 29, 'Replenishment of Contingency fund under Fr. Bernane Dosdos', 93461.3, '1000164555', '2026-01-20', 17, 'For encasement', NULL, 3, 18, '2026-04-15 21:47:39', 59, '2026-04-15 23:02:28', 58, '2026-04-15 23:10:12', 57, 0, NULL, NULL, '2026-04-15 23:10:12', 'CM021-191', ''),
(264, 21, 'CV-192', '2026-01-20', 29, 29, 'Replenishment of Revolving Fund', 49938.89, '1000164556', '2026-01-20', 17, 'For encasement', NULL, 3, 18, '2026-04-15 23:08:22', 59, '2026-04-15 23:08:43', 58, '2026-04-15 23:10:07', 57, 0, NULL, NULL, '2026-04-15 23:10:07', 'CM021-192', ''),
(265, 21, 'CV-193', '2026-01-27', 31, 31, 'Dental procedure of Fr. Ronel Gealon', 8000, '1000164557', '2026-01-27', 17, 'For encashment', NULL, 3, 18, '2026-04-15 21:53:14', 59, '2026-04-15 23:02:52', 58, '2026-04-15 23:10:02', 57, 0, NULL, NULL, '2026-04-15 23:10:02', 'CM021-193', ''),
(266, 21, 'CV-194', '2026-01-28', 31, 31, 'Refund of Fr. Radni Capers', 11116.98, '1000164558', '2026-01-28', 17, 'For encashment', NULL, 3, 18, '2026-04-15 21:54:57', 59, '2026-04-15 23:03:12', 58, '2026-04-15 23:09:59', 57, 0, NULL, NULL, '2026-04-15 23:09:59', 'CM021-194', ''),
(267, 21, 'CV-195', '2026-01-29', 29, 29, 'Donation for the death of Bro. Fel\'s brother', 20000, '1000164559', '2026-01-29', 17, 'For encashment', NULL, 3, 18, '2026-04-15 21:56:04', 59, '2026-04-15 23:03:28', 58, '2026-04-15 23:09:54', 57, 0, NULL, NULL, '2026-04-15 23:09:54', 'CM021-195', ''),
(268, 21, 'CV-196', '2026-01-30', 29, 29, 'Replenishment of revolving fund', 41728.98, '1000164560', '2026-01-30', 17, 'For encashment', NULL, 3, 18, '2026-04-15 22:02:04', 59, '2026-04-15 23:03:37', 58, '2026-04-15 23:09:49', 57, 0, NULL, NULL, '2026-04-15 23:09:49', 'CM021-196', ''),
(269, 21, 'CV-197', '2026-01-30', 23, 23, 'Payment for electric bill', 25634.17, '1000164561', '2026-01-30', 17, 'For payment', NULL, 3, 18, '2026-04-15 22:04:09', 59, '2026-04-15 23:03:46', 58, '2026-04-15 23:09:10', 57, 0, NULL, NULL, '2026-04-15 23:09:10', 'CM021-197', ''),
(270, 21, 'CV-198', '2026-01-30', 22, 22, 'Payment for purchased of medicines', 67912.56, '1000164562', '2026-01-30', 17, 'For payment', NULL, 3, 18, '2026-04-15 22:05:08', 59, '2026-04-15 23:03:58', 58, '2026-04-15 23:09:05', 57, 0, NULL, NULL, '2026-04-15 23:09:05', 'CM021-198', ''),
(271, 21, 'CV-199', '2026-01-30', 24, 24, 'Payment for salaries and wages', 127503.41, '1000164563', '2026-01-30', 17, 'For payment', NULL, 3, 18, '2026-04-15 22:06:10', 59, '2026-04-15 23:04:07', 58, '2026-04-15 23:10:28', 57, 0, NULL, NULL, '2026-04-15 23:10:28', 'CM021-199', ''),
(272, 21, 'CV-200', '2026-01-30', 24, 24, 'Payment for credit card used', 177042.25, '1000164564', '2026-01-30', 17, 'For payment', NULL, 3, 18, '2026-04-15 22:08:05', 59, '2026-04-15 23:04:16', 58, '2026-04-15 23:12:14', 57, 0, NULL, NULL, '2026-04-15 23:12:14', 'CM021-200', ''),
(273, 21, 'CV-201', '2026-02-04', 33, 33, 'Payment for catering services for the birthday of Fr. Bernard Amparado, OAR', 83000, '1000164565', '2026-02-04', 17, 'For payment', NULL, 3, 18, '2026-04-15 22:12:26', 59, '2026-04-15 23:04:26', 58, '2026-04-15 23:12:10', 57, 0, NULL, NULL, '2026-04-15 23:12:10', 'CM021-201', ''),
(274, 21, 'CV-202', '2026-02-04', 31, 31, 'Release of allowance for religious for February 2026', 54000, '1000164566', '2026-02-04', 17, 'For encashment', NULL, 3, 18, '2026-04-15 22:15:00', 59, '2026-04-15 23:04:36', 58, '2026-04-15 23:12:05', 57, 0, NULL, NULL, '2026-04-15 23:12:05', 'CM021-202', ''),
(275, 21, 'CV-203', '2026-02-10', 31, 31, 'Replenishment of Contingency Fund', 91095.91, '1000164567', '2026-02-10', 17, 'For encashment', NULL, 3, 18, '2026-04-15 22:17:12', 59, '2026-04-15 23:07:04', 58, '2026-04-15 23:12:01', 57, 0, NULL, NULL, '2026-04-15 23:12:01', 'CM021-203', ''),
(276, 21, 'CV-204', '2026-02-11', 31, 31, 'Replenishment of revolving fund', 47848.74, '1000164568', '2026-02-11', 17, 'For encashment', NULL, 3, 18, '2026-04-15 22:22:02', 59, '2026-04-15 23:06:57', 58, '2026-04-15 23:11:57', 57, 0, NULL, NULL, '2026-04-15 23:11:57', 'CM021-204', ''),
(277, 21, 'CV-205', '2026-02-11', 32, 32, 'Payment for dental procedure of Fr. Radni Capers', 18000, '1000164569', '2026-02-11', 17, 'For payment', NULL, 3, 18, '2026-04-15 22:23:12', 59, '2026-04-15 23:06:49', 58, '2026-04-15 23:11:52', 57, 0, NULL, NULL, '2026-04-15 23:11:52', 'CM021-205', ''),
(278, 21, 'CV-206', '2026-02-18', 31, 31, 'Payment for water bill', 21103.89, '1000164570', '2026-02-18', 17, 'For encashment', NULL, 3, 18, '2026-04-15 22:24:15', 59, '2026-04-15 23:06:43', 58, '2026-04-15 23:11:48', 57, 0, NULL, NULL, '2026-04-15 23:11:48', 'CM021-206', ''),
(279, 21, 'CV-207', '2026-02-27', 31, 31, 'Replenishment of revolving fund', 49590.73, '1000164571', '2026-02-27', 17, 'For encashment', NULL, 3, 18, '2026-04-15 22:27:36', 59, '2026-04-15 23:06:36', 58, '2026-04-15 23:11:42', 57, 0, NULL, NULL, '2026-04-15 23:11:42', 'CM021-207', ''),
(280, 21, 'CV-208', '2026-02-27', 23, 23, 'Payment for meralco bill', 24517.3, '1000164572', '2026-02-27', 17, 'For payment', NULL, 3, 18, '2026-04-15 22:29:53', 59, '2026-04-15 23:06:29', 58, '2026-04-15 23:10:32', 57, 0, NULL, NULL, '2026-04-15 23:10:32', 'CM021-208', ''),
(281, 21, 'CV-209', '2026-02-27', 22, 22, 'Payment for medicine purchases', 67080.59, '1000164573', '2026-02-27', 17, 'For payment', NULL, 3, 18, '2026-04-15 22:31:14', 59, '2026-04-15 23:06:23', 58, '2026-04-15 23:10:37', 57, 0, NULL, NULL, '2026-04-15 23:10:37', 'CM021-209', ''),
(282, 21, 'CV-210', '2026-02-27', 24, 24, 'Payment for salaries and wages', 113367.49, '1000164575', '2026-02-27', 17, 'For payment', NULL, 3, 18, '2026-04-15 22:32:20', 59, '2026-04-15 23:06:15', 58, '2026-04-15 23:10:43', 57, 0, NULL, NULL, '2026-04-15 23:10:43', 'CM021-210', ''),
(283, 21, 'CV-211', '2026-02-27', 24, 24, 'Payment for BPI Credit card used for various expenses of Convent', 135523.44, '1000164574', '2026-02-27', 17, 'For payment', NULL, 3, 18, '2026-04-15 22:33:33', 59, '2026-04-15 23:06:08', 58, '2026-04-15 23:10:48', 57, 0, NULL, NULL, '2026-04-15 23:10:48', 'CM021-211', ''),
(284, 21, 'CV-212', '2026-02-27', 29, 29, 'Refund of various expenses of Fr. Radni Capers', 15029.98, '1000164576', '2026-02-27', 17, 'For encashment', NULL, 3, 18, '2026-04-15 22:37:06', 59, '2026-04-15 23:06:02', 58, '2026-04-15 23:10:52', 57, 0, NULL, NULL, '2026-04-15 23:10:52', 'CM021-212', ''),
(285, 21, 'CV-213', '2026-03-02', 29, 29, 'Release of allowances for March 2026', 29000, '1000164577', '2026-03-02', 17, 'For encashment', NULL, 3, 18, '2026-04-15 22:38:30', 59, '2026-04-15 23:05:56', 58, '2026-04-15 23:10:56', 57, 0, NULL, NULL, '2026-04-15 23:10:56', 'CM021-213', ''),
(286, 21, 'CV-214', '2026-03-05', 29, 29, 'Replenishment of Contingency Fund', 84183.58, '1000164578', '2026-03-05', 17, 'For encashment', NULL, 3, 18, '2026-04-15 22:40:15', 59, '2026-04-15 23:05:50', 58, '2026-04-15 23:11:01', 57, 0, NULL, NULL, '2026-04-15 23:11:01', 'CM021-214', ''),
(287, 21, 'CV-215', '2026-03-10', 29, 29, 'Refund of expenses of Fr. Radni capers', 15445.71, '1000164579', '2026-03-10', 17, 'For encashment', NULL, 3, 18, '2026-04-15 22:43:25', 59, '2026-04-15 23:05:44', 58, '2026-04-15 23:11:04', 57, 0, NULL, NULL, '2026-04-15 23:11:04', 'CM021-215', ''),
(288, 21, 'CV-216', '2026-03-10', 29, 29, 'Replenishment of Revolving fund', 49389.32, '100064580', '2026-03-10', 17, 'For encashment', NULL, 3, 18, '2026-04-15 22:46:53', 59, '2026-04-15 23:05:38', 58, '2026-04-15 23:11:08', 57, 0, NULL, NULL, '2026-04-15 23:11:08', 'CM021-216', ''),
(289, 21, 'CV-217', '2026-03-16', 29, 29, 'Replenishment of Contingency Fund', 89147.75, '1000164581', '2026-03-24', 17, 'For  encashment', NULL, 3, 18, '2026-04-15 22:49:09', 59, '2026-04-15 23:05:31', 58, '2026-04-15 23:11:12', 57, 0, NULL, NULL, '2026-04-15 23:11:12', 'CM021-217', ''),
(290, 21, 'CV-218', '2026-03-16', 31, 31, 'Payment for water bill', 19425.2, '1000164582', '2026-03-16', 17, 'For encashment', NULL, 3, 18, '2026-04-15 22:50:20', 59, '2026-04-15 23:05:25', 58, '2026-04-15 23:11:16', 57, 0, NULL, NULL, '2026-04-15 23:11:16', 'CM021-218', ''),
(291, 21, 'CV-219', '2026-03-24', 22, 22, 'Payment for purchase of medicines', 78728.82, '1000164583', '2026-03-24', 17, 'For payment', NULL, 3, 18, '2026-04-15 22:51:35', 59, '2026-04-15 23:05:17', 58, '2026-04-15 23:11:21', 57, 0, NULL, NULL, '2026-04-15 23:11:21', 'CM021-219', ''),
(292, 21, 'CV-220', '2026-03-27', 31, 31, 'Replenishmet of revolving fund', 46695.25, '1000164584', '2026-03-27', 17, 'For encashment', NULL, 3, 18, '2026-04-15 22:54:58', 59, '2026-04-15 23:05:11', 58, '2026-04-15 23:11:24', 57, 0, NULL, NULL, '2026-04-15 23:11:24', 'CM021-220', ''),
(293, 21, 'CV-221', '2026-03-31', 23, 23, 'Payment for electric bill', 29636.43, '1000164586', '2026-03-31', 17, 'For payment', NULL, 3, 18, '2026-04-15 22:56:05', 59, '2026-04-15 23:05:01', 58, '2026-04-15 23:11:28', 57, 0, NULL, NULL, '2026-04-15 23:11:28', 'CM021-221', ''),
(294, 21, 'CV-222', '2026-03-31', 24, 24, 'Payment for salaries and wages', 109724.09, '1000164587', '2026-03-31', 17, 'For payment', NULL, 3, 18, '2026-04-15 22:57:26', 59, '2026-04-15 23:04:56', 58, '2026-04-15 23:11:32', 57, 0, NULL, NULL, '2026-04-15 23:11:32', 'CM021-222', ''),
(295, 21, 'CV-223', '2026-03-31', 24, 24, 'Payment for credit card used for various expenses', 74216.01, '1000164588', '2026-03-31', 17, 'For payment', NULL, 3, 18, '2026-04-15 22:59:04', 59, '2026-04-15 23:04:49', 58, '2026-04-15 23:11:36', 57, 0, NULL, NULL, '2026-04-15 23:11:36', 'CM021-223', '');

-- --------------------------------------------------------

--
-- Table structure for table `clients_tbl`
--

CREATE TABLE `clients_tbl` (
  `Id` int(11) NOT NULL,
  `Community_Id` int(11) NOT NULL,
  `Code` varchar(50) DEFAULT NULL,
  `Client_Name` varchar(255) NOT NULL,
  `Address` text NOT NULL,
  `Contact_Number` varchar(50) NOT NULL,
  `Is_Active` int(11) NOT NULL,
  `Last_Number` varchar(50) NOT NULL
) ENGINE=InnoDB DEFAULT CHARSET=utf8mb4 COLLATE=utf8mb4_unicode_ci;

--
-- Dumping data for table `clients_tbl`
--

INSERT INTO `clients_tbl` (`Id`, `Community_Id`, `Code`, `Client_Name`, `Address`, `Contact_Number`, `Is_Active`, `Last_Number`) VALUES
(1, 2, 'C0001', 'Parish Office', 'Brgy. Prosperidad, Los Arcos, Agusan del Sur', 'NA', 1, 'CM002-1'),
(2, 2, 'C0002', 'Superior de La Corporacion', '24 Neptune Street, Brgy. Bahay Toro, Quezon City', '09177928282', 1, 'CM002-2'),
(3, 19, 'C0001', 'San Nicolas de Tolentino Parish', '24 Neptune Street, Brgy. Bahay Toro Quezon City', '09171722232', 1, 'CM019-1'),
(4, 19, 'C0002', 'Cofradia de Transito de Nuestra Senora de La Salud, Inc.', '24 Neptune Street, Brgy. Bahay Toro, Quezon City', '09173070092', 1, 'CM019-2'),
(5, 19, 'C0003', 'Provincial Curia', '24 Neptune Street, Brgy. Bahay Toro, Quezon City', 'NA', 1, 'CM019-3'),
(6, 19, 'C0004', 'Convent Box', '24 Neptune Street Brgy. Bahay Toro, Quezon City', 'NA', 1, 'CM019-4'),
(7, 19, 'C0005', 'EDWIN RUIZ/SARF', 'NA', 'NA', 1, 'CM019-5'),
(8, 4, 'C0001', 'Superior de La Corporacion', '24 Neptune Street Brgy. Bahay Toro, Quezon City', 'NA', 1, 'CM004-1'),
(9, 4, 'C0002', 'Parish Office', 'NA', 'NA', 1, 'CM004-2'),
(10, 4, 'C0003', 'Fr. Kenneth Pahamutang', 'NA', 'NA', 1, 'CM004-3'),
(11, 4, 'C0004', 'Fr. Virgilio Calalang, Jr.', 'NA', 'NA', 1, 'CM004-4'),
(12, 11, 'C0001', 'Superior de La Corporacion', '24 Neptune Street, Brgy. Bahay Toro, Quezon City', '09399896433', 1, 'CM011-1'),
(13, 11, 'C0002', 'Parish Office', 'NA', 'NA', 1, 'CM011-2'),
(14, 11, 'C0003', 'Fr. Dominador Mercado', 'NA', 'NA', 1, 'CM011-3'),
(15, 11, 'C0004', 'Fr. Ken Oliver S. Lao', 'NA', 'NA', 1, 'CM011-4'),
(16, 1, 'C0001', 'Superior de La Corporacion', '24 Neptune Street, Brgy. Bahay Toro, Quezon City', 'NA', 1, 'CM001-1'),
(17, 1, 'C0002', 'Convent', 'NA', 'NA', 1, 'CM001-2'),
(18, 20, 'C0001', 'Superior de La Corporacion', '24 Neptune Street, Brgy. Bahay Toro, Quezon City', '09399029263', 1, 'CM020-1'),
(19, 14, 'C0001', 'Superior de La Corporacion', '24 Neptune Street, Brgy. Bahay Toro, Quezon City', 'NA', 1, 'CM014-1'),
(20, 17, 'C0001', 'Superior de La Corporacion', '24 Neptune Street, Brgy. Bahay Toro, Quezon City', 'NA', 1, 'CM017-1'),
(21, 5, 'C0001', 'Superior de La Corporacion', '24 Neptune Street, Brgy. Bahay Toro, Quezon City', 'NA', 1, 'CM005-1'),
(22, 10, 'C0001', 'Superior de La Corporacion', '24 Neptune Street, Brgy. Bahay Toro, Quezon City', 'NA', 1, 'CM010-1'),
(23, 6, 'C0001', 'Superior de La Corporacion', '24 Neptune Street, Brgy. Bahay Toro, Quezon City', 'NA', 1, 'CM006-1'),
(24, 12, 'C0001', 'Superior de La Corporacion', '24 Neptune Street, Brgy. Bahay Toro, Quezon City', 'NA', 1, 'CM012-1'),
(25, 16, 'C0001', 'Superior de La Corporacion', '24 Neptune Street, Brgy. Bahay Toro, Quezon City', 'NA', 1, 'CM016-1'),
(26, 18, 'C0001', 'Superior de La Corporacion', '24 Neptune Street, Brgy. Bahay Toro, Quezon City', 'NA', 1, 'CM018-1'),
(27, 2, 'C0003', 'James Castelo', 'NA', 'NA', 1, 'CM002-3'),
(28, 5, 'C0002', 'Parish Office', 'NA', 'NA', 1, 'CM005-2'),
(29, 10, 'C0002', 'Parish Office', 'NA', 'NA', 1, 'CM010-2'),
(30, 21, 'C0001', 'Superior de La Corporacion', 'NA', 'NA', 1, 'CM021-1'),
(31, 21, 'C0002', 'SNDT Parish-Quezon City', 'NA', 'NA', 1, 'CM021-2'),
(32, 21, 'C0003', 'Convent', 'NA', 'NA', 1, 'CM021-3'),
(33, 21, 'C0004', 'Fr. Rene Paglinawan, OAR', 'NA', 'NA', 1, 'CM021-4'),
(34, 21, 'C0005', 'Fr. Jayferson Baldelovar, OAR', 'NA', 'NA', 1, 'CM021-5'),
(35, 21, 'C0006', 'Bitangjol Family', 'NA', 'NA', 1, 'CM021-6'),
(36, 21, 'C0007', 'Dave', 'NA', 'NA', 1, 'CM021-7'),
(37, 21, 'C0008', 'Cofradia', 'NA', 'NA', 1, 'CM021-8'),
(38, 21, 'C0009', 'Fr. Arnel F. Diaz, OAR', 'NA', 'NA', 1, 'CM021-9'),
(39, 21, 'C0010', 'SARF', 'NA', 'NA', 1, 'CM021-10'),
(40, 21, 'C0011', 'Ma. Avelina Pacheco', 'NA', 'NA', 1, 'CM021-11');

-- --------------------------------------------------------

--
-- Table structure for table `community_tbl`
--

CREATE TABLE `community_tbl` (
  `Id` int(11) NOT NULL,
  `Community_Code` varchar(50) NOT NULL,
  `Community` varchar(100) NOT NULL
) ENGINE=InnoDB DEFAULT CHARSET=utf8mb4 COLLATE=utf8mb4_unicode_ci;

--
-- Dumping data for table `community_tbl`
--

INSERT INTO `community_tbl` (`Id`, `Community_Code`, `Community`) VALUES
(1, 'CM001', 'Casiciaco Recoletos Seminary'),
(2, 'CM002', 'Recoletos de Los Arcos'),
(3, 'CM003', 'Recoletos de Caidiocan'),
(4, 'CM004', 'Recoletos de Casian, Palawan'),
(5, 'CM005', 'Recoletos de Hinatuan'),
(6, 'CM006', 'Recoletos de Inagawan, Palawan'),
(7, 'CM007', 'Recoletos de Indonesia'),
(8, 'CM008', 'Recoletos de Kamabai, Africa'),
(9, 'CM009', 'Recoletos de Kamalo, Africa'),
(10, 'CM010', 'Recoletos de Plaridel, Palawan'),
(11, 'CM011', 'Recoletos de Tambo'),
(12, 'CM012', 'Recoletos de Urbiztondo'),
(13, 'CM013', 'Recoletos de Vietnam'),
(14, 'CM014', 'Recoletos Formation Center'),
(15, 'CM015', 'Recoletos School of Theology'),
(16, 'CM016', 'Recoletos de Canlubang'),
(17, 'CM017', 'San Sebastian Basilica'),
(18, 'CM018', 'Santo Tomas de Villanueva-Recoletos Formation Center'),
(19, 'CM019', 'St. Ezekiel Moreno Provincial Center'),
(20, 'CM020', 'St. Ezekiel Moreno-Novitiate Recoletos'),
(21, 'CM021', 'Recoletos de Provincialate'),
(22, 'CM022', 'Recoletos de Baguio');

-- --------------------------------------------------------

--
-- Table structure for table `comm_systemaccounts_tbl`
--

CREATE TABLE `comm_systemaccounts_tbl` (
  `Id` int(11) NOT NULL,
  `Community_Id` int(11) NOT NULL,
  `First_Name` varchar(100) NOT NULL,
  `Middle_Name` varchar(100) NOT NULL,
  `Last_Name` varchar(100) NOT NULL,
  `Gender` varchar(100) NOT NULL,
  `Birthdate` date NOT NULL,
  `User_Type` varchar(50) NOT NULL,
  `Username` varchar(100) NOT NULL,
  `Password` text NOT NULL,
  `Status` varchar(50) NOT NULL
) ENGINE=InnoDB DEFAULT CHARSET=utf8mb4 COLLATE=utf8mb4_unicode_ci;

--
-- Dumping data for table `comm_systemaccounts_tbl`
--

INSERT INTO `comm_systemaccounts_tbl` (`Id`, `Community_Id`, `First_Name`, `Middle_Name`, `Last_Name`, `Gender`, `Birthdate`, `User_Type`, `Username`, `Password`, `Status`) VALUES
(1, 1, 'Ralph Laureen', 'S.', 'Ciceron', 'Male', '1984-11-20', 'Admin', 'CM001_rciceron', '7e770826e9202547acc21f901db4d263af4e22ad1116b1ec0f13af216b625259e7f821ebf99d02c815ea40a378daa662ddc537687f3a920a5d4e42d1d77bed73b71bcc14163cd1820e91f6fa4e740164b6522996bbeac763ef', 'Active'),
(2, 2, 'Renier', 'I.', 'Alviola', 'Male', '1981-06-20', 'Admin', 'CM002_ralviola', '437f345af1e3a35fc78bd75b2155c3290c9f669e21fb195fe01cf1280a58824464f0b39cb8ea50091d067630795c526e8f79d5aa6c19104d7c5172ed6c7c6e700007e1494f5038e788a1d349748875c8781f86f2db378d2222', 'Active'),
(3, 3, 'Christopher', 'V.', 'Gaspar', 'Male', '1981-03-24', 'Admin', 'CM003_cgaspar', '884b12147eef64f759ce85a155c8a4806f255a415b2b524da500d2341900a7d30d7c0c48ee2d03f66e296d6964de4f4640f791ae98c6f7421bef89721b718e6bd592f6d26c38abc81be82230d0145396fd7bb6007711ed3e68', 'Active'),
(4, 4, 'Nestor', 'C.', 'Raras', 'Male', '1977-11-17', 'Admin', 'CM004_nraras', '1cdd51f7c2a5e715bb7e9f348e592acb85b5056e457374d38ef7adb845fb908dae2c4ebbbb8368a64df3f278b304caa52928a68f6f6e19798d6ccb13d3ec80b761698beb963593ef57880e2eef257fa791328a46d6503b9e21', 'Active'),
(5, 5, 'Michael', 'B.', 'Catama', 'Male', '1980-09-06', 'Admin', 'CM005_mcatama', 'eb4a6158059b9f61a36bc0221ee4df062702ee6a5b2396a4e8eedd9e0b234f090b04d08a564c1f3482f1c76320d99f0e9ac1faf92c41b60b0d70c538f57f3151e7237e5aad4c5792d3ba748fa92bd2c77e629ca3041bdf7c77', 'Active'),
(6, 6, 'Roy', 'B.', 'Baluarte', 'Male', '1980-06-03', 'Admin', 'CM006_rbaluarte', '4353b9b0635ac342b9a86fd20a74c676c32a9669405248a653a81d6f74adb93002a662c96c6df94d31b2c67222e1cd0686f6b14b94efb7eba338f5f11da4c4931d011b8edabae78aacebe437d2cdf9a8e294f3593d8e09830c', 'Active'),
(7, 7, 'Russell', 'C.', 'Lapidez', 'Male', '1977-06-01', 'Admin', 'CM007_rlapidez', '3e5c198200b62b6273dd20b40e877f7a60df0b9606d726b9373a221eac14bd4656a6ab93325146d0400b86f135d39cae2846ea4c48c2889abee2fced2fc714582b8bf5e092c0526dd03a8a2eca6412267e8ef6c50043f8f014', 'Active'),
(8, 8, 'Kenneth', 'S.', 'Caligdong', 'Male', '1990-12-04', 'Admin', 'CM008_kcaligdong', '8e11c2035a55651cc137da8871220561fca73d4e3abc73604ac6bb580a986b2d7fae727f9407eb44dabf52d0d66c5578f3716b3b91bb638fbf3efcb270d086c87a2379fb1e0a9d278c9c2b4d7513a8d4d471b7eab98c6bdf5d', 'Active'),
(9, 9, 'Niel Ryan', 'E.', 'Jarumay', 'Male', '1989-10-08', 'Admin', 'CM009_njarumay', '80a35a9616aa758c44f0bbe6f436e06a7c1d7c9fc2718888075152c3630fc7345ae7609a96e949099c37b9291b79c0e1cc9b16f9313f9cbae2e87e121078c5c495d89f48a9bba1552e3b01992a70724682fc9b1be6758f5d06', 'Active'),
(10, 10, 'Antonio', 'S.', 'Limchaypo', 'Male', '1965-10-27', 'Admin', 'CM010_alimchaypo', '6e31bad5c2da2e2a3b17be1f12aa56d92f9bab376f66a8fcaba312a61d63c9e3bc47d185be5370e20d770c12d86f24ffee5952ddb7daaa9291c34ba263c23eb42cab0175caab77104af5beb40579741d29ffe0318ca98e68bf', 'Active'),
(21, 11, 'Dominador', 'D.', 'Mercado', 'Male', '1976-10-30', 'Admin', 'CM011_dmercado', 'aeda505c912a37f88e5c5eed236fc26821127d8256236c1f5a0229bf3c34b044a2746c067669f6c1a04bc647f0c2b767e1252e7b7b29f6d20e9bbc6122cc30f9ced544c271c4bcc95df46e12cc1696e61ce8409f2b23831224', 'Active'),
(22, 12, 'Samson', 'S.', 'Silloriquez', 'Male', '1954-06-28', 'Admin', 'CM012_ssilloriquez', '7a982d49afe8111aff59f39e358eee4c9dee15debc15695085826a737d22f65225926c640522ffb237c723c4dbeb030fe07ce63da2d58dfaba13ef446102be1317501cfb95d94cd8b38a2ff4661178293d91d820f9ee082241', 'Active'),
(23, 13, 'Allan', 'M.', 'Jacinto', 'Male', '1977-12-24', 'Admin', 'CM013_ajacinto', '8f9af129f53bbb060157dc4c69b0d82bbbc4db7ea19dd9334e8d2dd978fa15a532cbdac6c9924e759c26a551fca285246737a622ed96eb446ded018b5c839fb63d43496727edfedf3b1a54adc31aa5343d099ac419eb4790f1', 'Active'),
(24, 14, 'Ian Anthony', 'R.', 'Espartero', 'Male', '1980-01-08', 'Admin', 'CM014_iespartero', '7be6e272461d18dae6f945d0b11185886dbb2e988c57f12b763edadd04d05499d2abd41687f029b43284f042ac493dca73686e301c65c8f23326337ca566aa91eed1ce7e342bb5db5a3c502de8c7af35f1cc97dc98420d2e41', 'Active'),
(25, 19, 'Ronel', 'P.', 'Gealon', 'Male', '1962-02-06', 'Admin', 'CM019_rgealon', '452f1e829972c09104d603a5bdb6edf26d05d9a20f254c430b9c74305365b1486662966c2095c31a68a20694270cacf23c8693316b00bacb270a18e814b8b2b90c23b591ae3cf9ad22ab01bc65779f0dc6f69e1a45fb7fe142', 'Active'),
(26, 16, 'Amado Emmanuel ', 'A.', 'Bolivia', 'Male', '1970-12-06', 'Admin', 'CM016_abolilia', '414437092821f0c3946f35ec19cec07fa51d677095102a6c1390c3fc9a2e910ab911eecc303db87dfacec8692bebf3e2805a97e2394e637cda58d3fc9e429a2b6a1d4f04a84ae29ff2f26e411ce582c556e7657e3045bb2dd8', 'Active'),
(27, 17, 'Hector', 'C.', 'Gonzales', 'Male', '1986-04-29', 'Admin', 'CM017_hgonzales', '73e38e6308ae8295e065f7d35936c90db158cba381a659773fc937fb2ab9ceec1f5bfa523e9def09970ac0117e9044525fb78803232620b3e786863993d99c40c27f7acbc2154005a9eddbe95b5a67822faedfb015ca26835d', 'Active'),
(28, 18, 'Enrico Peter', 'A.', 'Silab', 'Male', '1952-06-28', 'Admin', 'CM018_esilab', 'ea7f68b9750296dd9ae44723172db05b5ff17cc0f5d3e4f5e6c1b32b58cfb05d2df1ff7466b2ed3f5a29a8ee52f7028349f02a0136ac2facd4c5b031233a149e46fed88fb113dc5a4f1c0acf65992e23752f4f56f6f5b36a86', 'Active'),
(29, 20, 'Rommel', 'L.', 'Rubia', 'Male', '1975-02-24', 'Admin', 'CM020_rrubia', 'a38b61eb127cdf53c5fadc38f84b1e7654519a6cc1560fd86c628aa9b4d0a29011e3380d2450c7398ca8eb2e9ccba28442baaf50f0ec77a2e0eac4d83a62eee80234039afe5c4c68b887f339ec40a86c33d489606b7c151585', 'Active'),
(30, 15, 'Mark Rochelle ', 'F.', 'Renacia', 'Male', '1974-03-21', 'Admin', 'CM015_mrenacia', 'f20f78e0490a83e640bc1428712302ddcb19aeb2f9b8a402ba8f5d950a8ea696e5562c8f7aafc1f650738ea45163b725a86be62a8da50d109bdeaf71621e2b3097cca597a4e452ddfad8ba31acf4dd7f0ffece92295f67e5a3', 'Active'),
(31, 19, 'Bernabe', 'M.', 'Dosdos', 'Male', '1965-06-11', 'Treasurer', 'CM019_bdosdos', '325eccb03ff6e4716d8d9c4c47435e63d08156f34f5cf2c314e428d952a49533aa0be7718c9cc938f2da19ad17972db6251d2683c08e0e19ebed568b14c6a0b3af6afecef261319d24cab84d40c8e91bd452507cebf6afe605', 'Active'),
(32, 19, 'Leah', 'A.', 'Cauba', 'Female', '1968-03-12', 'Bookkeeper', 'CM019_lcauba', 'f4a10c52bfdaff3d52fa5321534ede77fd9db068ee6106a02156647f486e920a1b53fef360b9d6959e646db454e8f0e000483367b1a9127d5988e0e6b036fe9b485f781ac2ad01588293ad6eb3ccf79e8dd84b61ab193a1e23', 'Active'),
(33, 1, 'Lauro', 'V.', 'Larlar', 'Male', '1960-04-06', 'Treasurer', 'CM001_llarlar', '8ccc36e258797749c63efbd7a77b785ab2750b3e4bfdb2aba9eee9edbea8980d88d45d1b1902e448edb29f25ec6daf68ea9ba6405a44b414f00654e244419014148e71bd34378bd56e69b9f65814f4724332c64ecb3165f88e', 'Active'),
(34, 1, 'Lenie', 'D.', 'Magallanes', 'Female', '1975-06-06', 'Bookkeeper', 'CM001_lmagallanes', '41506d42ec2916932caba847be609aa6218a71995282c30e5f555e4beabb0b325f3ce67bc97208d3a0440a7ec0543a912df62d5824ce8f6b428b89046b5990f03a91cce915c083ae3e07096ce7add6b994b67059db884d5cea', 'Active'),
(35, 4, 'Kenneth Pahamutang', 'B.', 'Pahamutang', 'Male', '1990-03-10', 'Bookkeeper', 'CM004_kpahamutang', 'feee094a17fb268607da3a386b22c4f421ec1cc19b57834ecce9e9bdd3df63bc40cd1b82e8ed52cd5b13d308a37db2bbd5901ab63e2042a41e51d16a3d36d73b6fe7317c4c79ab32af9f78e900adee283f73c417930563f856', 'Active'),
(36, 11, 'Ken Oliver', 'S.', 'Lao', 'Male', '1984-10-20', 'Treasurer', 'CM011_klao', 'fac7b5405e0e3225eb6d6cc8bdfcb59fa4ef2f42369c697eed3e6a34f465a83a17885086a7988f415e127e0e3eaa04b4951e18c217ad00244cc1c1b5c472b6ea843472c6e598bf889c73dc181acf99fb68987f3bc7a44c588b', 'Active'),
(37, 11, 'Emelita', '', 'Rosales', 'Female', '1975-01-15', 'Bookkeeper', 'CM011_erosales', 'f15b2dd3d5513862b1aec814f35c65b2cbdc9e5307996e36fc706b4ace7d060ce744e7c774d1e745ff68359489d916f994fe7d8cc80e4a39683ce990485eb3dc0808ca176b45f23a97d6b72a527efb3459aa67d2a0127a0ed0', 'Active'),
(38, 20, 'Joseph Cyprian', '', 'Panaligan', 'Male', '1988-09-06', 'Treasurer', 'CM020_jpanaligan', 'f7f4341155a6b2710045b878344377396e2643723c37b0a1b43e36e791e58f42f2aac0ca88762a80c7c9b63d462a9068b9e5f1ad5e8beec1f528698d1f36b24c49594013430c55ea865c89f2c2e9fae6a011b435ca7f969bf5', 'Active'),
(39, 20, 'Anabelle', '', 'Capecenio', 'Female', '1995-08-12', 'Bookkeeper', 'CM020_acapecenio', '2e843773326cd0b51ce21ef5daf925ae1ea63e58a85a2e56f5274f72cf12566733a397b91f3fd9cd86b0ae576b8a2214d20a0eb44dbcd47c48b21f62ba915eb4fbe04e102eb93e8aa0caa89f3f47b87fea3bfceb5b68effc1e', 'Active'),
(40, 14, 'Mark Rochelle', 'F.', 'Renacia', 'Male', '1974-03-21', 'Treasurer', 'CM014_mrenacia', 'e4cba05605beada696c23f8731f9d5cf6a107f6a9c01a86b0622d81b6778dc82ede75bc86795afcd25e48641ffb6861e6b05ebbdddfeb850f4873a195f8489072c33f4be56b783e35f33e71dc781ff1de7e5d5d23612d9167e', 'Active'),
(41, 14, 'Jayson', '', 'Romanillos', 'Male', '1993-01-01', 'Bookkeeper', 'CM014_jromanillos', '3133aa647e5e341b8c933855420493f2c8ec4ba3c1bb808bd217fa8ece04aabc226979df92a065979298db4df6eb10543ca145d3294102617331c9ef14db647280bec883418efeaf0e1fd2964b6b87e5f2663d2ef78d2d39c7', 'Active'),
(42, 17, 'Carlo', '', 'Miraflor', 'Male', '1992-07-11', 'Bookkeeper', 'CM017_cmiraflor', 'a7c8f6c03fab277a64c02a28b102ba313d6b1031da830d47bf1100e307b906896939c376a9dafcd8cc9f09d31e23d95091e501599805af1d6e1de0aecaa876e2215d74f86526241579fda2989aa17e142de8f0fea36d674690', 'Active'),
(43, 5, 'Virgilio', 'C.', 'Calalang', 'Male', '1984-06-26', 'Treasurer', 'CM005_vcalalang', '3865e3ee2f5766473e1ae368879ef6e90ff1c5c706d5ed85a38ab34cebb19c084e992f6c34de3974773dd8303525d2e2d006d1d9360f4ce7d49a103f3a02e55973096d393154031874bfbc5df2eb37628093ac70476bd1ea6a', 'Active'),
(44, 5, 'Dianne', 'N', 'Morales', 'Female', '1997-11-12', 'Bookkeeper', 'CM005_dmorales', '93c8fb9066acb450def53ff34d915c9c7c1ff2be039ba38edbd6c3b1323979b8c5e1a9d022ff2eaeded277520ae769721bad94e87bcbbef6890e4727e66473a705aacc5d348c68539603821c545bbef6a26b51a2d3f3e7dd0f', 'Active'),
(45, 10, 'Andrei', 'S.', 'Pugate', 'Male', '1989-03-03', 'Treasurer', 'CM010_apugate', '319b0e488867ab7a2fde5a048e3463d2093701e849e0f33c6b1e3c6fe47537c44a9d7d3a74e14a7345b8c9ed1c72de77bd65267ff72157c834d98458e6752f5dfb57b11dff5db1139eeaa43a7e78591128c10eaee24994f9ac', 'Active'),
(46, 10, 'Rhea Mae', '', 'Bebedor', 'Female', '1993-06-12', 'Bookkeeper', 'CM010_rbebedor', 'f60d2bb06cce6d9b713fb6e4e887e2527a96b9788faff05315d637f07e369fa09a0cd9591b5f4ef2aa5b93c76f5fe1a6795cf73e4f58178c991c185c26353977caa585aa2a273e07092de1d9e94b188fe0f3dd4a888eabfea3', 'Active'),
(47, 6, 'Louie', 'F', 'Gabinete', 'Male', '1974-01-28', 'Bookkeeper', 'CM006_lgabinete', 'a425d5f1d5984a238be76829a00d6919568ff39ca05173f61f5d713b1ad3e9713ce95316846b487ee0c9c142a82adbeda9d9fb3cf3b65901f229d6824a4768baba8c262dcd3c39fe231a91ac3469447c47ac2f193a1d96c9ae', 'Active'),
(48, 12, 'Gaudencio', 'L.', 'De Mesa', 'Male', '1965-07-20', 'Treasurer', 'CM012_gdemesa', 'fc51d6f5f018cc6b5307b1638f4f765ae98d7a7a7cc8e3f261cb290de6f5d97693f38708c0072efba7057cb0a69f4f04708940df0b1fa59b0ffe6aec45303209c66d1de26f7031e347ea084484dd176aad8d174cb5e9844b9c', 'Active'),
(49, 12, 'Jayferson', 'M.', 'Baldelovar', 'Male', '1989-05-13', 'Bookkeeper', 'CM012_jbaldelovar', '079b95800b47719b38c6a6f79d663a39bfb3ea9e28e386aea5c4a13ac62284c1d84603ec0ec333979ede341c82c2f8719cef46abe8eee8822c0f49068d373d0264d78cdf24e59a82104e653dc1a97548f5f9f30c4a6630c7e9', 'Active'),
(50, 3, 'Roweno Eugenio', 'M.', 'Hamo', 'Male', '1970-03-20', 'Treasurer', 'CM003_rhamo', '2b66bc54687bb334484f6aa3b9a92de44e4668ad5c88670439244e073dfc567025e1dcbf290028a373f814f8a16e73ca7eefa2fe0a6e50609ec5955c6bcd3192b19b4b0d0dae9d2108ec9d92ac44584aea297101f7153ff9eb', 'Active'),
(51, 16, 'Sixto Ciriaco', 'M.', 'Bitangjol', 'Male', '1969-09-05', 'Treasurer', 'CM016_sbitangjol', 'd74c129cdcada782d3fab0682f84d93a086df9645163915db64cb01283ea84a2c29a7b15ec7270891fb947de6db91da742bb829dab45aeefaf62d60b50710d8734f797c4d4f53f3015862af74cb8ce2a21b86b08174e52219d', 'Active'),
(52, 16, 'Marissa', '', 'Gallo', 'Female', '1989-11-09', 'Bookkeeper', 'CM016_mgallo', 'da67ac895fcb315e5ffafb8ec6a7b78e00fbb626c5c1c2af961cc95bcf11e8f95e35bba128fc52a17c1be087f30c94d18dad7d3e15da592f85b7696cfa57ef39b5057b44c8ae4fd3b365b3cd7a42dcea20f565372eb6f81a9a', 'Active'),
(53, 18, 'Benjamin', '', 'Edobor', 'Male', '1980-09-08', 'Treasurer', 'CM018_bedobor', '982a9a84959362fbce758746d51e1e9d6ee8d24423bde000147c2e933f17eab593980d7aabc528442544240f225154d7e85fd829de7dd1d2ad42470d4b21c604ec379b0e5a24a4d838ec36d3a29bde1979e52747b12ba0b308', 'Active'),
(54, 18, 'Karren Devi', 'M.', 'Alabado', 'Female', '1987-03-23', 'Bookkeeper', 'CM018_kalabado', '37176e1cb2069f3c15d1a87ee23e0108d43ca4d0a54f6d4b62a5bb0d7abeaac09fdfbd3abd54b13c7fac7541f8141a6711eb2c7cf1ca8b14bfc6e79fa0dab379b1151eb53671917f631000a13fa0ffbcf7b96d74380d7441be', 'Active'),
(55, 2, 'Jerome', '', 'Virtudazo', 'Male', '1970-03-12', 'Treasurer', 'CM002_jvirtudazo', '6887a28d45e8313e7f38159641804478ff97f657f65cc039361e981de844d3dcb43dc45106d08246d09a46f6c25a8b3ba2128eb1e1a3c1fdab2be6aa3ef09a43ce29cc921b2fce1885dc28303293916ebe5956d76ab7979bc6', 'Active'),
(56, 2, 'Teodulo', '', 'Hayahay', 'Male', '0075-01-12', 'Bookkeeper', 'CM002_thayahay', 'e58db367115d4cf133777c443265b17fa1c8b73e8430dbe4d51097dbef5936a4b2e4f2c7341734e431f1314a63b8c05683b90856b14e5a111e0aa7ef31a7c215b77172b10bc00654d884ad2441e43165856c9106a0b64908e6', 'Active'),
(57, 21, 'Fr. Bernard', 'Canada', 'Amparado', 'Male', '1962-02-04', 'Admin', 'CM021_bamparado', '39ac38dfa6f65ff9f7fac3358f9052e5e48c8525e93898f49dd1bc7454890dfc5edba2966f7e31b02108dfc52f677ddc9d20a7c0ff26836ec22bcc12581823f024cd51cb13ccb24bfad7b14e6e1c4eb750c1505ebe61f9d776', 'Active'),
(58, 21, 'Robin Ross', 'Sales', 'Plata', 'Male', '1988-09-16', 'Treasurer', 'CM021_rplata', 'e1c631c2d99a2c631aee2ff951e006f744b11ec84b3c10f087415f96eda84a92a879b2ad33bd449d6d0b2f72ffad14002829cf234894e797202176615fc0cb4d5c7a28b0c44871b8fe4971ba3b9c089a42be8575cc24936802', 'Active'),
(59, 21, 'Lea Mae', 'Canilla', 'Arrazola', 'Female', '1993-06-18', 'Bookkeeper', 'CM021_larrazola', '71b6256d62907af37a53a87e3aa63a5897887c0f8eaeced7e16edb6d4028c310a2dc0eb5dbe7730779c1b2655c19d3c66b70f2a6f6b7ab9e1219813a4b0da57ca199305714b69d2d721546aa90c5965490a8ad8b170d0c1943', 'Active'),
(60, 22, 'Lauro', 'V', 'Larlar', 'Male', '1960-04-06', 'Admin', 'CM022_llarlar', 'fecef474dae8978cce73f45afab39889eeea01a3bde4e9209c14216897f940ade727a248cf6347ed1c89c9dacb85a317de8575e660d6a9ec7474dbd63393b85d5e29ef143eb030b10cdbf2d0d41c9c801dfa3ed14bbb7d2aa0', 'Active'),
(61, 22, 'Lenie', 'Datuin', 'Magallanes', 'Female', '1975-06-06', 'Bookkeeper', 'CM022_lmagallanes', '830cfe7b84d4cdc297d1384c9805a4c0d6db674d7fddbdda957809fc41a3c55c30ce8db998fb33bacfa9f6f591fa96d27d92aa10ab809fe34758baf9b799df016fd1f6a0af2df0b4b14a6671a624aa52dd22d2661c6d85868c', 'Active'),
(62, 22, 'Ralph Laureen', '', 'Ciceron', 'Male', '1984-11-20', 'Treasurer', 'CM022_rciceron', '02511367386d2c3b9ea03561b75d7e9ab9d65141a469225c8d2351052bfbf03c5046d277e793605a02f9525bb0ee7e651747529fca8469645dc897883542308cd4b235292c195337ed525da17b474de5f66e8a862a3cc3a18d', 'Active');

-- --------------------------------------------------------

--
-- Table structure for table `generaljournal_account_tbl`
--

CREATE TABLE `generaljournal_account_tbl` (
  `Id` int(11) NOT NULL,
  `GJ_Id` int(11) NOT NULL,
  `Account_Id` int(11) NOT NULL,
  `Debit` double NOT NULL,
  `Credit` double NOT NULL
) ENGINE=InnoDB DEFAULT CHARSET=utf8mb4 COLLATE=utf8mb4_unicode_ci;

--
-- Dumping data for table `generaljournal_account_tbl`
--

INSERT INTO `generaljournal_account_tbl` (`Id`, `GJ_Id`, `Account_Id`, `Debit`, `Credit`) VALUES
(9, 1, 35, 126922.22, 0),
(10, 1, 20, 0, 127503.41),
(11, 1, 39, 11000, 0),
(12, 1, 37, 0, 10418.81),
(23, 2, 35, 109654.8, 0),
(24, 2, 39, 11000, 0),
(25, 2, 37, 0, 0),
(26, 2, 20, 0, 113367.49),
(27, 2, 37, 750, 8037.31),
(32, 3, 39, 11000, 0),
(33, 3, 37, 0, 8037.14),
(34, 3, 35, 106761.23, 0),
(35, 3, 20, 0, 109724.09),
(36, 4, 26, 10000, 0),
(37, 4, 38, 4849.59, 0),
(38, 4, 30, 0, 534456.39),
(39, 4, 32, 3750, 0),
(40, 4, 3, 484678.15, 0),
(41, 4, 37, 31178.65, 0),
(42, 5, 33, 10000, 0),
(43, 5, 30, 0, 534456.39),
(44, 5, 3, 484678.15, 0),
(45, 5, 32, 3750, 0),
(46, 5, 37, 31178.65, 0),
(47, 5, 38, 4849.59, 0),
(48, 6, 1523, 11500, 0),
(49, 6, 1519, 117604.13, 0),
(50, 6, 1502, 0, 119478.56),
(51, 6, 1521, 0, 8563.57),
(52, 6, 1562, 0, 1062),
(53, 7, 1519, 127448.77, 0),
(54, 7, 1521, 0, 8563.57),
(55, 7, 1523, 11500, 0),
(56, 7, 1562, 0, 1062),
(57, 7, 1520, 60849.64, 0),
(58, 7, 1502, 0, 190172.84000000003),
(59, 8, 1519, 63788.94, 0),
(60, 8, 1523, 7000, 0),
(61, 8, 1520, 60849.64, 0),
(62, 8, 1502, 0, 124675.01),
(63, 8, 1521, 0, 6963.57000000002),
(64, 9, 1519, 61750.97, 0),
(65, 9, 1523, 56315, 0),
(66, 9, 1502, 0, 109992.4),
(67, 9, 1521, 0, 8073.57),
(68, 10, 1512, 0, 80.16),
(69, 10, 1486, 80.16, 0),
(70, 11, 1523, 4500, 0),
(71, 11, 1519, 71701.87, 0),
(72, 11, 1521, 0, 3400),
(73, 11, 1502, 0, 71739.87),
(74, 11, 1562, 0, 1062),
(75, 12, 1519, 72599.92, 0),
(76, 12, 1502, 0, 77627.92),
(77, 12, 1523, 7000, 0),
(78, 12, 1521, 0, 910),
(79, 12, 1562, 0, 1062),
(80, 13, 1523, 11500, 0),
(81, 13, 1519, 124082.83, 0),
(82, 13, 1521, 0, 10798.57),
(83, 13, 1562, 0, 2124),
(84, 13, 1502, 0, 122660.26000000002),
(85, 14, 1519, 70828.72, 0),
(86, 14, 1523, 4500, 0),
(87, 14, 1521, 0, 1800),
(88, 14, 1502, 0, 73528.72),
(89, 15, 1519, 58954.65, 0),
(90, 15, 1523, 7000, 0),
(91, 15, 1521, 0, 8436.07),
(92, 15, 1502, 0, 57518.58),
(93, 16, 1519, 76671.8, 0),
(94, 16, 1523, 4500, 0),
(95, 16, 1502, 0, 79371.8),
(96, 16, 1521, 0, 1800),
(97, 17, 1519, 68668.93, 0),
(98, 17, 1502, 0, 67232.86),
(99, 17, 1523, 7000, 0),
(100, 17, 1521, 0, 8436.07),
(101, 18, 1512, 0, 59.81),
(102, 18, 1486, 59.81, 0),
(103, 19, 1523, 4500, 0),
(104, 19, 1519, 68225.84, 0),
(105, 19, 1521, 0, 1800),
(106, 19, 1502, 0, 70925.84),
(107, 20, 1523, 7000, 0),
(108, 20, 1502, 0, 60645.36),
(109, 20, 1519, 62081.43, 0),
(110, 20, 1521, 0, 8436.07),
(111, 21, 1521, 0, 10236.07),
(112, 21, 1523, 11500, 0),
(113, 21, 1519, 136616.23, 0),
(114, 21, 1502, 0, 137880.16),
(115, 22, 1519, 63532.52, 0),
(116, 22, 1523, 4500, 0),
(117, 22, 1521, 0, 1800),
(118, 22, 1502, 0, 66232.51999999999),
(119, 23, 1519, 68733.72, 0),
(120, 23, 1502, 0, 67297.65),
(121, 23, 1523, 7000, 0),
(122, 23, 1521, 0, 8436.07),
(123, 24, 1519, 66253.92, 0),
(124, 24, 1523, 4500, 0),
(125, 24, 1521, 0, 1800),
(126, 24, 1502, 0, 66808.17),
(127, 24, 1562, 0, 2145.75),
(128, 25, 1519, 69056.35, 0),
(129, 25, 1523, 7000, 0),
(130, 25, 1502, 0, 65474.53),
(131, 25, 1521, 0, 8436.07),
(132, 25, 1562, 0, 2145.75),
(133, 26, 1519, 64432.9, 0),
(134, 26, 1523, 4500, 0),
(135, 26, 1521, 0, 1800),
(136, 26, 1502, 0, 67132.9),
(137, 27, 1502, 0, 57842.33),
(138, 27, 1519, 60708.89, 0),
(139, 27, 1521, 0, 8436.07),
(140, 27, 1523, 7000, 0),
(141, 27, 1562, 0, 1430.49),
(142, 28, 1523, 11500, 0),
(143, 28, 1519, 126774.7, 0),
(144, 28, 1502, 0, 125892.88),
(145, 28, 1521, 0, 10236.07),
(146, 28, 1562, 0, 2145.75),
(147, 29, 1519, 61901.03, 0),
(148, 29, 1523, 4500, 0),
(149, 29, 1521, 0, 1600),
(150, 29, 1502, 0, 64801.03),
(151, 30, 1519, 55480.93, 0),
(152, 30, 1502, 0, 101854.77),
(153, 30, 1521, 0, 7936.08),
(154, 30, 1562, 0, 715.26),
(155, 30, 1523, 6500, 0),
(156, 30, 1520, 48525.18, 0),
(157, 31, 1519, 61957.41, 0),
(158, 31, 1523, 4500, 0),
(159, 31, 1502, 0, 136112.58000000002),
(160, 31, 1520, 71255.17, 0),
(161, 31, 1521, 0, 1600),
(162, 32, 1523, 44315, 0),
(163, 32, 1502, 0, 90949.04),
(164, 32, 1521, 0, 7388.32),
(165, 32, 1562, 0, 1430.49),
(166, 32, 1519, 55452.84999999999, 0),
(167, 33, 1519, 67806.97, 0),
(168, 33, 1523, 4500, 0),
(169, 33, 1521, 0, 1600),
(170, 33, 1502, 0, 70706.97),
(171, 34, 1519, 59115.25, 0),
(172, 34, 1523, 6500, 0),
(173, 34, 1502, 0, 56796.44),
(174, 34, 1521, 0, 7388.32),
(175, 34, 1558, 0, 1430.49),
(176, 35, 1519, 57142.26, 0),
(177, 35, 1523, 4500, 0),
(178, 35, 1521, 750, 0),
(179, 35, 1502, 0, 61192.26),
(180, 35, 1521, 0, 1200),
(181, 36, 1519, 52512.54, 0),
(182, 36, 1523, 6500, 0),
(183, 36, 1521, 0, 5406.82),
(184, 36, 1562, 0, 1430.49),
(185, 36, 1502, 0, 52175.23),
(186, 37, 1519, 51110.08, 0),
(187, 37, 1521, 0, 1200),
(188, 37, 1523, 4500, 0),
(189, 37, 1502, 0, 54410.08),
(190, 38, 1523, 6500, 0),
(191, 38, 1502, 0, 55314.01),
(192, 38, 1519, 55651.15, 0),
(193, 38, 1521, 0, 5406.82),
(194, 38, 1562, 0, 1430.32),
(208, 39, 1587, 0, 1148897.72),
(209, 39, 1589, 0, 41666.67),
(210, 39, 1573, 0, 180250),
(211, 39, 1593, 0, 61635.05),
(212, 39, 1575, 0, 28500),
(213, 39, 1594, 0, 79124.25),
(214, 39, 1601, 0, 23.27),
(215, 39, 1591, 0, 132412.13),
(216, 39, 1606, 0, 1000),
(217, 39, 1571, 0, 4098.46),
(218, 39, 1573, 0, 5200),
(219, 39, 1595, 0, 17500),
(220, 39, 1568, 1700307.5499999998, 0),
(221, 40, 1608, 11105.66, 0),
(222, 40, 1606, 1000, 0),
(223, 40, 1617, 14689.24, 0),
(224, 40, 1621, 4887, 0),
(225, 40, 1622, 550, 0),
(226, 40, 1623, 1107, 0),
(227, 40, 1626, 41335.7, 0),
(228, 40, 1609, 15671.6, 0),
(229, 40, 1625, 18742.94, 0),
(230, 40, 1640, 45208.52, 0),
(231, 40, 1631, 31580, 0),
(232, 40, 1610, 16889.73, 0),
(233, 40, 1642, 7500, 0),
(234, 40, 1618, 33624.75, 0),
(235, 40, 1611, 37778.11, 0),
(236, 40, 1616, 16406.62, 0),
(237, 40, 1604, 87942, 0),
(238, 40, 1605, 13500, 0),
(239, 40, 1602, 769797.92, 0),
(240, 40, 1620, 43170.8, 0),
(241, 40, 1624, 2000, 0),
(242, 40, 1630, 42500, 0),
(243, 40, 1636, 10400, 0),
(244, 40, 1638, 6675, 0),
(245, 40, 1632, 10639.75, 0),
(246, 40, 1637, 4000, 0),
(247, 40, 1619, 27500, 0),
(248, 40, 1568, 0, 1354484.47),
(249, 40, 1615, 38282.13, 0),
(265, 41, 1587, 0, 1148897.72),
(266, 41, 1593, 0, 39226.5),
(267, 41, 1600, 0, 400),
(268, 41, 1575, 0, 28500),
(269, 41, 1596, 0, 5500),
(270, 41, 1589, 0, 41666.67),
(271, 41, 1591, 0, 118567.63),
(272, 41, 1594, 0, 104175),
(273, 41, 1595, 0, 3000),
(274, 41, 1570, 0, 660),
(275, 41, 1601, 0, 22.55),
(276, 41, 1592, 0, 14500),
(277, 41, 1573, 0, 23034.01),
(278, 41, 1571, 0, 6955.97),
(279, 41, 1568, 1535106.05, 0),
(280, 42, 1645, 500, 0),
(281, 42, 1570, 20267.88, 0),
(282, 42, 1580, 43354.25, 0),
(283, 42, 1577, 5113.65, 0),
(284, 42, 1573, 22234.01, 0),
(285, 42, 1605, 13500, 0),
(286, 42, 1644, 14209.5, 0),
(287, 42, 1604, 88350.59, 0),
(288, 42, 1575, 28500, 0),
(289, 42, 1602, 622919.21, 0),
(290, 42, 1606, 500, 0),
(291, 42, 1615, 37144.48, 0),
(292, 42, 1609, 15671.6, 0),
(293, 42, 1608, 11105.66, 0),
(294, 42, 1610, 16889.73, 0),
(295, 42, 1618, 41911.52, 0),
(296, 42, 1616, 15919.06, 0),
(297, 42, 1632, 14488.21, 0),
(298, 42, 1624, 2190, 0),
(299, 42, 1611, 86534.1, 0),
(300, 42, 1619, 27500, 0),
(301, 42, 1620, 8733.57, 0),
(302, 42, 1642, 7500, 0),
(303, 42, 1617, 52127.5, 0),
(304, 42, 1621, 2709, 0),
(305, 42, 1631, 57364.5, 0),
(306, 42, 1634, 7109.2, 0),
(307, 42, 1626, 26930.64, 0),
(308, 42, 1625, 18742.94, 0),
(309, 42, 1630, 40300, 0),
(310, 42, 1622, 2500, 0),
(311, 42, 1623, 877, 0),
(312, 42, 1636, 2599, 0),
(313, 42, 1637, 1339, 0),
(314, 42, 1568, 0, 1357635.7999999998),
(315, 43, 1589, 0, 41666.67),
(316, 43, 1591, 0, 239820.24),
(317, 43, 1593, 0, 176463.2),
(318, 43, 1592, 0, 18000),
(319, 43, 1573, 0, 58619.53),
(320, 43, 1587, 0, 1356897.72),
(321, 43, 1596, 0, 11000),
(322, 43, 1594, 0, 62244),
(323, 43, 1595, 0, 10000),
(324, 43, 1597, 0, 8025),
(325, 43, 1601, 0, 21.64),
(326, 43, 1575, 0, 28500),
(327, 43, 1577, 0, 7558.96),
(328, 43, 1568, 2018816.9599999997, 0),
(329, 44, 1644, 2685, 0),
(330, 44, 1575, 28500, 0),
(331, 44, 1646, 34450, 0),
(332, 44, 1645, 1512, 0),
(333, 44, 1607, 265274.67, 0),
(334, 44, 1609, 29047.12, 0),
(335, 44, 1604, 85741.4, 0),
(336, 44, 1577, 43145.06, 0),
(337, 44, 1608, 42315.23, 0),
(338, 44, 1624, 2370, 0),
(339, 44, 1602, 449472.5, 0),
(340, 44, 1617, 92325.26, 0),
(341, 44, 1626, 26764.42, 0),
(342, 44, 1632, 11358.5, 0),
(343, 44, 1638, 500, 0),
(344, 44, 1619, 52500, 0),
(345, 44, 1611, 56768.74, 0),
(346, 44, 1618, 15278.25, 0),
(347, 44, 1610, 16889.73, 0),
(348, 44, 1637, 7000, 0),
(349, 44, 1620, 27542.2, 0),
(350, 44, 1623, 16996.75, 0),
(351, 44, 1625, 11242.34, 0),
(352, 44, 1630, 24900, 0),
(353, 44, 1631, 47455.5, 0),
(354, 44, 1642, 7500, 0),
(355, 44, 1615, 7301.75, 0),
(356, 44, 1638, 500, 0),
(357, 44, 1568, 0, 1407336.42),
(358, 45, 1587, 0, 1148897.72),
(359, 45, 1589, 0, 41666.67),
(360, 45, 1593, 0, 60270.35),
(361, 45, 1592, 0, 35000),
(362, 45, 1594, 0, 116453.34),
(363, 45, 1591, 0, 141500),
(364, 45, 1596, 0, 5000),
(365, 45, 1573, 0, 23594.72),
(366, 45, 1570, 0, 119025.28),
(367, 45, 1575, 0, 28500),
(368, 45, 1600, 0, 25),
(369, 45, 1601, 0, 34.14),
(370, 45, 1641, 0, 588000),
(371, 45, 1571, 0, 7221.15),
(372, 45, 1568, 2336299.57, 0),
(373, 45, 1574, 0, 21111.2),
(374, 46, 1575, 28500, 0),
(375, 46, 1602, 543186.07, 0),
(376, 46, 1644, 20094, 0),
(377, 46, 1611, 54057.05, 0),
(378, 46, 1645, 60000, 0),
(379, 46, 1616, 14649.12, 0),
(380, 46, 1580, 11100, 0),
(381, 46, 1619, 47500, 0),
(382, 46, 1617, 59511.78, 0),
(383, 46, 1618, 22243.5, 0),
(384, 46, 1570, 97849.4, 0),
(385, 46, 1624, 2328, 0),
(386, 46, 1621, 8182.07, 0),
(387, 46, 1574, 21111.2, 0),
(388, 46, 1604, 87248, 0),
(389, 46, 1573, 22033.43, 0),
(390, 46, 1577, 5940.78, 0),
(391, 46, 1634, 33340, 0),
(392, 46, 1625, 39006.41, 0),
(393, 46, 1608, 12769.66, 0),
(394, 46, 1632, 18826, 0),
(395, 46, 1610, 16889.73, 0),
(396, 46, 1609, 15671.6, 0),
(397, 46, 1615, 34181.31, 0),
(398, 46, 1640, 990, 0),
(399, 46, 1637, 18553, 0),
(400, 46, 1641, 202150.6, 0),
(401, 46, 1620, 8182.07, 0),
(402, 46, 1626, 1593, 0),
(403, 46, 1622, 23602, 0),
(404, 46, 1623, 3790, 0),
(405, 46, 1630, 49900, 0),
(406, 46, 1627, 40500, 0),
(407, 46, 1642, 7500, 0),
(408, 46, 1638, 2010, 0),
(409, 46, 1605, 24000, 0),
(410, 46, 1568, 0, 1658989.78),
(441, 47, 1587, 0, 1148897.72),
(442, 47, 1592, 0, 15500),
(443, 47, 1593, 0, 47676.75),
(444, 47, 1589, 0, 41666.67),
(445, 47, 1591, 0, 161000.37),
(446, 47, 1597, 0, 50),
(447, 47, 1570, 0, 6966.5),
(448, 47, 1575, 0, 23500),
(449, 47, 1596, 0, 14500),
(450, 47, 1571, 0, 7221.15),
(451, 47, 1595, 0, 27770),
(452, 47, 1573, 0, 16000),
(453, 47, 1594, 0, 85071.86),
(454, 47, 1601, 0, 40.34),
(455, 47, 1568, 1595861.3599999999, 0),
(456, 48, 1577, 7221.15, 0),
(457, 48, 1604, 80082.2, 0),
(458, 48, 1573, 37066.86, 0),
(459, 48, 1605, 12000, 0),
(460, 48, 1570, 8641.3, 0),
(461, 48, 1575, 28500, 0),
(462, 48, 1602, 693385.77, 0),
(463, 48, 1606, 500, 0),
(464, 48, 1609, 16462, 0),
(465, 48, 1571, 9750, 0),
(466, 48, 1612, 2190, 0),
(467, 48, 1644, 67870, 0),
(468, 48, 1615, 41116.1, 0),
(469, 48, 1617, 27550, 0),
(470, 48, 1616, 17621.18, 0),
(471, 48, 1625, 15823.94, 0),
(472, 48, 1624, 10689, 0),
(473, 48, 1634, 636.6, 0),
(474, 48, 1642, 7500, 0),
(475, 48, 1632, 6918.9, 0),
(476, 48, 1610, 16889.73, 0),
(477, 48, 1637, 2485, 0),
(478, 48, 1619, 22500, 0),
(479, 48, 1608, 10846.66, 0),
(480, 48, 1630, 35780, 0),
(481, 48, 1640, 16165.4, 0),
(482, 48, 1611, 53976.55, 0),
(483, 48, 1623, 5695, 0),
(484, 48, 1618, 21569.6, 0),
(485, 48, 1620, 53325.85, 0),
(486, 48, 1621, 3600, 0),
(487, 48, 1626, 35703.69, 0),
(488, 48, 1636, 15000, 0),
(489, 48, 1638, 3520, 0),
(490, 48, 1568, 0, 1388582.48),
(491, 49, 1589, 0, 41666.67),
(492, 49, 1587, 0, 1183932.72),
(493, 49, 1593, 0, 58476.1),
(494, 49, 1596, 0, 8112.48),
(495, 49, 1601, 0, 40.13),
(496, 49, 1595, 0, 51239.15),
(497, 49, 1591, 0, 182387.75),
(498, 49, 1570, 0, 2639.2),
(499, 49, 1568, 1622682.0999999996, 0),
(500, 49, 1575, 0, 26500),
(501, 49, 1577, 0, 16971.15),
(502, 49, 1600, 0, 7316.75),
(503, 49, 1574, 0, 2000),
(504, 49, 1594, 0, 29400),
(505, 49, 1573, 0, 12000),
(506, 50, 1644, 55503, 0),
(507, 50, 1573, 0, 0),
(508, 50, 1575, 23500, 0),
(509, 50, 1577, 7221.15, 0),
(510, 50, 1570, 2000, 0),
(511, 50, 1604, 107892.19, 0),
(512, 50, 1608, 12849.6, 0),
(513, 50, 1602, 655318.79, 0),
(514, 50, 1615, 37682.55, 0),
(515, 50, 1642, 7500, 0),
(516, 50, 1620, 49635, 0),
(517, 50, 1640, 77916.41, 0),
(518, 50, 1574, 2000, 0),
(519, 50, 1618, 19559.6, 0),
(520, 50, 1619, 47500, 0),
(521, 50, 1622, 130, 0),
(522, 50, 1631, 1072, 0),
(523, 50, 1637, 1185, 0),
(524, 50, 1611, 52755.91, 0),
(525, 50, 1609, 15629, 0),
(526, 50, 1638, 3140, 0),
(527, 50, 1616, 16149.66, 0),
(528, 50, 1623, 1769, 0),
(529, 50, 1610, 16889.73, 0),
(530, 50, 1625, 16311.71, 0),
(531, 50, 1630, 29000, 0),
(532, 50, 1626, 26618, 0),
(533, 50, 1605, 12000, 0),
(534, 50, 1617, 9307.5, 0),
(535, 50, 1632, 15314, 0),
(536, 50, 1568, 0, 1323349.7999999998),
(537, 51, 1568, 1631988.0399999998, 0),
(538, 51, 1587, 0, 1160977.72),
(539, 51, 1589, 0, 41666.67),
(540, 51, 1591, 0, 139000.32),
(541, 51, 1593, 0, 92511.9),
(542, 51, 1595, 0, 7469.5),
(543, 51, 1596, 0, 17500),
(544, 51, 1600, 0, 3000),
(545, 51, 1601, 0, 40.78),
(546, 51, 1570, 0, 16000),
(547, 51, 1645, 0, 5000),
(548, 51, 1626, 0, 25500),
(549, 51, 1573, 0, 21300),
(550, 51, 1577, 0, 21996.15),
(551, 51, 1594, 0, 80025),
(552, 52, 1644, 10789.05, 0),
(553, 52, 1646, 2770, 0),
(554, 52, 1570, 26238.58, 0),
(555, 52, 1573, 10000, 0),
(556, 52, 1575, 26500, 0),
(557, 52, 1577, 21996.15, 0),
(558, 52, 1602, 538777.78, 0),
(559, 52, 1604, 96475.09, 0),
(560, 52, 1605, 12000, 0),
(561, 52, 1608, 13169.75, 0),
(562, 52, 1609, 15629, 0),
(563, 52, 1610, 16889.73, 0),
(564, 52, 1611, 60625.89, 0),
(565, 52, 1615, 32266.26, 0),
(566, 52, 1616, 13828.39, 0),
(567, 52, 1617, 28471, 0),
(568, 52, 1618, 89543.25, 0),
(569, 52, 1619, 32500, 0),
(570, 52, 1621, 24865, 0),
(571, 52, 1620, 68212.5, 0),
(572, 52, 1622, 23040, 0),
(573, 52, 1623, 5510, 0),
(574, 52, 1624, 3296, 0),
(575, 52, 1625, 17469.94, 0),
(576, 52, 1626, 14220.55, 0),
(577, 52, 1630, 35400, 0),
(578, 52, 1631, 80000, 0),
(579, 52, 1632, 17965, 0),
(580, 52, 1633, 65000, 0),
(581, 52, 1634, 12004, 0),
(582, 52, 1636, 20000, 0),
(583, 52, 1637, 1000, 0),
(584, 52, 1640, 22008.48, 0),
(585, 52, 1642, 7500, 0),
(586, 52, 1568, 0, 1465961.39),
(587, 53, 1568, 1708576.98, 0),
(588, 53, 1587, 0, 1160977.72),
(589, 53, 1589, 0, 41666.67),
(590, 53, 1591, 0, 159000.68),
(591, 53, 1592, 0, 4000),
(592, 53, 1593, 0, 48302.75),
(593, 53, 1594, 0, 43640),
(594, 53, 1595, 0, 34300),
(595, 53, 1596, 0, 29387.52),
(596, 53, 1600, 0, 3000),
(597, 53, 1601, 0, 22.79),
(598, 53, 1570, 0, 56349.35),
(599, 53, 1645, 0, 2500),
(600, 53, 1575, 0, 28000),
(601, 53, 1573, 0, 91650),
(602, 53, 1577, 0, 5779.5),
(603, 54, 1645, 35000, 0),
(604, 54, 1573, 13650, 0),
(605, 54, 1575, 25500, 0),
(606, 54, 1577, 7221.15, 0),
(607, 54, 1602, 588990.01, 0),
(608, 54, 1604, 100971, 0),
(609, 54, 1606, 8898.15, 0),
(610, 54, 1609, 15629, 0),
(611, 54, 1608, 21539.6, 0),
(612, 54, 1610, 16889.73, 0),
(613, 54, 1611, 80293, 0),
(614, 54, 1612, 239, 0),
(615, 54, 1615, 21539.6, 0),
(616, 54, 1616, 15629, 0),
(617, 54, 1617, 23871, 0),
(618, 54, 1618, 9669.03, 0),
(619, 54, 1619, 7500, 0),
(620, 54, 1620, 65530.5, 0),
(621, 54, 1622, 21131, 0),
(622, 54, 1623, 15233.33, 0),
(623, 54, 1624, 2000, 0),
(624, 54, 1625, 3867.94, 0),
(625, 54, 1626, 30262.85, 0),
(626, 54, 1630, 16490, 0),
(627, 54, 1631, 321932, 0),
(628, 54, 1632, 12252.5, 0),
(629, 54, 1633, 66000, 0),
(630, 54, 1634, 27937, 0),
(631, 54, 1636, 20000, 0),
(632, 54, 1637, 11500, 0),
(633, 54, 1640, 13961.72, 0),
(634, 54, 1642, 7500, 0),
(635, 54, 1568, 0, 1628628.11),
(636, 55, 1568, 1673631.3699999999, 0),
(637, 55, 1587, 0, 1171917.72),
(638, 55, 1589, 0, 41666.67),
(639, 55, 1591, 0, 73000),
(640, 55, 1592, 0, 78750),
(641, 55, 1593, 0, 61846.6),
(642, 55, 1594, 0, 107020),
(643, 55, 1595, 0, 19980),
(644, 55, 1596, 0, 8000),
(645, 55, 1600, 0, 7300),
(646, 55, 1601, 0, 54.27),
(647, 55, 1645, 0, 1000),
(648, 55, 1570, 0, 19468.75),
(649, 55, 1574, 0, 8709.44),
(650, 55, 1575, 0, 65000),
(651, 55, 1573, 0, 5000),
(652, 55, 1577, 0, 4917.92),
(653, 56, 1570, 26764.75, 0),
(654, 56, 1572, 94500, 0),
(655, 56, 1573, 8500, 0),
(656, 56, 1577, 1015.19, 0),
(657, 56, 1602, 315053.68, 0),
(658, 56, 1603, 7523.12, 0),
(659, 56, 1604, 233485.74, 0),
(660, 56, 1606, 500, 0),
(661, 56, 1608, 14581.8, 0),
(662, 56, 1609, 12195.5, 0),
(663, 56, 1610, 16889.73, 0),
(664, 56, 1611, 49622.73, 0),
(665, 56, 1615, 18976.15, 0),
(666, 56, 1616, 11048.76, 0),
(667, 56, 1617, 58237, 0),
(668, 56, 1618, 31029.5, 0),
(669, 56, 1619, 50000, 0),
(670, 56, 1620, 28239.25, 0),
(671, 56, 1621, 33140, 0),
(672, 56, 1622, 4186, 0),
(673, 56, 1623, 4978.5, 0),
(674, 56, 1625, 29393.94, 0),
(675, 56, 1626, 22066.85, 0),
(676, 56, 1629, 67470, 0),
(677, 56, 1630, 1800, 0),
(678, 56, 1632, 8142.5, 0),
(679, 56, 1637, 789.6, 0),
(680, 56, 1638, 585, 0),
(681, 56, 1640, 12868.57, 0),
(682, 56, 1642, 7500, 0),
(683, 56, 1568, 0, 1171083.8600000003),
(684, 57, 1568, 1741333.27, 0),
(685, 57, 1587, 0, 1166917.72),
(686, 57, 1589, 0, 41666.67),
(687, 57, 1591, 0, 363000.83),
(688, 57, 1592, 0, 2500),
(689, 57, 1593, 0, 36003.8),
(690, 57, 1594, 0, 17112),
(691, 57, 1595, 0, 45934.5),
(692, 57, 1596, 0, 14500),
(693, 57, 1600, 0, 1825),
(694, 57, 1601, 0, 75.62),
(695, 57, 1645, 0, 1000),
(696, 57, 1570, 0, 1970),
(697, 57, 1575, 0, 48000),
(698, 57, 1577, 0, 827.13),
(699, 58, 1569, 7562, 0),
(700, 58, 1575, 56500, 0),
(701, 58, 1577, 4729.86, 0),
(702, 58, 1602, 416334.11, 0),
(703, 58, 1603, 18825, 0),
(704, 58, 1604, 182300.93, 0),
(705, 58, 1609, 12449.5, 0),
(706, 58, 1608, 23913.6, 0),
(707, 58, 1610, 16889.73, 0),
(708, 58, 1611, 31068.53, 0),
(709, 58, 1614, 33200, 0),
(710, 58, 1615, 13754.49, 0),
(711, 58, 1616, 15390.87, 0),
(712, 58, 1617, 20800.2, 0),
(713, 58, 1618, 48226.71, 0),
(714, 58, 1619, 25000, 0),
(715, 58, 1620, 95634.59, 0),
(716, 58, 1622, 1500, 0),
(717, 58, 1621, 21110, 0),
(718, 58, 1623, 1998.5, 0),
(719, 58, 1625, 24843.94, 0),
(720, 58, 1626, 53307.63, 0),
(721, 58, 1629, 109075, 0),
(722, 58, 1630, 1800, 0),
(723, 58, 1632, 10681, 0),
(724, 58, 1634, 18448, 0),
(725, 58, 1638, 2610, 0),
(726, 58, 1642, 7500, 0),
(727, 58, 1568, 0, 1275454.1899999997),
(728, 59, 1568, 1630370.95, 0),
(729, 59, 1587, 0, 1211917.72),
(730, 59, 1589, 0, 41666.67),
(731, 59, 1591, 0, 128500),
(732, 59, 1592, 0, 33500),
(733, 59, 1593, 0, 57432.45),
(734, 59, 1594, 0, 52490),
(735, 59, 1595, 0, 3700),
(736, 59, 1597, 0, 14894),
(737, 59, 1600, 0, 11500),
(738, 59, 1601, 0, 88.25),
(739, 59, 1645, 0, 1000),
(740, 59, 1569, 0, 8522),
(741, 59, 1575, 0, 56500),
(742, 59, 1573, 0, 3930),
(743, 59, 1577, 0, 4729.86),
(744, 60, 1569, 960, 0),
(745, 60, 1573, 2930, 0),
(746, 60, 1575, 56500, 0),
(747, 60, 1577, 4729.86, 0),
(748, 60, 1602, 547670.49, 0),
(749, 60, 1603, 38074.25, 0),
(750, 60, 1604, 211391.31, 0),
(751, 60, 1605, 86850, 0),
(752, 60, 1606, 1500, 0),
(753, 60, 1608, 15568.75, 0),
(754, 60, 1609, 12449.5, 0),
(755, 60, 1610, 16889.73, 0),
(756, 60, 1611, 39132.69, 0),
(757, 60, 1612, 8810, 0),
(758, 60, 1615, 2221, 0),
(759, 60, 1617, 12454.5, 0),
(760, 60, 1618, 80409.82, 0),
(761, 60, 1619, 70000, 0),
(762, 60, 1622, 34540, 0),
(763, 60, 1620, 17521, 0),
(764, 60, 1621, 2500, 0),
(765, 60, 1623, 5478.04, 0),
(766, 60, 1625, 41544.13, 0),
(767, 60, 1626, 37457.08, 0),
(768, 60, 1629, 49839.38, 0),
(769, 60, 1630, 2800, 0),
(770, 60, 1631, 8500, 0),
(771, 60, 1632, 20715, 0),
(772, 60, 1634, 18812, 0),
(773, 60, 1638, 3000, 0),
(774, 60, 1642, 7500, 0),
(775, 60, 1568, 0, 1458748.5299999998),
(776, 61, 1568, 1886927.1400000001, 0),
(777, 61, 1587, 0, 1166917.72),
(778, 61, 1589, 0, 41666.67),
(779, 61, 1590, 0, 216000),
(780, 61, 1591, 0, 194795.32),
(781, 61, 1592, 0, 24000),
(782, 61, 1593, 0, 61470),
(783, 61, 1594, 0, 57160),
(784, 61, 1595, 0, 5700),
(785, 61, 1596, 0, 21500),
(786, 61, 1597, 0, 200),
(787, 61, 1600, 0, 2400),
(788, 61, 1601, 0, 91.07),
(789, 61, 1599, 0, 20546.5),
(790, 61, 1645, 0, 1000),
(791, 61, 1575, 0, 56500),
(792, 61, 1573, 0, 12250),
(793, 61, 1577, 0, 4729.86),
(794, 62, 1572, 216000, 0),
(795, 62, 1575, 56500, 0),
(796, 62, 1573, 17750, 0),
(797, 62, 1577, 4729.86, 0),
(798, 62, 1602, 611450.18, 0),
(799, 62, 1603, 66458.74, 0),
(800, 62, 1605, 73550, 0),
(801, 62, 1604, 214392.27, 0),
(802, 62, 1607, 8146.67, 0),
(803, 62, 1608, 14581.8, 0),
(804, 62, 1609, 13555, 0),
(805, 62, 1612, 3130, 0),
(806, 62, 1615, 14581.8, 0),
(807, 62, 1616, 13555, 0),
(808, 62, 1610, 16889.73, 0),
(809, 62, 1611, 55037.93, 0),
(810, 62, 1617, 44934.92, 0),
(811, 62, 1618, 61292.55, 0),
(812, 62, 1619, 30000, 0),
(813, 62, 1620, 12375.85, 0),
(814, 62, 1621, 1300, 0),
(815, 62, 1622, 860, 0),
(816, 62, 1623, 35894.52, 0),
(817, 62, 1624, 7334, 0),
(818, 62, 1625, 31949.13, 0),
(819, 62, 1626, 30228.53, 0),
(820, 62, 1629, 51173.8, 0),
(821, 62, 1630, 3990, 0),
(822, 62, 1631, 29920.44, 0),
(823, 62, 1632, 10375, 0),
(824, 62, 1634, 9000, 0),
(825, 62, 1642, 7500, 0),
(826, 62, 1568, 0, 1768437.72),
(827, 63, 1568, 3073532.7800000003, 0),
(828, 63, 1587, 0, 2464417.72),
(829, 63, 1589, 0, 41666.67),
(830, 63, 1591, 0, 310200.38),
(831, 63, 1592, 0, 11651.31),
(832, 63, 1593, 0, 47566.25),
(833, 63, 1594, 0, 59165),
(834, 63, 1595, 0, 32000),
(835, 63, 1596, 0, 21000),
(836, 63, 1599, 0, 9602.5),
(837, 63, 1600, 0, 1800),
(838, 63, 1601, 0, 111.47),
(839, 63, 1645, 0, 1000),
(840, 63, 1575, 0, 56500),
(841, 63, 1573, 0, 7500),
(842, 63, 1577, 0, 9351.48),
(843, 64, 1579, 525350, 0),
(844, 64, 1571, 7140, 0),
(845, 64, 1573, 7500, 0),
(846, 64, 1575, 56500, 0),
(847, 64, 1577, 4524.71, 0),
(848, 64, 1603, 61690.7, 0),
(849, 64, 1602, 697091.4, 0),
(850, 64, 1604, 210547.85, 0),
(851, 64, 1605, 78250, 0),
(852, 64, 1606, 1000, 0),
(853, 64, 1608, 14581.8, 0),
(854, 64, 1609, 10594, 0),
(855, 64, 1610, 16889.73, 0),
(856, 64, 1611, 13209.54, 0),
(857, 64, 1612, 2840, 0),
(858, 64, 1614, 13800, 0),
(859, 64, 1617, 58031.84, 0),
(860, 64, 1618, 47952.79, 0),
(861, 64, 1619, 45000, 0),
(862, 64, 1620, 26142.6, 0),
(863, 64, 1623, 2644, 0),
(864, 64, 1624, 2899, 0),
(865, 64, 1625, 26157, 0),
(866, 64, 1626, 26086.94, 0),
(867, 64, 1629, 49281.25, 0),
(868, 64, 1630, 3300, 0),
(869, 64, 1631, 29235, 0),
(870, 64, 1632, 24688, 0),
(871, 64, 1634, 19792.04, 0),
(872, 64, 1637, 1200, 0),
(873, 64, 1638, 7600, 0),
(874, 64, 1640, 3250, 0),
(875, 64, 1642, 7500, 0),
(876, 64, 1568, 0, 2102270.1900000004),
(877, 65, 1568, 2854815.08, 0),
(878, 65, 1587, 0, 2377535.44),
(879, 65, 1589, 0, 83333.34),
(880, 65, 1591, 0, 167000),
(881, 65, 1593, 0, 50055.45),
(882, 65, 1594, 0, 82893.25),
(883, 65, 1595, 0, 3635),
(884, 65, 1596, 0, 3000),
(885, 65, 1599, 0, 20456),
(886, 65, 1600, 0, 1000),
(887, 65, 1601, 0, 117.12),
(888, 65, 1645, 0, 1000),
(889, 65, 1570, 0, 3078),
(890, 65, 1575, 0, 56500),
(891, 65, 1573, 0, 3000),
(892, 65, 1577, 0, 2211.48),
(893, 66, 1579, 563250, 0),
(894, 66, 1578, 82027.75, 0),
(895, 66, 1570, 3078, 0),
(896, 66, 1573, 5500, 0),
(897, 66, 1574, 77916.43, 0),
(898, 66, 1575, 56500, 0),
(899, 66, 1577, 2211.48, 0),
(900, 66, 1602, 564698, 0),
(901, 66, 1603, 39798.29, 0),
(902, 66, 1604, 212477.58, 0),
(903, 66, 1605, 74000, 0),
(904, 66, 1606, 10650, 0),
(905, 66, 1607, 9168.25, 0),
(906, 66, 1608, 39717.12, 0),
(907, 66, 1609, -6914, 0),
(908, 66, 1610, 33779.46, 0),
(909, 66, 1611, 54735.75, 0),
(910, 66, 1616, 29689.8, 0),
(911, 66, 1615, 43166.3, 0),
(912, 66, 1617, 52186.92, 0),
(913, 66, 1618, 58533.25, 0),
(914, 66, 1619, 25000, 0),
(915, 66, 1620, 3579, 0),
(916, 66, 1621, 23730, 0),
(917, 66, 1623, 350, 0),
(918, 66, 1625, 19187.13, 0),
(919, 66, 1626, 50635.95, 0),
(920, 66, 1629, 34456.26, 0),
(921, 66, 1630, 2000, 0),
(922, 66, 1631, 23446, 0),
(923, 66, 1632, 26247, 0),
(924, 66, 1637, 1000, 0),
(925, 66, 1642, 15000, 0),
(926, 66, 1568, 0, 2230801.7199999997),
(927, 67, 1568, 858732.4, 0),
(928, 67, 1587, 0, 125000),
(929, 67, 1591, 0, 274500.91),
(930, 67, 1594, 0, 18000),
(931, 67, 1594, 0, 100963),
(932, 67, 1593, 0, 205562.33),
(933, 67, 1595, 0, 4400),
(934, 67, 1599, 0, 22809.25),
(935, 67, 1600, 0, 1400),
(936, 67, 1601, 0, 94.38),
(937, 67, 1645, 0, 1000),
(938, 67, 1575, 0, 56500),
(939, 67, 1573, 0, 46291.05),
(940, 67, 1577, 0, 2211.48),
(941, 68, 1578, 76972, 0),
(942, 68, 1579, 217462.5, 0),
(943, 68, 1575, 82500, 0),
(944, 68, 1577, 3038.61, 0),
(945, 68, 1603, 30660, 0),
(946, 68, 1602, 552013.45, 0),
(947, 68, 1604, 210594.57, 0),
(948, 68, 1605, 76625, 0),
(949, 68, 1606, 500, 0),
(950, 68, 1607, 434354, 0),
(951, 68, 1609, 10974, 0),
(952, 68, 1608, 13059.85, 0),
(953, 68, 1611, 49748.57, 0),
(954, 68, 1612, 647, 0),
(955, 68, 1614, 840, 0),
(956, 68, 1613, 5665, 0),
(957, 68, 1615, 27653.9, 0),
(958, 68, 1616, 18435.92, 0),
(959, 68, 1617, 106208.25, 0),
(960, 68, 1618, 97631.54, 0),
(961, 68, 1619, 245500, 0),
(962, 68, 1622, 5070, 0),
(963, 68, 1620, 13909.5, 0),
(964, 68, 1623, 21499, 0),
(965, 68, 1624, 20720, 0),
(966, 68, 1625, 36907.13, 0),
(967, 68, 1626, 89761.11, 0),
(968, 68, 1627, 33600, 0),
(969, 68, 1628, 67500, 0),
(970, 68, 1629, 35650, 0),
(971, 68, 1630, 3480, 0),
(972, 68, 1631, 24000, 0),
(973, 68, 1632, 19408, 0),
(974, 68, 1637, 44117.5, 0),
(975, 68, 1638, 530, 0),
(976, 68, 1641, 1920, 0),
(977, 68, 1568, 0, 2679156.4),
(978, 69, 1568, 2390095.1399999997, 0),
(979, 69, 1588, 0, 359062.5),
(980, 69, 1587, 0, 1166517.72),
(981, 69, 1589, 0, 41666.67),
(982, 69, 1591, 0, 475000),
(983, 69, 1594, 0, 173809.25),
(984, 69, 1593, 0, 64681.5),
(985, 69, 1595, 0, 28500),
(986, 69, 1597, 0, 9625),
(987, 69, 1599, 0, 7007),
(988, 69, 1600, 0, 1000),
(989, 69, 1601, 0, 94.35),
(990, 69, 1645, 0, 1000),
(991, 69, 1575, 0, 56500),
(992, 69, 1573, 0, 4246.8),
(993, 69, 1577, 0, 1384.35),
(994, 70, 1579, 402500, 0),
(995, 70, 1578, 10182, 0),
(996, 70, 1573, 42291.05, 0),
(997, 70, 1626, 30500, 0),
(998, 70, 1577, 1384.35, 0),
(999, 70, 1602, 490848.47, 0),
(1000, 70, 1603, 31608.65, 0),
(1001, 70, 1604, 222399.67, 0),
(1002, 70, 1605, 72950, 0),
(1003, 70, 1606, 500, 0),
(1004, 70, 1608, 12506.1, 0),
(1005, 70, 1609, 10635.25, 0),
(1006, 70, 1610, 16889.73, 0),
(1007, 70, 1611, 56392.85, 0),
(1008, 70, 1614, 27000, 0),
(1009, 70, 1616, 34268.06, 0),
(1010, 70, 1615, 51402.11, 0),
(1011, 70, 1617, 41906.88, 0),
(1012, 70, 1618, 59511.23, 0),
(1013, 70, 1619, 25000, 0),
(1014, 70, 1620, 7320.5, 0),
(1015, 70, 1622, 460, 0),
(1016, 70, 1623, 2655, 0),
(1017, 70, 1625, 21290.13, 0),
(1018, 70, 1626, 29946.66, 0),
(1019, 70, 1629, 45050, 0),
(1020, 70, 1630, 2000, 0),
(1021, 70, 1631, 9975, 0),
(1022, 70, 1632, 12680, 0),
(1023, 70, 1634, 41119.6, 0),
(1024, 70, 1636, 87500, 0),
(1025, 70, 1637, 1000, 0),
(1026, 70, 1640, 3710, 0),
(1027, 70, 1641, 9180, 0),
(1028, 70, 1642, 7500, 0),
(1029, 70, 1568, 0, 1922063.29),
(1030, 71, 1568, 1991462.4600000002, 0),
(1031, 71, 1587, 0, 1166517.72),
(1032, 71, 1589, 0, 41666.67),
(1033, 71, 1588, 0, 359062.5),
(1034, 71, 1591, 0, 126800),
(1035, 71, 1592, 0, 11674.76),
(1036, 71, 1594, 0, 82381),
(1037, 71, 1593, 0, 48923.55),
(1038, 71, 1595, 0, 17750),
(1039, 71, 1596, 0, 600),
(1040, 71, 1599, 0, 10502),
(1041, 71, 1601, 0, 83.87),
(1042, 71, 1645, 0, 1000),
(1043, 71, 1570, 0, 52116.04),
(1044, 71, 1575, 0, 56500),
(1045, 71, 1573, 0, 14500),
(1046, 71, 1577, 0, 1384.35),
(1050, 72, 1578, 136900, 0),
(1051, 72, 1579, 315812.5, 0),
(1052, 72, 1646, 3229.23, 0),
(1053, 72, 1647, 183595, 0),
(1054, 72, 1570, 52116.04, 0),
(1055, 72, 1575, 56500, 0),
(1056, 72, 1577, 1384.35, 0),
(1057, 72, 1602, 647266.72, 0),
(1058, 72, 1604, 224456.77, 0),
(1059, 72, 1605, 88400, 0),
(1060, 72, 1606, 500, 0),
(1061, 72, 1608, 14008.6, 0),
(1062, 72, 1609, 11557.75, 0),
(1063, 72, 1610, 16889.73, 0),
(1064, 72, 1611, 25866.47, 0),
(1065, 72, 1613, 6510, 0),
(1066, 72, 1617, 53577.58, 0),
(1067, 72, 1618, 117278.51, 0),
(1068, 72, 1619, 22500, 0),
(1069, 72, 1620, 18338.5, 0),
(1070, 72, 1623, 4978.5, 0),
(1071, 72, 1624, 1470, 0),
(1072, 72, 1625, 36137.13, 0),
(1073, 72, 1626, 23190.15, 0),
(1074, 72, 1627, 25500, 0),
(1075, 72, 1629, 25500, 0),
(1076, 72, 1630, 3800, 0),
(1077, 72, 1632, 12179.5, 0),
(1078, 72, 1634, 45800, 0),
(1079, 72, 1637, 3573.75, 0),
(1080, 72, 1638, 500, 0),
(1081, 72, 1642, 7500, 0),
(1082, 72, 1568, 0, 2186816.78),
(1083, 73, 1568, 1991412.09, 0),
(1084, 73, 1587, 0, 1166517.72),
(1085, 73, 1589, 0, 41666.67),
(1086, 73, 1591, 0, 237500),
(1087, 73, 1593, 0, 69238.35),
(1088, 73, 1594, 0, 60956.8),
(1089, 73, 1595, 0, 42625),
(1090, 73, 1596, 0, 17500),
(1091, 73, 1599, 0, 20134),
(1092, 73, 1601, 0, 99.2),
(1093, 73, 1645, 0, 1000),
(1094, 73, 1574, 0, 12690),
(1095, 73, 1575, 0, 56500),
(1096, 73, 1573, 0, 25300),
(1097, 73, 1577, 0, 1384.35),
(1098, 73, 1647, 0, 238300),
(1099, 74, 1647, 25905, 0),
(1100, 74, 1573, 18746.8, 0),
(1101, 74, 1574, 12690, 0),
(1102, 74, 1575, 56500, 0),
(1103, 74, 1577, 1384.35, 0),
(1104, 74, 1603, 54643.58, 0),
(1105, 74, 1602, 716110.75, 0),
(1106, 74, 1604, 223201.5, 0),
(1107, 74, 1605, 99275, 0),
(1108, 74, 1606, 500, 0),
(1109, 74, 1608, 14008.6, 0),
(1110, 74, 1609, 11557.75, 0),
(1111, 74, 1610, 16889.73, 0),
(1112, 74, 1611, 63430.59, 0),
(1113, 74, 1613, 3100, 0),
(1114, 74, 1614, 11450, 0),
(1115, 74, 1615, 37528.91, 0),
(1116, 74, 1616, 19979.27, 0),
(1117, 74, 1617, 35343, 0),
(1118, 74, 1618, 186034.38, 0),
(1119, 74, 1619, 47500, 0),
(1120, 74, 1620, 20371.15, 0),
(1121, 74, 1622, 1998.01, 0),
(1122, 74, 1623, 1255, 0),
(1123, 74, 1625, 27813.13, 0),
(1124, 74, 1626, 28449.45, 0),
(1125, 74, 1627, 2600, 0),
(1126, 74, 1630, 3200, 0),
(1127, 74, 1631, 33509.3, 0),
(1128, 74, 1629, 51450, 0),
(1129, 74, 1632, 16480, 0),
(1130, 74, 1634, 11027.1, 0),
(1131, 74, 1637, 3397.5, 0),
(1132, 74, 1638, 1700, 0),
(1133, 74, 1642, 7500, 0),
(1134, 74, 1568, 0, 1866529.8499999999);

-- --------------------------------------------------------

--
-- Table structure for table `general_journal_tbl`
--

CREATE TABLE `general_journal_tbl` (
  `Id` int(11) NOT NULL,
  `Community_Id` int(11) NOT NULL,
  `Transaction_Number` varchar(50) NOT NULL,
  `Transaction_Date` date NOT NULL,
  `Particular` varchar(255) NOT NULL,
  `Amount` double NOT NULL,
  `Document` text DEFAULT NULL,
  `Status` int(11) NOT NULL,
  `Calendar_Id` int(11) NOT NULL,
  `Encoded_At` datetime NOT NULL,
  `Encoded_By` int(11) NOT NULL,
  `Verified_At` datetime DEFAULT NULL,
  `Verified_By` int(11) DEFAULT NULL,
  `Approved_At` datetime DEFAULT NULL,
  `Approved_By` int(11) DEFAULT NULL,
  `Last_Update` datetime DEFAULT NULL,
  `Last_Number` varchar(50) NOT NULL,
  `Comments` text NOT NULL
) ENGINE=InnoDB DEFAULT CHARSET=utf8mb4 COLLATE=utf8mb4_unicode_ci;

--
-- Dumping data for table `general_journal_tbl`
--

INSERT INTO `general_journal_tbl` (`Id`, `Community_Id`, `Transaction_Number`, `Transaction_Date`, `Particular`, `Amount`, `Document`, `Status`, `Calendar_Id`, `Encoded_At`, `Encoded_By`, `Verified_At`, `Verified_By`, `Approved_At`, `Approved_By`, `Last_Update`, `Last_Number`, `Comments`) VALUES
(1, 19, 'GJ-001', '2026-01-31', 'To record advances from Provincialate pertaining to Salaries and wages January 1-15, 2026', 137922.22, 'b6b7734b_140b_490c_b87c_bdfc21523a66-20260408113706_69d5cd628303a.jpg', 3, 2, '2026-02-02 10:41:46', 25, '2026-02-02 13:16:57', 31, '2026-02-02 16:26:01', 25, '2026-04-08 11:39:15', 'CM019-1', ''),
(2, 19, 'GJ-002', '2026-02-28', 'Record advances from Provincialate pertaining to Salaries and Wages for the Month of February 2026', 121404.8, '20d92a7d_0a6c_42a6_a7a2_367c3c9d642a-20260408115029_69d5d0851a02f.jpg', 3, 2, '2026-03-02 10:12:30', 32, '2026-03-02 13:31:49', 31, '2026-03-02 15:53:17', 25, '2026-04-08 11:57:06', 'CM019-2', ''),
(3, 19, 'GJ-003', '2026-03-31', 'To record advances from Provincialate pertaining to Salaries andw wages for March 1-31, 2026', 117761.23, '6436ac31_f3d2_4abd_90b2_bb9d57082af0-20260408115541_69d5d1bdd3166.jpg', 3, 2, '2026-04-02 09:53:11', 32, '2026-04-02 13:48:42', 31, '2026-04-02 15:20:45', 25, '2026-04-08 11:57:20', 'CM019-3', ''),
(4, 19, 'GJ-004', '2026-03-31', 'To correct or close entry made per CR-001 dated January 6, 2026', 484678.15, 'gj_attachment-20260408153057_69d6043143b7e.docx', 3, 2, '2026-04-02 09:17:16', 32, '2026-04-02 13:37:38', 31, '2026-04-02 16:41:53', 25, '2026-04-08 15:33:52', 'CM019-4', ''),
(5, 19, 'GJ-005', '2026-01-01', 'To record Subsidy for the Month of January 2026', 484678.15, 'e0a4143c_3dae_4f7d_b5fd_ee98b1ebf83e-20260408175232_69d62560435d6.jpg', 3, 2, '2026-01-03 09:05:26', 32, '2026-01-03 13:16:13', 31, '2026-01-03 15:31:23', 25, '2026-04-08 17:54:20', 'CM019-5', ''),
(6, 21, 'GJ-001', '2024-10-31', 'To record payment of salaries for Oct.  1- 31, 2024', 129104.13, NULL, 3, 16, '2026-04-14 15:05:30', 59, '2026-04-14 15:32:24', 58, '2026-04-14 15:36:11', 57, '2026-04-14 15:36:11', 'CM021-1', ''),
(7, 21, 'GJ-002', '2024-11-30', ' To record payment of salaries for Nov.  1- 30, 2024', 199798.41, NULL, 3, 16, '2026-04-14 15:10:00', 59, '2026-04-14 15:32:38', 58, '2026-04-14 15:36:26', 57, '2026-04-14 15:36:26', 'CM021-2', ''),
(8, 21, 'GJ-003', '2024-12-31', ' To record payment of salaries for Dec.  1- 15, 2024 ', 131638.58, NULL, 3, 16, '2026-04-14 15:13:12', 59, '2026-04-14 15:32:57', 58, '2026-04-14 15:36:37', 57, '2026-04-14 15:36:37', 'CM021-3', ''),
(9, 21, 'GJ-004', '2024-12-31', ' To record payment of salaries for Dec.  16- 31, 2024 ', 118065.97, NULL, 3, 16, '2026-04-14 15:16:05', 59, '2026-04-14 15:33:08', 58, '2026-04-14 15:36:45', 57, '2026-04-14 15:36:45', 'CM021-4', ''),
(10, 21, 'GJ-005', '2024-12-31', 'To take up bank interest for  4th quarter 2024', 80.16, NULL, 3, 16, '2026-04-14 15:18:07', 59, '2026-04-14 15:33:15', 58, '2026-04-14 15:36:51', 57, '2026-04-14 15:36:51', 'CM021-5', ''),
(11, 21, 'GJ-006', '2025-01-31', ' To record payment of salaries for Jan..  1- 15, 2025', 76201.87, NULL, 3, 17, '2026-04-15 13:00:36', 59, '2026-04-15 15:07:35', 58, '2026-04-15 15:16:21', 57, '2026-04-15 15:16:21', 'CM021-6', ''),
(12, 21, 'GJ-007', '2025-01-31', ' To record payment of salaries for Dec.  16- 31, 2024', 79599.92, NULL, 3, 17, '2026-04-15 13:03:53', 59, '2026-04-15 15:07:43', 58, '2026-04-15 15:16:17', 57, '2026-04-15 15:16:17', 'CM021-7', ''),
(13, 21, 'GJ-008', '2025-02-28', 'To record payment of salaries for Feb..  1- 28, 2025', 135582.83, NULL, 3, 17, '2026-04-15 13:06:42', 59, '2026-04-15 15:07:26', 58, '2026-04-15 15:16:52', 57, '2026-04-15 15:16:52', 'CM021-8', ''),
(14, 21, 'GJ-009', '2025-03-31', ' To record payment of salaries for March .  1-15, 2025', 75328.72, NULL, 3, 17, '2026-04-15 13:08:35', 59, '2026-04-15 15:07:19', 58, '2026-04-15 15:16:56', 57, '2026-04-15 15:16:56', 'CM021-9', ''),
(15, 21, 'GJ-010', '2025-03-31', ' To record payment of salaries for March .  1-15, 2025', 65954.65, NULL, 3, 17, '2026-04-15 13:10:59', 59, '2026-04-15 15:07:13', 58, '2026-04-15 15:17:00', 57, '2026-04-15 15:17:00', 'CM021-10', ''),
(16, 21, 'GJ-011', '2025-04-30', ' To record payment of salaries for April.  1-15, 2025', 81171.8, NULL, 3, 17, '2026-04-15 13:12:40', 59, '2026-04-15 15:07:07', 58, '2026-04-15 15:17:03', 57, '2026-04-15 15:17:03', 'CM021-11', ''),
(17, 21, 'GJ-012', '2025-04-30', ' To record payment of salaries for April.  16-30 2025', 75668.93, NULL, 3, 17, '2026-04-15 13:14:36', 59, '2026-04-15 15:07:02', 58, '2026-04-15 15:17:07', 57, '2026-04-15 15:17:07', 'CM021-12', ''),
(18, 21, 'GJ-013', '2025-04-30', 'To take up bank interest for  1st quarter 2025', 59.81, NULL, 3, 17, '2026-04-15 13:16:07', 59, '2026-04-15 15:06:56', 58, '2026-04-15 15:17:12', 57, '2026-04-15 15:17:12', 'CM021-13', ''),
(19, 21, 'GJ-014', '2025-05-30', ' To record payment of salaries for May.  1-15, 2025', 72725.84, NULL, 3, 17, '2026-04-15 14:06:11', 59, '2026-04-15 15:06:50', 58, '2026-04-15 15:17:16', 57, '2026-04-15 15:17:16', 'CM021-14', ''),
(20, 21, 'GJ-015', '2025-05-30', ' To record payment of salaries for May.  16-31, 2025 ', 69081.43, NULL, 3, 17, '2026-04-15 14:09:48', 59, '2026-04-15 15:06:44', 58, '2026-04-15 15:17:20', 57, '2026-04-15 15:17:20', 'CM021-15', ''),
(21, 21, 'GJ-016', '2025-06-30', ' To record payment of salaries for  JUne  1-30, 2025 ', 148116.23, NULL, 3, 17, '2026-04-15 14:11:41', 59, '2026-04-15 15:06:39', 58, '2026-04-15 15:17:24', 57, '2026-04-15 15:17:24', 'CM021-16', ''),
(22, 21, 'GJ-017', '2025-07-30', ' To record payment of salaries for  July   1-15, 2025 ', 68032.52, NULL, 3, 17, '2026-04-15 14:13:44', 59, '2026-04-15 15:06:34', 58, '2026-04-15 15:17:28', 57, '2026-04-15 15:17:28', 'CM021-17', ''),
(23, 21, 'GJ-018', '2025-07-30', ' To record payment of salaries for  July   16-31, 2025', 75733.72, NULL, 3, 17, '2026-04-15 14:15:13', 59, '2026-04-15 15:06:27', 58, '2026-04-15 15:17:32', 57, '2026-04-15 15:17:32', 'CM021-18', ''),
(24, 21, 'GJ-019', '2025-08-30', ' To record payment of salaries for  Aug.   1-15, 2025', 70753.92, NULL, 3, 17, '2026-04-15 14:17:13', 59, '2026-04-15 15:06:22', 58, '2026-04-15 15:17:35', 57, '2026-04-15 15:17:35', 'CM021-19', ''),
(25, 21, 'GJ-020', '2025-08-30', ' To record payment of salaries for  August   16-30, 2025', 76056.35, NULL, 3, 17, '2026-04-15 14:19:01', 59, '2026-04-15 15:06:18', 58, '2026-04-15 15:17:39', 57, '2026-04-15 15:17:39', 'CM021-20', ''),
(26, 21, 'GJ-021', '2025-09-30', ' To record payment of salaries for  Sept.   1-15, 2025', 68932.9, NULL, 3, 17, '2026-04-15 14:20:26', 59, '2026-04-15 15:06:12', 58, '2026-04-15 15:17:42', 57, '2026-04-15 15:17:42', 'CM021-21', ''),
(27, 21, 'GJ-022', '2025-09-30', 'To record payment of salaries for  Sept.   16-30, 2025', 67708.89, NULL, 3, 17, '2026-04-15 14:22:37', 59, '2026-04-15 15:06:05', 58, '2026-04-15 15:17:46', 57, '2026-04-15 15:17:46', 'CM021-22', ''),
(28, 21, 'GJ-023', '2025-10-30', ' To record payment of salaries for  Oct.   1-31, 2025 ', 138274.7, NULL, 3, 17, '2026-04-15 14:25:22', 59, '2026-04-15 15:05:59', 58, '2026-04-15 15:17:50', 57, '2026-04-15 15:17:50', 'CM021-23', ''),
(29, 21, 'GJ-024', '2025-11-28', ' To record payment of salaries for  Nov.   1-15, 2025', 66401.03, NULL, 3, 17, '2026-04-15 14:27:01', 59, '2026-04-15 15:05:53', 58, '2026-04-15 15:17:54', 57, '2026-04-15 15:17:54', 'CM021-24', ''),
(30, 21, 'GJ-025', '2025-11-28', ' To record payment of salaries for  Nov.   16-30, 2025', 110506.1, NULL, 3, 17, '2026-04-15 14:31:42', 59, '2026-04-15 15:05:46', 58, '2026-04-15 15:17:58', 57, '2026-04-15 15:17:58', 'CM021-25', ''),
(31, 21, 'GJ-026', '2025-12-31', ' To record payment of salaries for  Dec.   1-15, 2025', 137712.58, NULL, 3, 17, '2026-04-15 14:33:38', 59, '2026-04-15 15:05:34', 58, '2026-04-15 15:18:03', 57, '2026-04-15 15:18:03', 'CM021-26', ''),
(32, 21, 'GJ-027', '2025-12-31', ' To record payment of salaries for  Dec.   16-30, 2025', 99767.85, NULL, 3, 17, '2026-04-15 14:36:56', 59, '2026-04-15 15:05:27', 58, '2026-04-15 15:18:08', 57, '2026-04-15 15:18:08', 'CM021-27', ''),
(33, 21, 'GJ-028', '2026-01-31', ' To record payment of salaries for  Jan.  1-15, 2026', 72306.97, NULL, 3, 18, '2026-04-15 23:20:07', 59, '2026-04-15 23:32:28', 58, '2026-04-15 23:33:58', 57, '2026-04-15 23:33:58', 'CM021-28', ''),
(34, 21, 'GJ-029', '2026-01-31', ' To record payment of salaries for  Jan. 16-31, 2026', 65615.25, NULL, 3, 18, '2026-04-15 23:22:38', 59, '2026-04-15 23:32:37', 58, '2026-04-15 23:33:53', 57, '2026-04-15 23:33:53', 'CM021-29', ''),
(35, 21, 'GJ-030', '2026-02-27', ' To record payment of salaries for  Feb. 1-15, 2026', 62392.26, NULL, 3, 18, '2026-04-15 23:26:04', 59, '2026-04-15 23:32:48', 58, '2026-04-15 23:33:49', 57, '2026-04-15 23:33:49', 'CM021-30', ''),
(36, 21, 'GJ-031', '2026-02-28', ' To record payment of salaries for  Feb.   16-31, 2026', 59012.54, NULL, 3, 18, '2026-04-15 23:27:48', 59, '2026-04-15 23:32:58', 58, '2026-04-15 23:33:45', 57, '2026-04-15 23:33:45', 'CM021-31', ''),
(37, 21, 'GJ-032', '2026-03-31', 'To record payment of salaries for  Mar. 1-15, 2026', 55610.08, NULL, 3, 18, '2026-04-15 23:29:45', 59, '2026-04-15 23:33:04', 58, '2026-04-15 23:33:41', 57, '2026-04-15 23:33:41', 'CM021-32', ''),
(38, 21, 'GJ-033', '2026-03-31', ' To record payment of salaries for  Mar. 16-31, 2026', 62151.15, NULL, 3, 18, '2026-04-15 23:32:02', 59, '2026-04-15 23:33:14', 58, '2026-04-15 23:33:37', 57, '2026-04-15 23:33:37', 'CM021-33', ''),
(39, 22, 'GJ-001', '2024-10-31', 'To record income for the Month of October 2024', 1700307.55, NULL, 3, 19, '2026-04-16 09:13:04', 61, '2026-04-16 10:16:21', 62, '2026-04-16 10:17:14', 60, '2026-04-16 10:17:14', 'CM022-1', ''),
(40, 22, 'GJ-002', '2024-10-31', 'To record expenses for the month of October 2024', 1354484.47, NULL, 3, 19, '2026-04-16 09:41:26', 61, '2026-04-16 10:16:29', 62, '2026-04-16 10:17:18', 60, '2026-04-16 10:17:18', 'CM022-2', ''),
(41, 22, 'GJ-003', '2024-11-29', 'To record income for the month of November 2024', 1535106.05, NULL, 3, 19, '2026-04-16 09:50:55', 61, '2026-04-16 10:16:38', 62, '2026-04-16 10:17:22', 60, '2026-04-16 10:17:22', 'CM022-3', ''),
(42, 22, 'GJ-004', '2024-11-29', 'To record expenses for the month of November 2024', 1357635.8, NULL, 3, 19, '2026-04-16 10:10:58', 61, '2026-04-16 10:16:45', 62, '2026-04-16 10:17:27', 60, '2026-04-16 10:17:27', 'CM022-4', ''),
(43, 22, 'GJ-005', '2024-12-27', 'To record income for the Month of December 2024', 2018816.96, NULL, 3, 19, '2026-04-16 10:25:44', 61, '2026-04-16 11:00:53', 62, '2026-04-16 11:01:37', 60, '2026-04-16 11:01:37', 'CM022-5', ''),
(44, 22, 'GJ-006', '2024-12-27', 'To record expenses for the month of December 2024', 1407336.42, NULL, 3, 19, '2026-04-16 11:00:05', 61, '2026-04-16 11:01:01', 62, '2026-04-16 11:01:41', 60, '2026-04-16 11:01:41', 'CM022-6', ''),
(45, 22, 'GJ-007', '2025-01-31', 'To record income for the month of January 2025', 2336299.57, NULL, 3, 20, '2026-04-16 12:12:23', 60, '2026-04-16 16:14:13', 62, '2026-04-16 16:20:34', 60, '2026-04-16 16:20:34', 'CM022-7', ''),
(46, 22, 'GJ-008', '2025-01-31', 'To record expenses for the month of January 2025', 1658989.78, NULL, 3, 20, '2026-04-16 12:33:58', 60, '2026-04-16 16:14:21', 62, '2026-04-16 16:20:29', 60, '2026-04-16 16:20:29', 'CM022-8', ''),
(47, 22, 'GJ-009', '2025-02-28', 'To record income for the month of February 2025', 1595861.36, NULL, 3, 20, '2026-04-16 12:42:13', 60, '2026-04-16 16:14:30', 62, '2026-04-16 16:20:26', 60, '2026-04-16 16:20:26', 'CM022-9', ''),
(48, 22, 'GJ-010', '2025-02-28', 'To record expenses for the month of February 2025', 1388582.48, NULL, 3, 20, '2026-04-16 13:00:37', 60, '2026-04-16 16:14:37', 62, '2026-04-16 16:20:21', 60, '2026-04-16 16:20:21', 'CM022-10', ''),
(49, 22, 'GJ-011', '2025-03-31', 'To record income for the Month of March 2025', 1622682.0999999996, NULL, 3, 20, '2026-04-16 13:10:17', 60, '2026-04-16 16:14:50', 62, '2026-04-16 16:20:16', 60, '2026-04-16 16:20:16', 'CM022-11', ''),
(50, 22, 'GJ-012', '2025-03-31', 'To record expenses for the Month of March 2025', 1323349.7999999998, NULL, 3, 20, '2026-04-16 13:22:44', 60, '2026-04-16 16:15:02', 62, '2026-04-16 16:20:12', 60, '2026-04-16 16:20:12', 'CM022-12', ''),
(51, 22, 'GJ-013', '2025-04-30', 'To record income for the month of April 2025', 1631988.04, NULL, 3, 20, '2026-04-16 13:36:15', 60, '2026-04-16 16:15:10', 62, '2026-04-16 16:20:08', 60, '2026-04-16 16:20:08', 'CM022-13', ''),
(52, 22, 'GJ-014', '2025-04-30', 'To record expenses for the Month of April 2025', 1465961.39, NULL, 3, 20, '2026-04-16 13:47:47', 60, '2026-04-16 16:15:18', 62, '2026-04-16 16:20:04', 60, '2026-04-16 16:20:04', 'CM022-14', ''),
(53, 22, 'GJ-015', '2025-05-30', 'To record income for the month of May 2025', 1708576.98, NULL, 3, 20, '2026-04-16 13:59:44', 60, '2026-04-16 16:15:29', 62, '2026-04-16 16:20:00', 60, '2026-04-16 16:20:00', 'CM022-15', ''),
(54, 22, 'GJ-016', '2025-05-30', 'To record expenses for the month of May 2025', 1628628.11, NULL, 3, 20, '2026-04-16 14:09:57', 60, '2026-04-16 16:15:41', 62, '2026-04-16 16:19:56', 60, '2026-04-16 16:19:56', 'CM022-16', ''),
(55, 22, 'GJ-017', '2025-06-30', 'To record income for the Month of June 2025', 1673631.3699999999, NULL, 3, 20, '2026-04-16 14:15:37', 60, '2026-04-16 16:15:51', 62, '2026-04-16 16:19:52', 60, '2026-04-16 16:19:52', 'CM022-17', ''),
(56, 22, 'GJ-018', '2025-06-30', 'To record expenses for the month of June 2025', 1171083.8600000003, NULL, 3, 20, '2026-04-16 14:26:17', 60, '2026-04-16 16:16:01', 62, '2026-04-16 16:19:48', 60, '2026-04-16 16:19:48', 'CM022-18', ''),
(57, 22, 'GJ-019', '2025-07-31', 'To record income for the month of July 2025', 1741333.27, NULL, 3, 20, '2026-04-16 14:32:45', 60, '2026-04-16 16:16:09', 62, '2026-04-16 16:19:44', 60, '2026-04-16 16:19:44', 'CM022-19', ''),
(58, 22, 'GJ-020', '2025-07-31', 'To record expenses for the month of July 2025', 1275454.19, NULL, 3, 20, '2026-04-16 14:41:12', 60, '2026-04-16 16:16:20', 62, '2026-04-16 16:19:39', 60, '2026-04-16 16:19:39', 'CM022-20', ''),
(59, 22, 'GJ-021', '2025-08-30', 'To record income for the month of August 2025', 1630370.95, NULL, 3, 20, '2026-04-16 14:48:11', 60, '2026-04-16 16:18:13', 62, '2026-04-16 16:19:33', 60, '2026-04-16 16:19:33', 'CM022-21', ''),
(60, 22, 'GJ-022', '2025-08-30', 'To record expenses for the month of August 2025', 1458757.53, NULL, 3, 20, '2026-04-16 14:56:45', 60, '2026-04-16 16:18:03', 62, '2026-04-16 16:19:29', 60, '2026-04-16 16:19:29', 'CM022-22', ''),
(61, 22, 'GJ-023', '2025-09-30', 'To record income for the month of September 2025', 1889927.14, NULL, 3, 20, '2026-04-16 15:05:36', 60, '2026-04-16 16:17:49', 62, '2026-04-16 16:19:25', 60, '2026-04-16 16:19:25', 'CM022-23', ''),
(62, 22, 'GJ-024', '2025-09-30', 'To record expenses for the month of September 2025', 1768437.72, NULL, 3, 20, '2026-04-16 15:15:33', 60, '2026-04-16 16:17:40', 62, '2026-04-16 16:19:20', 60, '2026-04-16 16:19:20', 'CM022-24', ''),
(63, 22, 'GJ-025', '2025-10-30', 'To record income  for the month of October 2025', 3073532.78, NULL, 3, 20, '2026-04-16 15:23:04', 60, '2026-04-16 16:17:32', 62, '2026-04-16 16:19:16', 60, '2026-04-16 16:19:16', 'CM022-25', ''),
(64, 22, 'GJ-026', '2025-10-30', 'To record expenses for the month of October 2025', 2102270.19, NULL, 3, 20, '2026-04-16 15:35:20', 60, '2026-04-16 16:17:22', 62, '2026-04-16 16:19:12', 60, '2026-04-16 16:19:12', 'CM022-26', ''),
(65, 22, 'GJ-027', '2025-11-28', 'To record income for the month of November 2025', 2854815.08, NULL, 3, 20, '2026-04-16 15:41:23', 60, '2026-04-16 16:17:07', 62, '2026-04-16 16:19:07', 60, '2026-04-16 16:19:07', 'CM022-27', ''),
(66, 22, 'GJ-028', '2025-11-28', 'To record expenses for the Month of November 2025', 2230801.72, NULL, 3, 20, '2026-04-16 15:51:37', 60, '2026-04-16 16:16:58', 62, '2026-04-16 16:19:03', 60, '2026-04-16 16:19:03', 'CM022-28', ''),
(67, 22, 'GJ-029', '2025-12-31', 'To record income for the month of December 2025', 858732.4, NULL, 3, 20, '2026-04-16 15:57:51', 60, '2026-04-16 16:16:46', 62, '2026-04-16 16:18:58', 60, '2026-04-16 16:18:58', 'CM022-29', ''),
(68, 22, 'GJ-030', '2025-12-31', 'To record expenses for the month of December 2025', 2679156.4, NULL, 3, 20, '2026-04-16 16:08:40', 60, '2026-04-16 16:16:35', 62, '2026-04-16 16:18:54', 60, '2026-04-16 16:18:54', 'CM022-30', ''),
(69, 22, 'GJ-031', '2026-01-31', 'To record income for the month of January 2026', 2390095.14, NULL, 3, 21, '2026-04-16 16:35:18', 61, '2026-04-16 16:40:49', 60, '2026-04-16 16:40:59', 60, '2026-04-16 16:40:59', 'CM022-31', ''),
(70, 22, 'GJ-032', '2026-01-31', 'To record expenses for the month of January 2026', 1922063.29, NULL, 3, 21, '2026-04-16 16:44:55', 61, '2026-04-16 17:44:01', 62, '2026-04-16 17:45:07', 60, '2026-04-16 17:45:07', 'CM022-32', ''),
(71, 22, 'GJ-033', '2026-02-27', 'To record income for the Month of February 2026', 1991462.46, NULL, 3, 21, '2026-04-16 17:09:04', 61, '2026-04-16 17:44:10', 62, '2026-04-16 17:45:11', 60, '2026-04-16 17:45:11', 'CM022-33', ''),
(72, 22, 'GJ-034', '2026-02-27', 'To record expenses for the Month of February 2026', 2186816.78, NULL, 3, 21, '2026-04-16 17:22:18', 61, '2026-04-16 17:44:21', 62, '2026-04-16 17:45:14', 60, '2026-04-16 17:45:14', 'CM022-34', ''),
(73, 22, 'GJ-035', '2026-03-31', 'To record income for the month of March 2026', 1991412.09, NULL, 3, 21, '2026-04-16 17:33:49', 61, '2026-04-16 17:44:31', 62, '2026-04-16 17:45:18', 60, '2026-04-16 17:45:18', 'CM022-35', ''),
(74, 22, 'GJ-036', '2026-03-31', 'To record expenses for the month of March 2026', 1866529.85, NULL, 3, 21, '2026-04-16 17:43:22', 61, '2026-04-16 17:44:43', 62, '2026-04-16 17:45:23', 60, '2026-04-16 17:45:23', 'CM022-36', '');

-- --------------------------------------------------------

--
-- Table structure for table `pettycash_account_tbl`
--

CREATE TABLE `pettycash_account_tbl` (
  `Id` int(11) NOT NULL,
  `Petty_Cash_Id` int(11) NOT NULL,
  `Account_Id` int(11) NOT NULL,
  `Debit` double NOT NULL,
  `Credit` double NOT NULL
) ENGINE=InnoDB DEFAULT CHARSET=utf8mb4 COLLATE=utf8mb4_unicode_ci;

--
-- Dumping data for table `pettycash_account_tbl`
--

INSERT INTO `pettycash_account_tbl` (`Id`, `Petty_Cash_Id`, `Account_Id`, `Debit`, `Credit`) VALUES
(1, 1, 39, 300, 0),
(2, 2, 56, 1050, 0),
(3, 3, 55, 6750, 0),
(4, 4, 50, 1757.65, 0),
(5, 5, 47, 290, 0),
(6, 6, 54, 700, 0),
(7, 7, 33, 550, 0),
(8, 8, 55, 2400.14, 0),
(9, 9, 61, 650, 0),
(10, 10, 62, 2500, 0),
(11, 11, 56, 198, 0),
(12, 12, 42, 100, 0),
(13, 13, 49, 556, 0),
(14, 14, 55, 4220.5, 0),
(15, 15, 54, 3500, 0),
(16, 16, 62, 1000, 0),
(17, 17, 55, 2184.66, 0),
(18, 18, 52, 1498, 0),
(19, 19, 43, 150, 0),
(20, 20, 42, 100, 0),
(21, 21, 33, 3046.4, 0),
(22, 22, 50, 320, 0),
(23, 23, 42, 50, 0),
(24, 24, 54, 2000, 0),
(25, 25, 35, 5138.54, 0),
(26, 26, 33, 725, 0),
(27, 27, 54, 2500, 0),
(28, 28, 54, 475, 0),
(29, 29, 54, 600, 0),
(30, 30, 62, 350, 0),
(31, 31, 55, 2800, 0),
(32, 32, 62, 1000, 0),
(33, 33, 33, 479, 0),
(34, 36, 62, 400, 0),
(35, 37, 8, 100, 0),
(36, 38, 55, 2000, 0),
(37, 39, 33, 970, 0),
(38, 40, 10, 133.75, 0),
(39, 40, 48, 618.75, 0),
(45, 46, 55, 2000, 0),
(46, 45, 33, 1248, 0),
(47, 44, 33, 565, 0),
(48, 43, 55, 2500, 0),
(49, 42, 42, 100, 0),
(50, 41, 10, 400.5, 0),
(51, 47, 62, 1155, 0),
(52, 48, 54, 3500, 0),
(53, 49, 56, 1050, 0),
(54, 50, 62, 1100, 0),
(55, 50, 42, 144, 0),
(56, 51, 62, 184.5, 0),
(57, 52, 55, 2500, 0),
(58, 53, 55, 2563.98, 0),
(59, 54, 55, 6750, 0),
(60, 55, 63, 5000, 0),
(61, 56, 35, 3000, 0),
(62, 57, 47, 545.5, 0),
(63, 58, 54, 3000, 0),
(64, 59, 72, 100, 0),
(65, 60, 42, 100, 0),
(78, 63, 350, 2500, 0),
(79, 63, 362, 1500, 0),
(80, 62, 350, 2500, 0),
(81, 62, 362, 1500, 0),
(82, 61, 362, 1500, 0),
(83, 61, 350, 2500, 0),
(84, 64, 1466, 40023.76, 0),
(85, 65, 345, 6000, 0),
(86, 66, 345, 8000, 0),
(87, 67, 346, 5000, 0),
(88, 68, 352, 10100, 0),
(89, 69, 355, 11785, 0),
(90, 70, 357, 4303.5, 0),
(91, 70, 358, 1032, 0),
(92, 71, 362, 2219, 0),
(93, 71, 360, 1000, 0),
(94, 72, 365, 12049.46, 0),
(95, 73, 369, 37500, 0),
(96, 74, 372, 1748.9, 0),
(97, 74, 375, 6666, 0),
(98, 75, 378, 13984, 0),
(99, 76, 350, 2500, 0),
(100, 76, 362, 1500, 0),
(101, 77, 350, 2500, 0),
(102, 77, 362, 1500, 0),
(103, 78, 350, 2500, 0),
(104, 78, 362, 1500, 0),
(105, 79, 352, 2000, 0),
(106, 80, 352, 2000, 0),
(107, 81, 352, 2000, 0),
(108, 82, 345, 3500, 0),
(109, 83, 345, 4000, 0),
(110, 84, 357, 7620, 0),
(111, 85, 360, 1520, 0),
(112, 86, 362, 6619, 0),
(113, 87, 365, 33412.76, 0),
(114, 88, 372, 6210.5, 0),
(115, 89, 345, 4000, 0),
(116, 90, 345, 3500, 0),
(117, 91, 364, 15129, 0),
(118, 92, 343, 48758.59, 0),
(119, 93, 350, 4000, 0),
(120, 94, 350, 2500, 0),
(121, 94, 362, 1500, 0),
(122, 95, 350, 2500, 0),
(123, 95, 362, 1500, 0),
(125, 96, 343, 28543.25, 0),
(126, 97, 345, 7000, 0),
(127, 98, 345, 8000, 0),
(128, 99, 369, 37500, 0),
(129, 100, 357, 6871, 0),
(130, 101, 365, 51324.25, 0),
(137, 104, 926, 4000, 0),
(138, 103, 926, 4000, 0),
(139, 102, 926, 4000, 0),
(143, 108, 926, 4000, 0),
(144, 109, 926, 4000, 0),
(145, 110, 926, 4000, 0),
(147, 111, 926, 6560.52, 0),
(148, 112, 926, 4000, 0),
(149, 113, 926, 4000, 0),
(150, 114, 1464, 12354.2, 0),
(151, 115, 201, 5000, 0),
(152, 116, 206, 2500, 0),
(153, 116, 218, 1500, 0),
(154, 117, 206, 2500, 0),
(155, 117, 218, 1500, 0),
(156, 118, 206, 2500, 0),
(157, 118, 218, 1500, 0),
(158, 119, 225, 15000, 0),
(159, 120, 227, 1665, 0),
(160, 121, 228, 12765.3, 0),
(161, 122, 211, 10500, 0),
(162, 123, 206, 2500, 0),
(163, 123, 218, 1500, 0),
(164, 124, 206, 2500, 0),
(165, 124, 218, 1500, 0),
(166, 125, 206, 2500, 0),
(167, 125, 218, 1500, 0),
(168, 126, 225, 15000, 0),
(169, 127, 201, 5000, 0),
(170, 128, 199, 17345.67, 0),
(171, 129, 200, 26473.6, 0),
(172, 130, 206, 2500, 0),
(173, 130, 218, 1500, 0),
(174, 131, 206, 2500, 0),
(175, 131, 218, 1500, 0),
(176, 132, 218, 1500, 0),
(177, 132, 206, 2500, 0),
(178, 133, 213, 6241.15, 0),
(179, 134, 208, 5000, 0),
(180, 135, 221, 5000, 0),
(181, 135, 228, 3540, 0),
(182, 136, 218, 39777.64, 0),
(183, 136, 201, 5000, 0);

-- --------------------------------------------------------

--
-- Table structure for table `petty_cash_tbl`
--

CREATE TABLE `petty_cash_tbl` (
  `Id` int(11) NOT NULL,
  `Community_Id` int(11) NOT NULL,
  `PCV_Number` varchar(50) DEFAULT NULL,
  `Transaction_Date` date NOT NULL,
  `Employee` varchar(255) NOT NULL,
  `Description` varchar(255) NOT NULL,
  `Amount` double NOT NULL,
  `Document` text DEFAULT NULL,
  `Encoded_At` datetime NOT NULL,
  `Encoded_By` int(11) NOT NULL,
  `hasReplenished` int(11) NOT NULL,
  `Last_Number` varchar(50) NOT NULL
) ENGINE=InnoDB DEFAULT CHARSET=utf8mb4 COLLATE=utf8mb4_unicode_ci;

--
-- Dumping data for table `petty_cash_tbl`
--

INSERT INTO `petty_cash_tbl` (`Id`, `Community_Id`, `PCV_Number`, `Transaction_Date`, `Employee`, `Description`, `Amount`, `Document`, `Encoded_At`, `Encoded_By`, `hasReplenished`, `Last_Number`) VALUES
(1, 19, 'PCV-001', '2026-01-05', 'Ian Paumar', 'Load allowance of Driver', 300, NULL, '2026-01-07 09:09:54', 32, 1, 'CM019-1'),
(2, 19, 'PCV-002', '2026-01-05', 'Val Araojo', 'Newspaper', 1050, NULL, '2026-01-07 10:28:15', 32, 1, 'CM019-2'),
(3, 19, 'PCV-003', '2026-01-07', 'Apollo Gas', '3pcs Medium LPG', 6750, NULL, '2026-01-09 10:51:36', 32, 1, 'CM019-3'),
(4, 19, 'PCV-004', '2026-01-07', 'Fr. Ronel Gealon', 'Refund of Expenses', 1757.65, NULL, '2026-01-09 08:53:13', 25, 1, 'CM019-4'),
(5, 19, 'PCV-005', '2026-01-07', 'Fr. Ronel Gealon', 'Household Supplies', 290, NULL, '2026-01-09 09:51:20', 25, 1, 'CM019-5'),
(6, 19, 'PCV-006', '2026-01-07', 'Fr. Ronel Gealon', 'Outside Services', 700, NULL, '2026-01-09 08:36:59', 25, 1, 'CM019-6'),
(7, 19, 'PCV-007', '2026-01-07', 'Goldilocks/Leah Cauba', 'Cake', 550, NULL, '2026-01-09 08:30:54', 25, 1, 'CM019-7'),
(8, 19, 'PCV-008', '2026-01-07', 'Petron/Ian', 'Diesel', 2400.14, NULL, '2026-01-09 08:43:36', 25, 1, 'CM019-8'),
(9, 19, 'PCV-009', '2026-01-07', 'Cignal Leah Cauba', 'Payment for Cignal', 650, NULL, '2026-01-09 10:05:20', 25, 1, 'CM019-9'),
(10, 19, 'PCV-010', '2026-01-08', 'Fr. Bernard Amparado', 'Medical and Dental', 2500, NULL, '2026-01-10 10:15:49', 25, 1, 'CM019-10'),
(11, 19, 'PCV-011', '2026-01-08', 'Fr. Bernard Amparado', 'Books and Periodical', 198, NULL, '2026-01-10 10:03:08', 25, 1, 'CM019-11'),
(12, 19, 'PCV-012', '2026-01-08', 'Leah Cauba', 'Fare', 100, NULL, '2026-01-10 08:28:15', 25, 1, 'CM019-12'),
(13, 19, 'PCV-013', '2026-01-08', 'Temu/Ariel', 'Clothing Expenses', 556, NULL, '2026-01-10 10:11:48', 25, 1, 'CM019-13'),
(14, 19, 'PCV-014', '2026-01-09', 'Petron/Ian', 'Diesel', 4220.5, NULL, '2026-01-11 08:34:18', 25, 1, 'CM019-14'),
(15, 19, 'PCV-015', '2026-01-10', 'Lourdes Arkon', 'Salary', 3500, NULL, '2026-01-12 10:16:06', 25, 1, 'CM019-15'),
(16, 19, 'PCV-016', '2026-01-14', 'Simeon Clinic', 'Medical and Dental', 1000, NULL, '2026-01-16 08:37:36', 25, 1, 'CM019-16'),
(17, 19, 'PCV-017', '2026-01-14', 'Petron/Fr Robin', 'Diesel', 2184.66, NULL, '2026-01-16 10:19:43', 25, 1, 'CM019-17'),
(18, 19, 'PCV-018', '2026-01-14', 'Globe/Leah', 'Globe payment of Fr. Gealon', 1498, NULL, '2026-01-16 08:45:48', 25, 1, 'CM019-18'),
(19, 19, 'PCV-019', '2026-01-14', 'Maria Buraga', 'Repair of Iron', 150, NULL, '2026-01-16 10:49:51', 25, 1, 'CM019-19'),
(20, 19, 'PCV-020', '2026-01-14', 'Leah Cauba', 'Fare', 100, NULL, '2026-01-16 10:51:50', 25, 1, 'CM019-20'),
(21, 19, 'PCV-021', '2026-01-14', 'Fr. Butch', 'Meals and Subsistence', 3046.4, NULL, '2026-01-16 10:49:39', 25, 1, 'CM019-21'),
(22, 19, 'PCV-022', '2026-01-14', 'Fr. Butch', 'Representation', 320, NULL, '2026-01-16 10:32:45', 25, 1, 'CM019-22'),
(23, 19, 'PCV-023', '2026-01-14', 'Fr. Butch', 'Parking Fee', 50, NULL, '2026-01-16 09:14:50', 25, 1, 'CM019-23'),
(24, 19, 'PCV-024', '2026-01-14', 'Fr. Butch', 'Outside Services', 2000, NULL, '2026-01-16 09:35:55', 25, 1, 'CM019-24'),
(25, 19, 'PCV-025', '2026-01-15', 'Maria Buraga', 'Salaries', 5138.54, NULL, '2026-01-17 09:15:06', 25, 1, 'CM019-25'),
(26, 19, 'PCV-026', '2026-01-15', 'Goldilocks/Fr. Butch', 'Bread', 725, NULL, '2026-01-17 09:27:43', 25, 1, 'CM019-26'),
(27, 19, 'PCV-027', '2026-01-17', 'Lourdes Arlon', 'Honorarium', 2500, NULL, '2026-01-19 08:33:18', 25, 1, 'CM019-27'),
(28, 19, 'PCV-028', '2026-01-19', 'Buboy', 'Haircut and Tip', 475, NULL, '2026-01-21 09:23:24', 25, 1, 'CM019-28'),
(29, 19, 'PCV-029', '2026-01-19', 'Fr. Butch', 'Haircut and Dye', 600, NULL, '2026-01-21 10:17:03', 25, 1, 'CM019-29'),
(30, 19, 'PCV-030', '2026-01-19', 'Simon Dental Clinic', 'Gurgle for Fr. Gealon', 350, NULL, '2026-01-21 09:15:06', 25, 1, 'CM019-30'),
(31, 19, 'PCV-031', '2026-01-19', 'Petron/Ian', 'Diesel', 2800, NULL, '2026-01-21 10:24:20', 25, 1, 'CM019-31'),
(32, 19, 'PCV-032', '2026-01-19', 'Simon Dental Clinic', 'Medical and Dental', 1000, NULL, '2026-01-21 10:16:22', 25, 1, 'CM019-32'),
(33, 19, 'PCV-033', '2026-01-19', 'Pan de Manila', 'Bread', 479, NULL, '2026-01-21 09:08:50', 25, 1, 'CM019-33'),
(36, 19, 'PCV-034', '2026-01-20', 'Bro. Fel', 'Otobiotic drops', 400, NULL, '2026-01-22 09:55:04', 32, 0, 'CM019-34'),
(37, 19, 'PCV-035', '2026-01-20', 'Leah cauba', 'Fare', 100, NULL, '2026-01-22 08:08:53', 32, 0, 'CM019-35'),
(38, 19, 'PCV-036', '2026-01-21', 'Petron/Ian', 'Diesel', 2000, NULL, '2026-01-23 08:59:13', 32, 0, 'CM019-36'),
(39, 19, 'PCV-037', '2026-01-21', 'French Baker/Leah', 'Bread', 970, NULL, '2026-01-23 09:29:26', 32, 0, 'CM019-37'),
(40, 19, 'PCV-038', '2026-01-21', 'SM HYPERMARKET/LEAH', 'BATTERY AND GARGLE', 752, NULL, '2026-01-23 09:29:32', 32, 0, 'CM019-38'),
(41, 19, 'PCV-039', '2026-01-21', 'SM HYPERMARKET/LEAH', 'GLIDE AND DISHWASHING', 400.5, NULL, '2026-01-23 10:59:24', 32, 0, 'CM019-39'),
(42, 19, 'PCV-040', '2026-01-21', 'LEAH CAUBA', 'tricycle fare to bpi vice versa', 100, NULL, '2026-01-23 09:28:24', 32, 0, 'CM019-40'),
(43, 19, 'PCV-041', '2026-01-21', 'Gas Station/Ian', 'gasoline for NGT 1945', 2500, NULL, '2026-01-23 09:23:47', 32, 0, 'CM019-41'),
(44, 19, 'PCV-042', '2026-01-21', 'French Baker/Leah', '\r\nbread for recreo', 565, NULL, '2026-01-23 10:33:44', 32, 0, 'CM019-42'),
(45, 19, 'PCV-043', '2026-01-24', 'GDCR Softdrinks/Dave', 'payment for softdrinks', 1248, NULL, '2026-01-26 10:37:18', 32, 0, 'CM019-43'),
(46, 19, 'PCV-044', '2026-01-24', 'Petron/Ian', 'gasoline for NGT 1945', 2000, NULL, '2026-01-26 10:25:18', 32, 0, 'CM019-44'),
(47, 19, 'PCV-045', '2026-01-24', 'Watsons/Leah', 'meds for Fr. Butch, OAR', 1155, NULL, '2026-01-26 09:14:36', 32, 0, 'CM019-45'),
(48, 19, 'PCV-046', '2026-01-24', 'Lurdes Arkon', 'Jan. 19-25 (7 days at 500.00)', 3500, NULL, '2026-01-26 09:57:09', 32, 0, 'CM019-46'),
(49, 19, 'PCV-047', '2026-01-26', 'Val Araojo', 'payment of newspaper Jan 11,18 & 25', 1050, NULL, '2026-01-28 08:01:58', 32, 0, 'CM019-47'),
(50, 19, 'PCV-048', '2026-01-26', 'The Icon skin clinic', 'clobetasol lotion for allergy-Fr. Butch, OAR', 1244, NULL, '2026-01-28 08:18:23', 32, 0, 'CM019-48'),
(51, 19, 'PCV-049', '2026-01-26', 'Watsons/Leah', 'meds for Bro. Fel, OAR', 184.5, NULL, '2026-01-28 09:26:01', 32, 0, 'CM019-49'),
(52, 19, 'PCV-050', '2026-01-28', 'Petron/Ian', 'gasoline for NIO 8939', 2500, NULL, '2026-01-30 08:14:54', 32, 0, 'CM019-50'),
(53, 19, 'PCV-051', '2026-01-28', 'North Luven/Romel', 'gasoline for NGT 1945', 2563.98, NULL, '2026-01-30 10:56:31', 32, 0, 'CM019-51'),
(54, 19, 'PCV-052', '2026-01-28', 'Apollo Gas/Dave', ' 3pcs medium LPG', 6750, NULL, '2026-01-30 09:57:54', 32, 0, 'CM019-52'),
(55, 19, 'PCV-053', '2026-01-30', 'OLLQP/Fr. Corder, OAR', 'gcash sent for the solicitation for their parish.', 5000, NULL, '2026-02-01 08:59:58', 32, 0, 'CM019-53'),
(56, 19, 'PCV-054', '2026-01-30', 'Maria Buraga', 'salary for the period Jan. 16-31, 2026', 3000, NULL, '2026-02-01 10:06:06', 32, 0, 'CM019-54'),
(57, 19, 'PCV-055', '2026-01-30', 'SM Hypermarket/Leah', 'purchase of ariel laundry powder', 545.5, NULL, '2026-02-01 09:30:37', 32, 0, 'CM019-55'),
(58, 19, 'PCV-056', '2026-01-30', 'Lourdes Arkon', ' Jan. 26 & 28 to Feb. 1, 2026', 3000, NULL, '2026-02-01 09:14:47', 32, 0, 'CM019-56'),
(59, 19, 'PCV-057', '2026-01-30', 'Dave Castillo', 'tip for basurero', 100, NULL, '2026-02-01 09:42:04', 32, 0, 'CM019-57'),
(60, 19, 'PCV-058', '2026-01-30', 'Leah Cauba', 'tricycle fare bpi vice versa', 100, NULL, '2026-02-01 09:46:00', 32, 0, 'CM019-58'),
(61, 4, 'PCV-001', '2026-01-05', 'Fr. Nestor Raras', 'Allowance for the month of January 2026', 4000, NULL, '2026-01-07 08:43:48', 35, 1, 'CM004-1'),
(62, 4, 'PCV-002', '2026-01-05', 'Fr. Kenneth Pahamutang', 'Allowance for January 2026', 4000, NULL, '2026-01-07 09:20:59', 35, 1, 'CM004-2'),
(63, 4, 'PCV-003', '2026-01-05', 'Fr. Virgilio Calalang', 'Allowance for the Month of January 2026', 4000, NULL, '2026-01-07 09:33:32', 35, 1, 'CM004-3'),
(64, 4, 'PCV-004', '2026-01-08', 'C/o Fr. Pahamutang', 'Groceries/marketing', 40023.76, NULL, '2026-01-10 08:44:45', 35, 1, 'CM004-4'),
(65, 4, 'PCV-005', '2026-01-30', 'Emerita/Cook', 'Salary for the Month of January', 6000, NULL, '2026-02-01 10:03:10', 35, 1, 'CM004-5'),
(66, 4, 'PCV-006', '2026-01-30', 'Romel/Driver', 'Salaries and wages for January', 8000, NULL, '2026-02-01 10:01:33', 35, 1, 'CM004-6'),
(67, 4, 'PCV-007', '2026-01-30', 'Charlito Valdez', '13th Month Pay', 5000, NULL, '2026-02-01 08:58:17', 35, 1, 'CM004-7'),
(68, 4, 'PCV-008', '2026-01-30', 'Fr. Raras/Fr. Kenneth', 'Travel allowance and Fare', 10100, NULL, '2026-02-01 09:46:47', 35, 1, 'CM004-8'),
(69, 4, 'PCV-009', '2026-01-30', 'c/o Fr. Calling', 'Repair of vehicle', 11785, NULL, '2026-02-01 10:59:04', 35, 1, 'CM004-9'),
(70, 4, 'PCV-010', '2026-01-30', 'c/o Fr. Kenneth', 'Household Supplies and Office Supplies', 5335.5, NULL, '2026-02-01 08:34:58', 35, 1, 'CM004-10'),
(71, 4, 'PCV-011', '2026-01-30', 'Fr. Raras', 'Postage and Representation', 7619, NULL, '2026-02-01 10:57:39', 35, 1, 'CM004-11'),
(72, 4, 'PCV-012', '2026-01-30', 'Petron', 'Diesel', 12049.46, NULL, '2026-02-01 09:03:22', 35, 1, 'CM004-12'),
(73, 4, 'PCV-013', '2026-01-30', 'Talavera House of Prayer', 'Retreat payment', 37500, NULL, '2026-02-01 10:23:53', 35, 1, 'CM004-13'),
(74, 4, 'PCV-014', '2026-01-30', 'C/o Fr. Kenneth', 'Medicines,vocation promotion', 8414.9, NULL, '2026-02-01 10:49:20', 35, 1, 'CM004-14'),
(75, 4, 'PCV-015', '2026-01-30', 'c/o Fr. Kenneth', 'Payment for Electric Bill', 13984, NULL, '2026-02-01 08:55:01', 35, 1, 'CM004-15'),
(76, 4, 'PCV-016', '2026-02-04', 'Fr. Raras', 'Allowance for the Month of February', 4000, NULL, '2026-02-06 10:07:07', 4, 1, 'CM004-16'),
(77, 4, 'PCV-017', '2026-02-04', 'Fr. Kenneth Pahamutang', 'Allowance for the Month of February 2026', 6500, NULL, '2026-02-06 09:50:32', 4, 1, 'CM004-17'),
(78, 4, 'PCV-018', '2026-02-04', 'Fr. Virgilio Calalang, Jr.', 'Allowance for February 2026', 4000, NULL, '2026-02-06 10:51:21', 4, 1, 'CM004-18'),
(79, 4, 'PCV-019', '2026-02-12', 'Fr. Kenneth Pahamutang', 'Transpo allowance', 2000, NULL, '2026-02-14 10:45:06', 4, 1, 'CM004-19'),
(80, 4, 'PCV-020', '2026-02-12', 'Fr. Nestor Raras', 'Transpo allowance', 2000, NULL, '2026-02-14 10:11:30', 4, 1, 'CM004-20'),
(81, 4, 'PCV-021', '2026-02-12', 'Fr. Virgilio Calalang', 'Tranpo allowance', 2000, NULL, '2026-02-14 10:42:12', 4, 1, 'CM004-21'),
(82, 4, 'PCV-022', '2026-02-16', 'Emelita Rosales', 'Salary', 3500, NULL, '2026-02-18 08:56:32', 4, 1, 'CM004-22'),
(83, 4, 'PCV-023', '2026-02-16', 'Romel/Driver', 'Salary', 4000, NULL, '2026-02-18 10:36:03', 4, 1, 'CM004-23'),
(84, 4, 'PCV-024', '2026-02-18', 'c/o Fr Kenneth', 'Household Supplies', 7620, NULL, '2026-02-20 09:10:38', 4, 1, 'CM004-24'),
(85, 4, 'PCV-025', '2026-02-19', 'c/o Fr. Kenneth Pahamutang', 'Representation', 1520, NULL, '2026-02-21 09:05:04', 4, 1, 'CM004-25'),
(86, 4, 'PCV-026', '2026-02-20', 'c/o Fr. Nestor Raras', 'Postage', 6619, NULL, '2026-02-22 09:53:26', 4, 1, 'CM004-26'),
(87, 4, 'PCV-027', '2026-02-25', 'Petron', 'Diesel', 33412.76, NULL, '2026-02-27 08:11:58', 4, 1, 'CM004-27'),
(88, 4, 'PCV-028', '2026-02-26', 'c/o Fr. Calling', 'Medcines', 6210.5, NULL, '2026-02-28 09:19:35', 4, 1, 'CM004-28'),
(89, 4, 'PCV-029', '2026-02-27', 'Rome/Driver', 'Salaries and WAGES', 4000, NULL, '2026-03-01 08:01:59', 4, 1, 'CM004-29'),
(90, 4, 'PCV-030', '2026-02-27', 'Emerita', 'Salaries and Wages', 3500, NULL, '2026-03-01 10:11:09', 4, 1, 'CM004-30'),
(91, 4, 'PCV-031', '2026-02-27', 'SEMSDC', 'Honorarium Expense', 15129, NULL, '2026-03-01 09:49:50', 4, 1, 'CM004-31'),
(92, 4, 'PCV-032', '2026-02-27', 'c/o Fr. Kenneth', 'Groceries and marketing', 48758.59, NULL, '2026-03-01 10:35:43', 4, 1, 'CM004-32'),
(93, 4, 'PCV-033', '2026-03-03', 'Fr. Kenneth Pahamutang', 'Allowance for March 2026', 4000, NULL, '2026-03-05 09:29:08', 4, 1, 'CM004-33'),
(94, 4, 'PCV-034', '2026-03-03', 'Fr. Nestor Raras', 'Allowance for March 2026', 4000, NULL, '2026-03-05 10:38:30', 4, 1, 'CM004-34'),
(95, 4, 'PCV-035', '2026-03-03', 'Fr. Virgilio Calalang', 'Allowance for March 2026', 4000, NULL, '2026-03-05 10:45:06', 35, 1, 'CM004-35'),
(96, 4, 'PCV-036', '2026-03-05', 'c/o Fr Kenneth Pahamutang', 'Groceries/Marketing', 28543.25, NULL, '2026-03-07 10:50:00', 35, 1, 'CM004-36'),
(97, 4, 'PCV-037', '2026-03-31', 'Emerita Rosales', 'Salaries and Wages for March', 7000, NULL, '2026-04-02 10:54:42', 35, 1, 'CM004-37'),
(98, 4, 'PCV-038', '2026-03-31', 'Romel', 'Salaries and wages', 8000, NULL, '2026-04-02 08:03:29', 35, 1, 'CM004-38'),
(99, 4, 'PCV-039', '2026-03-31', 'Talavera House of Prayer', 'Retreats and Seminars payment', 37500, NULL, '2026-04-02 08:33:23', 35, 1, 'CM004-39'),
(100, 4, 'PCV-040', '2026-03-31', 'c/o Fr. Kenneth Pahamutang', 'Household supplies', 6871, NULL, '2026-04-02 10:36:25', 35, 1, 'CM004-40'),
(101, 4, 'PCV-041', '2026-03-31', 'c/o Fr. Raras', 'Diesel', 51324.25, NULL, '2026-04-02 10:21:59', 35, 1, 'CM004-41'),
(102, 12, 'PCV-001', '2026-01-02', 'Fr. Samson Silloriquez', 'Allowance for January 2026', 4000, NULL, '2026-01-04 09:00:38', 49, 1, 'CM012-1'),
(103, 12, 'PCV-002', '2026-01-02', 'Fr. Gaudencio De Mesa', 'Allowance for January 2026', 4000, NULL, '2026-01-04 08:57:15', 49, 1, 'CM012-2'),
(104, 12, 'PCV-003', '2026-01-02', 'Fr. Jayferson Baldelovar', 'Allowance for January 2026', 4000, NULL, '2026-01-04 09:44:23', 49, 1, 'CM012-3'),
(108, 12, 'PCV-004', '2026-02-03', 'Fr. Samson Silloriquez', 'Allowance for February 2026', 4000, NULL, '2026-02-05 10:50:10', 49, 1, 'CM012-4'),
(109, 12, 'PCV-005', '2026-02-03', 'Fr. Gaudencio De Mesa', 'Allowance for February 2026', 4000, NULL, '2026-02-05 10:57:40', 49, 1, 'CM012-5'),
(110, 12, 'PCV-006', '2026-02-03', 'Fr. Jayferson Baldelovar', 'Allowance for February 2026', 4000, NULL, '2026-02-05 08:17:51', 49, 1, 'CM012-6'),
(111, 12, 'PCV-007', '2026-03-03', 'Fr. Samson Silloriquez', 'Allowance for March 2026', 6560.52, NULL, '2026-03-05 09:36:17', 49, 1, 'CM012-7'),
(112, 12, 'PCV-008', '2026-03-03', 'Fr. Gaudencio de Mesa', 'Allowance for March 2026', 4000, NULL, '2026-03-05 09:07:53', 49, 1, 'CM012-8'),
(113, 12, 'PCV-009', '2026-03-03', 'Fr. Jayferson Baldelovar', 'Allowance for March 2026', 4000, NULL, '2026-03-05 08:50:34', 49, 1, 'CM012-9'),
(114, 2, 'PCV-001', '2026-01-06', 'c/o Teodulo Hayahay', 'Groceries and marketing', 12354.2, NULL, '2026-01-08 08:49:12', 56, 1, 'CM002-1'),
(115, 2, 'PCV-002', '2026-01-15', 'Ivan Mendoza', 'Salaries and Wages', 5000, NULL, '2026-01-17 09:34:20', 56, 1, 'CM002-2'),
(116, 2, 'PCV-003', '2026-01-06', 'Fr. Renier Alviola', 'Allowance for January 2026', 4000, NULL, '2026-01-08 10:24:03', 56, 1, 'CM002-3'),
(117, 2, 'PCV-004', '2026-01-06', 'Fr. Jerome Virtudazo', 'Allowance for January 2026', 4000, NULL, '2026-01-08 09:17:16', 56, 1, 'CM002-4'),
(118, 2, 'PCV-005', '2026-01-06', 'Bro. Teodulo Hayhay', 'Allowance for January 2026', 4000, NULL, '2026-01-08 10:14:12', 56, 1, 'CM002-5'),
(119, 2, 'PCV-006', '2026-01-15', 'Talavera House of Prayer', 'Payment for Retreat', 15000, NULL, '2026-01-17 09:19:12', 56, 1, 'CM002-6'),
(120, 2, 'PCV-007', '2026-01-16', 'c/o Bro. Hayahay', 'Sports paraphernalia', 1665, NULL, '2026-01-18 10:53:26', 56, 1, 'CM002-7'),
(121, 2, 'PCV-008', '2026-01-19', 'Mercury Drug Store', 'Purchase of Medicines', 12765.3, NULL, '2026-01-21 09:29:34', 56, 1, 'CM002-8'),
(122, 2, 'PCV-009', '2026-01-22', 'c/o Bro. Hayahay', 'Repair of Vehicles', 10500, NULL, '2026-01-24 09:47:30', 56, 1, 'CM002-9'),
(123, 2, 'PCV-010', '2026-02-03', 'Fr. Renier Alviola', 'Allowance for February 2026', 4000, NULL, '2026-02-05 09:28:50', 56, 1, 'CM002-10'),
(124, 2, 'PCV-011', '2026-02-03', 'Fr. Jerome Virtudazo', 'Allowance for February 2026', 4000, NULL, '2026-02-05 10:01:42', 56, 1, 'CM002-11'),
(125, 2, 'PCV-012', '2026-02-03', 'Bro. Teodulo Hayhay', 'Allowance for February 2026', 4000, NULL, '2026-02-05 10:42:01', 56, 1, 'CM002-12'),
(126, 2, 'PCV-013', '2026-02-09', 'Talavera House of Prayer', 'Retreat Payment of Fr. Virtudazo', 15000, NULL, '2026-02-11 09:24:57', 56, 1, 'CM002-13'),
(127, 2, 'PCV-014', '2026-02-16', 'Ivan Mendoza', 'Salary for FEb 1-15, 2026', 5000, NULL, '2026-02-18 09:58:43', 56, 1, 'CM002-14'),
(128, 2, 'PCV-015', '2026-02-19', 'c/o Bro. Hayahay', 'Groceries/marketing', 17345.67, NULL, '2026-02-21 10:38:46', 56, 1, 'CM002-15'),
(129, 2, 'PCV-016', '2026-02-20', 'c/o Fr. Renier Alviola', 'Birthday Celebration', 26473.6, NULL, '2026-02-22 09:17:42', 56, 1, 'CM002-16'),
(130, 2, 'PCV-017', '2026-03-03', 'Fr. Renier Alviola', 'Allowance for March 2026', 4000, NULL, '2026-03-05 09:32:12', 56, 1, 'CM002-17'),
(131, 2, 'PCV-018', '2026-03-03', 'Fr. Jerome Virtudazo', 'Allowance for March 2026', 4000, NULL, '2026-03-05 08:47:53', 56, 1, 'CM002-18'),
(132, 2, 'PCV-019', '2026-03-03', 'Bro. Teodulo Hayhay', 'Allowance for March 2026', 4000, NULL, '2026-03-05 10:22:52', 56, 1, 'CM002-19'),
(133, 2, 'PCV-020', '2026-03-11', 'c/o Bro. Hayahay', 'Household supplies', 6241.15, NULL, '2026-03-13 08:30:40', 56, 1, 'CM002-20'),
(134, 2, 'PCV-021', '2026-03-16', 'Fr. Jerome Virtudazo', 'Travel allowance going Cebu', 5000, NULL, '2026-03-18 09:24:46', 56, 1, 'CM002-21'),
(135, 2, 'PCV-022', '2026-03-19', 'c/o Bro. Teodulo Hayahay', 'Diesel and Medicines', 8540, NULL, '2026-03-21 10:31:49', 56, 1, 'CM002-22'),
(136, 2, 'PCV-023', '2026-03-19', 'c/o Bro. Teodulo Hayahay', 'Postage and Salary of Driver', 44777.64, NULL, '2026-03-21 10:24:46', 56, 1, 'CM002-23');

-- --------------------------------------------------------

--
-- Table structure for table `suppliers_tbl`
--

CREATE TABLE `suppliers_tbl` (
  `Id` int(11) NOT NULL,
  `Community_Id` int(11) NOT NULL,
  `Code` varchar(50) DEFAULT NULL,
  `Supplier_Name` varchar(100) NOT NULL,
  `Address` text NOT NULL,
  `Contact_Number` varchar(50) NOT NULL,
  `Is_Active` int(11) NOT NULL,
  `Last_Number` varchar(50) NOT NULL
) ENGINE=InnoDB DEFAULT CHARSET=utf8mb4 COLLATE=utf8mb4_unicode_ci;

--
-- Dumping data for table `suppliers_tbl`
--

INSERT INTO `suppliers_tbl` (`Id`, `Community_Id`, `Code`, `Supplier_Name`, `Address`, `Contact_Number`, `Is_Active`, `Last_Number`) VALUES
(1, 19, 'S0001', 'Mercury Drug Corporation', 'NA', 'NA', 1, 'CM019-1'),
(2, 19, 'S0002', 'MERALCO', 'NA', 'NA', 1, 'CM019-2'),
(3, 19, 'S0003', 'Fr. Ronel P. Gealon', '24 Neptune Street, Brgy. Bahay Toro, Quezon City', 'NA', 1, 'CM019-3'),
(4, 19, 'S0004', 'Fr. Bernabe M. Dosdos', 'NA', 'NA', 1, 'CM019-4'),
(5, 19, 'S0005', 'Fr. Robin Ross S. Plata', '24 Neptune Street, Brgy. Bahay Toro, Quezon City', 'NA', 1, 'CM019-5'),
(6, 19, 'S0006', 'Manila Water', 'NA', 'NA', 1, 'CM019-6'),
(7, 19, 'S0007', 'Adrian Carlos Manaloto', 'NA', '09175258663', 1, 'CM019-7'),
(8, 19, 'S0008', 'Ma. Avelina Pacheco', 'NA', 'NA', 1, 'CM019-8'),
(9, 19, 'S0009', 'Superior de La Corporacion', '24 Neptune Street, Brgy. Bahay Toro, Quezon City', '8921-6103', 1, 'CM019-9'),
(10, 1, 'S0001', 'Office Warehouse', 'NA', 'NA', 1, 'CM001-1'),
(11, 4, 'S0001', 'Office Warehouse', 'NA', 'NA', 1, 'CM004-1'),
(12, 4, 'S0002', 'Fr. Kenneth Pahamutang, OAR', 'NA', 'NA', 1, 'CM004-2'),
(13, 12, 'S0001', 'Fr. Jayferson Baldelovar', 'NA', 'NA', 1, 'CM012-1'),
(14, 17, 'S0001', 'Fr. Hector Gonzales, OAR', 'NA', 'NA', 1, 'CM017-1'),
(15, 2, 'S0001', 'Fr. Jerome Virtudazo, OAR', 'NA', 'NA', 1, 'CM002-1'),
(16, 5, 'S0001', 'Fr. Michael Catama', 'NA', 'NA', 1, 'CM005-1'),
(17, 10, 'S0001', 'Fr. Andrei Pugate, OAR', 'NA', 'NA', 1, 'CM010-1'),
(18, 18, 'S0001', 'Fr. Benjamin Edobor, OAR', 'NA', 'NA', 1, 'CM018-1'),
(19, 11, 'S0001', 'Fr. Dominador Mercado', 'NA', 'NA', 1, 'CM011-1'),
(20, 6, 'S0001', 'Fr. Roy Baluarte, OAR', 'NA', 'NA', 1, 'CM006-1'),
(21, 21, 'S0001', 'Fr. Robin Ross S. Plata, OAR', 'NA', 'NA', 1, 'CM021-1'),
(22, 21, 'S0002', 'Mercury Drugstore', 'NA', 'NA', 1, 'CM021-2'),
(23, 21, 'S0003', 'Meralco', 'NA', 'NA', 1, 'CM021-3'),
(24, 21, 'S0004', 'Superior de La Corporacion', 'NA', 'NA', 1, 'CM021-4'),
(25, 21, 'S0005', 'Fr. Arnel F. Diaz, OAR', 'NA', 'NA', 1, 'CM021-5'),
(26, 21, 'S0006', 'Tin and Mariz Food Services', 'NA', 'NA', 1, 'CM021-6'),
(27, 21, 'S0007', 'Alan S. Ong', 'NA', 'NA', 1, 'CM021-7'),
(28, 21, 'S0008', 'Vital Health Pharmaceutical Corporation', 'NA', 'NA', 1, 'CM021-8'),
(29, 21, 'S0009', 'Fr. Bernabe M. Dosdos, OAR', 'NA', 'NA', 1, 'CM021-9'),
(30, 21, 'S0010', 'BPI-020100-2-20-2165496', 'NA', 'NA', 1, 'CM021-10'),
(31, 21, 'S0011', 'Fr. Ronel P. Gealon, OAR', 'NA', 'NA', 1, 'CM021-11'),
(32, 21, 'S0012', 'Adrian Carlos Manaloto', 'NA', 'NA', 1, 'CM021-12'),
(33, 21, 'S0013', 'Ma. Avelina Pacheco', 'NA', 'NA', 1, 'CM021-13');

--
-- Indexes for dumped tables
--

--
-- Indexes for table `accounts_closingbalance_tbl`
--
ALTER TABLE `accounts_closingbalance_tbl`
  ADD PRIMARY KEY (`Id`),
  ADD KEY `Community_Id` (`Community_Id`),
  ADD KEY `Calendar_Id` (`Calendar_Id`),
  ADD KEY `Account_Id` (`Account_Id`);

--
-- Indexes for table `accounts_openingbalance_tbl`
--
ALTER TABLE `accounts_openingbalance_tbl`
  ADD PRIMARY KEY (`Id`),
  ADD KEY `Community_Id` (`Community_Id`),
  ADD KEY `Calendar_Id` (`Calendar_Id`),
  ADD KEY `Account_Id` (`Account_Id`);

--
-- Indexes for table `account_entries_tbl`
--
ALTER TABLE `account_entries_tbl`
  ADD PRIMARY KEY (`Id`);

--
-- Indexes for table `account_group_tbl`
--
ALTER TABLE `account_group_tbl`
  ADD PRIMARY KEY (`Id`),
  ADD KEY `Community_Id` (`Community_Id`);

--
-- Indexes for table `account_type_tbl`
--
ALTER TABLE `account_type_tbl`
  ADD PRIMARY KEY (`Id`);

--
-- Indexes for table `admin_user_tbl`
--
ALTER TABLE `admin_user_tbl`
  ADD PRIMARY KEY (`Id`);

--
-- Indexes for table `audit_trail_action`
--
ALTER TABLE `audit_trail_action`
  ADD PRIMARY KEY (`Id`),
  ADD KEY `Community_Id` (`Community_Id`),
  ADD KEY `User_Id` (`User_Id`);

--
-- Indexes for table `audit_trail_logon`
--
ALTER TABLE `audit_trail_logon`
  ADD PRIMARY KEY (`Id`),
  ADD KEY `Community_Id` (`Community_Id`),
  ADD KEY `User_Id` (`User_Id`);

--
-- Indexes for table `banks_tbl`
--
ALTER TABLE `banks_tbl`
  ADD PRIMARY KEY (`Id`),
  ADD UNIQUE KEY `Last_Number` (`Last_Number`),
  ADD KEY `Community_Id` (`Community_Id`);

--
-- Indexes for table `business_info_tbl`
--
ALTER TABLE `business_info_tbl`
  ADD PRIMARY KEY (`Id`),
  ADD KEY `Community_Id` (`Community_Id`);

--
-- Indexes for table `calendar_tbl`
--
ALTER TABLE `calendar_tbl`
  ADD PRIMARY KEY (`Id`),
  ADD KEY `Community_Id` (`Community_Id`);

--
-- Indexes for table `cashreceiptposting_account_tbl`
--
ALTER TABLE `cashreceiptposting_account_tbl`
  ADD PRIMARY KEY (`Id`),
  ADD KEY `CRP_Id` (`CRP_Id`),
  ADD KEY `Account_Id` (`Account_Id`);

--
-- Indexes for table `cashreceiptposting_orlist_tbl`
--
ALTER TABLE `cashreceiptposting_orlist_tbl`
  ADD PRIMARY KEY (`Id`),
  ADD KEY `CRP_Id` (`CRP_Id`),
  ADD KEY `Cash_Receipt_Id` (`Cash_Receipt_Id`);

--
-- Indexes for table `cashreceipt_account_tbl`
--
ALTER TABLE `cashreceipt_account_tbl`
  ADD PRIMARY KEY (`Id`),
  ADD KEY `Cash_Receipt_Id` (`Cash_Receipt_Id`),
  ADD KEY `Account_Id` (`Account_Id`);

--
-- Indexes for table `cash_receipts_posting_tbl`
--
ALTER TABLE `cash_receipts_posting_tbl`
  ADD PRIMARY KEY (`Id`),
  ADD UNIQUE KEY `Last_Number` (`Last_Number`),
  ADD KEY `Community_Id` (`Community_Id`),
  ADD KEY `Created_By` (`Encoded_By`),
  ADD KEY `Verified_By` (`Verified_By`),
  ADD KEY `Approved_By` (`Approved_By`),
  ADD KEY `Calendar_Id` (`Calendar_Id`),
  ADD KEY `Bank_Id` (`Bank_Id`);

--
-- Indexes for table `cash_receipts_tbl`
--
ALTER TABLE `cash_receipts_tbl`
  ADD PRIMARY KEY (`Id`),
  ADD UNIQUE KEY `Last_Number` (`Last_Number`),
  ADD KEY `Community_Id` (`Community_Id`),
  ADD KEY `Payor_Id` (`Payor_Id`),
  ADD KEY `Client_Id` (`Client_Id`),
  ADD KEY `Created_By` (`Encoded_By`),
  ADD KEY `Verified_By` (`Verified_By`),
  ADD KEY `Approved_By` (`Approved_By`),
  ADD KEY `Calendar_Id` (`Calendar_Id`),
  ADD KEY `Bank_Id` (`Bank_Id`);

--
-- Indexes for table `chartofaccounts_tbl`
--
ALTER TABLE `chartofaccounts_tbl`
  ADD PRIMARY KEY (`Id`),
  ADD KEY `Community_Id` (`Community_Id`),
  ADD KEY `Account_Group_Id` (`Account_Group_Id`),
  ADD KEY `Account_Type_Id` (`Account_Type_Id`);

--
-- Indexes for table `checkvoucher_account_tbl`
--
ALTER TABLE `checkvoucher_account_tbl`
  ADD PRIMARY KEY (`Id`),
  ADD KEY `CV_Id` (`CV_Id`),
  ADD KEY `Account_Id` (`Account_Id`);

--
-- Indexes for table `check_voucher_tbl`
--
ALTER TABLE `check_voucher_tbl`
  ADD PRIMARY KEY (`Id`),
  ADD UNIQUE KEY `Last_Number` (`Last_Number`),
  ADD KEY `Approved_By` (`Approved_By`),
  ADD KEY `Community_Id` (`Community_Id`),
  ADD KEY `Encoded_By` (`Encoded_By`),
  ADD KEY `Payee_Id` (`Payee_Id`),
  ADD KEY `Supplier_Id` (`Supplier_Id`),
  ADD KEY `Verified_By` (`Verified_By`),
  ADD KEY `Calendar_Id` (`Calendar_Id`),
  ADD KEY `Bank_Check` (`Bank_Check`);

--
-- Indexes for table `clients_tbl`
--
ALTER TABLE `clients_tbl`
  ADD PRIMARY KEY (`Id`),
  ADD UNIQUE KEY `Last_Number` (`Last_Number`),
  ADD KEY `Community_Id` (`Community_Id`);

--
-- Indexes for table `community_tbl`
--
ALTER TABLE `community_tbl`
  ADD PRIMARY KEY (`Id`),
  ADD UNIQUE KEY `Community_Code` (`Community_Code`);

--
-- Indexes for table `comm_systemaccounts_tbl`
--
ALTER TABLE `comm_systemaccounts_tbl`
  ADD PRIMARY KEY (`Id`),
  ADD UNIQUE KEY `Username` (`Username`),
  ADD KEY `Community_Id` (`Community_Id`);

--
-- Indexes for table `generaljournal_account_tbl`
--
ALTER TABLE `generaljournal_account_tbl`
  ADD PRIMARY KEY (`Id`),
  ADD KEY `Account_Id` (`Account_Id`),
  ADD KEY `generaljournal_account_tbl_ibfk_1` (`GJ_Id`);

--
-- Indexes for table `general_journal_tbl`
--
ALTER TABLE `general_journal_tbl`
  ADD PRIMARY KEY (`Id`),
  ADD UNIQUE KEY `Last_Number` (`Last_Number`),
  ADD KEY `Approved_By` (`Approved_By`),
  ADD KEY `Calendar_Id` (`Calendar_Id`),
  ADD KEY `Community_Id` (`Community_Id`),
  ADD KEY `Encoded_By` (`Encoded_By`),
  ADD KEY `Verified_By` (`Verified_By`);

--
-- Indexes for table `pettycash_account_tbl`
--
ALTER TABLE `pettycash_account_tbl`
  ADD PRIMARY KEY (`Id`),
  ADD KEY `Petty_Cash_Id` (`Petty_Cash_Id`),
  ADD KEY `Account_Id` (`Account_Id`);

--
-- Indexes for table `petty_cash_tbl`
--
ALTER TABLE `petty_cash_tbl`
  ADD PRIMARY KEY (`Id`),
  ADD UNIQUE KEY `Last_Number` (`Last_Number`),
  ADD KEY `Community_Id` (`Community_Id`),
  ADD KEY `Encoded_By` (`Encoded_By`);

--
-- Indexes for table `suppliers_tbl`
--
ALTER TABLE `suppliers_tbl`
  ADD PRIMARY KEY (`Id`),
  ADD UNIQUE KEY `Last_Number` (`Last_Number`),
  ADD KEY `Community_Id` (`Community_Id`);

--
-- AUTO_INCREMENT for dumped tables
--

--
-- AUTO_INCREMENT for table `accounts_closingbalance_tbl`
--
ALTER TABLE `accounts_closingbalance_tbl`
  MODIFY `Id` int(11) NOT NULL AUTO_INCREMENT, AUTO_INCREMENT=487;

--
-- AUTO_INCREMENT for table `accounts_openingbalance_tbl`
--
ALTER TABLE `accounts_openingbalance_tbl`
  MODIFY `Id` int(11) NOT NULL AUTO_INCREMENT, AUTO_INCREMENT=487;

--
-- AUTO_INCREMENT for table `account_entries_tbl`
--
ALTER TABLE `account_entries_tbl`
  MODIFY `Id` int(11) NOT NULL AUTO_INCREMENT;

--
-- AUTO_INCREMENT for table `account_group_tbl`
--
ALTER TABLE `account_group_tbl`
  MODIFY `Id` int(11) NOT NULL AUTO_INCREMENT;

--
-- AUTO_INCREMENT for table `account_type_tbl`
--
ALTER TABLE `account_type_tbl`
  MODIFY `Id` int(11) NOT NULL AUTO_INCREMENT, AUTO_INCREMENT=12;

--
-- AUTO_INCREMENT for table `admin_user_tbl`
--
ALTER TABLE `admin_user_tbl`
  MODIFY `Id` int(11) NOT NULL AUTO_INCREMENT, AUTO_INCREMENT=3;

--
-- AUTO_INCREMENT for table `audit_trail_action`
--
ALTER TABLE `audit_trail_action`
  MODIFY `Id` int(11) NOT NULL AUTO_INCREMENT, AUTO_INCREMENT=1245;

--
-- AUTO_INCREMENT for table `audit_trail_logon`
--
ALTER TABLE `audit_trail_logon`
  MODIFY `Id` int(11) NOT NULL AUTO_INCREMENT, AUTO_INCREMENT=107;

--
-- AUTO_INCREMENT for table `banks_tbl`
--
ALTER TABLE `banks_tbl`
  MODIFY `Id` int(11) NOT NULL AUTO_INCREMENT, AUTO_INCREMENT=18;

--
-- AUTO_INCREMENT for table `business_info_tbl`
--
ALTER TABLE `business_info_tbl`
  MODIFY `Id` int(11) NOT NULL AUTO_INCREMENT, AUTO_INCREMENT=23;

--
-- AUTO_INCREMENT for table `calendar_tbl`
--
ALTER TABLE `calendar_tbl`
  MODIFY `Id` int(11) NOT NULL AUTO_INCREMENT, AUTO_INCREMENT=22;

--
-- AUTO_INCREMENT for table `cashreceiptposting_account_tbl`
--
ALTER TABLE `cashreceiptposting_account_tbl`
  MODIFY `Id` int(11) NOT NULL AUTO_INCREMENT, AUTO_INCREMENT=7;

--
-- AUTO_INCREMENT for table `cashreceiptposting_orlist_tbl`
--
ALTER TABLE `cashreceiptposting_orlist_tbl`
  MODIFY `Id` int(11) NOT NULL AUTO_INCREMENT, AUTO_INCREMENT=4;

--
-- AUTO_INCREMENT for table `cashreceipt_account_tbl`
--
ALTER TABLE `cashreceipt_account_tbl`
  MODIFY `Id` int(11) NOT NULL AUTO_INCREMENT, AUTO_INCREMENT=630;

--
-- AUTO_INCREMENT for table `cash_receipts_posting_tbl`
--
ALTER TABLE `cash_receipts_posting_tbl`
  MODIFY `Id` int(11) NOT NULL AUTO_INCREMENT, AUTO_INCREMENT=3;

--
-- AUTO_INCREMENT for table `cash_receipts_tbl`
--
ALTER TABLE `cash_receipts_tbl`
  MODIFY `Id` int(11) NOT NULL AUTO_INCREMENT, AUTO_INCREMENT=132;

--
-- AUTO_INCREMENT for table `chartofaccounts_tbl`
--
ALTER TABLE `chartofaccounts_tbl`
  MODIFY `Id` int(11) NOT NULL AUTO_INCREMENT, AUTO_INCREMENT=1648;

--
-- AUTO_INCREMENT for table `checkvoucher_account_tbl`
--
ALTER TABLE `checkvoucher_account_tbl`
  MODIFY `Id` int(11) NOT NULL AUTO_INCREMENT, AUTO_INCREMENT=1628;

--
-- AUTO_INCREMENT for table `check_voucher_tbl`
--
ALTER TABLE `check_voucher_tbl`
  MODIFY `Id` int(11) NOT NULL AUTO_INCREMENT, AUTO_INCREMENT=296;

--
-- AUTO_INCREMENT for table `clients_tbl`
--
ALTER TABLE `clients_tbl`
  MODIFY `Id` int(11) NOT NULL AUTO_INCREMENT, AUTO_INCREMENT=41;

--
-- AUTO_INCREMENT for table `community_tbl`
--
ALTER TABLE `community_tbl`
  MODIFY `Id` int(11) NOT NULL AUTO_INCREMENT, AUTO_INCREMENT=23;

--
-- AUTO_INCREMENT for table `comm_systemaccounts_tbl`
--
ALTER TABLE `comm_systemaccounts_tbl`
  MODIFY `Id` int(11) NOT NULL AUTO_INCREMENT, AUTO_INCREMENT=63;

--
-- AUTO_INCREMENT for table `generaljournal_account_tbl`
--
ALTER TABLE `generaljournal_account_tbl`
  MODIFY `Id` int(11) NOT NULL AUTO_INCREMENT, AUTO_INCREMENT=1135;

--
-- AUTO_INCREMENT for table `general_journal_tbl`
--
ALTER TABLE `general_journal_tbl`
  MODIFY `Id` int(11) NOT NULL AUTO_INCREMENT, AUTO_INCREMENT=75;

--
-- AUTO_INCREMENT for table `pettycash_account_tbl`
--
ALTER TABLE `pettycash_account_tbl`
  MODIFY `Id` int(11) NOT NULL AUTO_INCREMENT, AUTO_INCREMENT=184;

--
-- AUTO_INCREMENT for table `petty_cash_tbl`
--
ALTER TABLE `petty_cash_tbl`
  MODIFY `Id` int(11) NOT NULL AUTO_INCREMENT, AUTO_INCREMENT=137;

--
-- AUTO_INCREMENT for table `suppliers_tbl`
--
ALTER TABLE `suppliers_tbl`
  MODIFY `Id` int(11) NOT NULL AUTO_INCREMENT, AUTO_INCREMENT=34;

--
-- Constraints for dumped tables
--

--
-- Constraints for table `accounts_closingbalance_tbl`
--
ALTER TABLE `accounts_closingbalance_tbl`
  ADD CONSTRAINT `accounts_closingbalance_tbl_ibfk_1` FOREIGN KEY (`Community_Id`) REFERENCES `community_tbl` (`Id`),
  ADD CONSTRAINT `accounts_closingbalance_tbl_ibfk_2` FOREIGN KEY (`Calendar_Id`) REFERENCES `calendar_tbl` (`Id`),
  ADD CONSTRAINT `accounts_closingbalance_tbl_ibfk_3` FOREIGN KEY (`Account_Id`) REFERENCES `chartofaccounts_tbl` (`Id`);

--
-- Constraints for table `accounts_openingbalance_tbl`
--
ALTER TABLE `accounts_openingbalance_tbl`
  ADD CONSTRAINT `accounts_openingbalance_tbl_ibfk_1` FOREIGN KEY (`Community_Id`) REFERENCES `community_tbl` (`Id`),
  ADD CONSTRAINT `accounts_openingbalance_tbl_ibfk_2` FOREIGN KEY (`Calendar_Id`) REFERENCES `calendar_tbl` (`Id`),
  ADD CONSTRAINT `accounts_openingbalance_tbl_ibfk_3` FOREIGN KEY (`Account_Id`) REFERENCES `chartofaccounts_tbl` (`Id`);

--
-- Constraints for table `account_group_tbl`
--
ALTER TABLE `account_group_tbl`
  ADD CONSTRAINT `account_group_tbl_ibfk_1` FOREIGN KEY (`Community_Id`) REFERENCES `community_tbl` (`Id`);

--
-- Constraints for table `audit_trail_action`
--
ALTER TABLE `audit_trail_action`
  ADD CONSTRAINT `audit_trail_action_ibfk_1` FOREIGN KEY (`Community_Id`) REFERENCES `community_tbl` (`Id`) ON DELETE SET NULL ON UPDATE SET NULL,
  ADD CONSTRAINT `audit_trail_action_ibfk_2` FOREIGN KEY (`User_Id`) REFERENCES `comm_systemaccounts_tbl` (`Id`) ON DELETE SET NULL ON UPDATE SET NULL;

--
-- Constraints for table `audit_trail_logon`
--
ALTER TABLE `audit_trail_logon`
  ADD CONSTRAINT `audit_trail_logon_ibfk_1` FOREIGN KEY (`Community_Id`) REFERENCES `community_tbl` (`Id`) ON DELETE SET NULL ON UPDATE SET NULL,
  ADD CONSTRAINT `audit_trail_logon_ibfk_2` FOREIGN KEY (`User_Id`) REFERENCES `comm_systemaccounts_tbl` (`Id`) ON DELETE SET NULL ON UPDATE SET NULL;

--
-- Constraints for table `banks_tbl`
--
ALTER TABLE `banks_tbl`
  ADD CONSTRAINT `banks_tbl_ibfk_1` FOREIGN KEY (`Community_Id`) REFERENCES `community_tbl` (`Id`);

--
-- Constraints for table `business_info_tbl`
--
ALTER TABLE `business_info_tbl`
  ADD CONSTRAINT `business_info_tbl_ibfk_1` FOREIGN KEY (`Community_Id`) REFERENCES `community_tbl` (`Id`) ON DELETE CASCADE ON UPDATE CASCADE;

--
-- Constraints for table `calendar_tbl`
--
ALTER TABLE `calendar_tbl`
  ADD CONSTRAINT `calendar_tbl_ibfk_1` FOREIGN KEY (`Community_Id`) REFERENCES `community_tbl` (`Id`);

--
-- Constraints for table `cashreceiptposting_account_tbl`
--
ALTER TABLE `cashreceiptposting_account_tbl`
  ADD CONSTRAINT `cashreceiptposting_account_tbl_ibfk_1` FOREIGN KEY (`CRP_Id`) REFERENCES `cash_receipts_posting_tbl` (`Id`) ON DELETE CASCADE ON UPDATE CASCADE,
  ADD CONSTRAINT `cashreceiptposting_account_tbl_ibfk_2` FOREIGN KEY (`Account_Id`) REFERENCES `chartofaccounts_tbl` (`Id`);

--
-- Constraints for table `cashreceiptposting_orlist_tbl`
--
ALTER TABLE `cashreceiptposting_orlist_tbl`
  ADD CONSTRAINT `cashreceiptposting_orlist_tbl_ibfk_1` FOREIGN KEY (`CRP_Id`) REFERENCES `cash_receipts_posting_tbl` (`Id`) ON DELETE CASCADE ON UPDATE CASCADE,
  ADD CONSTRAINT `cashreceiptposting_orlist_tbl_ibfk_2` FOREIGN KEY (`Cash_Receipt_Id`) REFERENCES `cash_receipts_tbl` (`Id`) ON DELETE CASCADE ON UPDATE CASCADE;

--
-- Constraints for table `cashreceipt_account_tbl`
--
ALTER TABLE `cashreceipt_account_tbl`
  ADD CONSTRAINT `cashreceipt_account_tbl_ibfk_1` FOREIGN KEY (`Cash_Receipt_Id`) REFERENCES `cash_receipts_tbl` (`Id`) ON DELETE CASCADE ON UPDATE CASCADE,
  ADD CONSTRAINT `cashreceipt_account_tbl_ibfk_2` FOREIGN KEY (`Account_Id`) REFERENCES `chartofaccounts_tbl` (`Id`);

--
-- Constraints for table `cash_receipts_posting_tbl`
--
ALTER TABLE `cash_receipts_posting_tbl`
  ADD CONSTRAINT `cash_receipts_posting_tbl_ibfk_1` FOREIGN KEY (`Community_Id`) REFERENCES `community_tbl` (`Id`),
  ADD CONSTRAINT `cash_receipts_posting_tbl_ibfk_2` FOREIGN KEY (`Encoded_By`) REFERENCES `comm_systemaccounts_tbl` (`Id`),
  ADD CONSTRAINT `cash_receipts_posting_tbl_ibfk_3` FOREIGN KEY (`Verified_By`) REFERENCES `comm_systemaccounts_tbl` (`Id`),
  ADD CONSTRAINT `cash_receipts_posting_tbl_ibfk_4` FOREIGN KEY (`Approved_By`) REFERENCES `comm_systemaccounts_tbl` (`Id`),
  ADD CONSTRAINT `cash_receipts_posting_tbl_ibfk_5` FOREIGN KEY (`Calendar_Id`) REFERENCES `calendar_tbl` (`Id`),
  ADD CONSTRAINT `cash_receipts_posting_tbl_ibfk_7` FOREIGN KEY (`Bank_Id`) REFERENCES `banks_tbl` (`Id`);

--
-- Constraints for table `cash_receipts_tbl`
--
ALTER TABLE `cash_receipts_tbl`
  ADD CONSTRAINT `cash_receipts_tbl_ibfk_1` FOREIGN KEY (`Community_Id`) REFERENCES `community_tbl` (`Id`),
  ADD CONSTRAINT `cash_receipts_tbl_ibfk_2` FOREIGN KEY (`Payor_Id`) REFERENCES `clients_tbl` (`Id`),
  ADD CONSTRAINT `cash_receipts_tbl_ibfk_3` FOREIGN KEY (`Client_Id`) REFERENCES `clients_tbl` (`Id`),
  ADD CONSTRAINT `cash_receipts_tbl_ibfk_4` FOREIGN KEY (`Encoded_By`) REFERENCES `comm_systemaccounts_tbl` (`Id`),
  ADD CONSTRAINT `cash_receipts_tbl_ibfk_5` FOREIGN KEY (`Verified_By`) REFERENCES `comm_systemaccounts_tbl` (`Id`),
  ADD CONSTRAINT `cash_receipts_tbl_ibfk_6` FOREIGN KEY (`Approved_By`) REFERENCES `comm_systemaccounts_tbl` (`Id`),
  ADD CONSTRAINT `cash_receipts_tbl_ibfk_7` FOREIGN KEY (`Calendar_Id`) REFERENCES `calendar_tbl` (`Id`),
  ADD CONSTRAINT `cash_receipts_tbl_ibfk_9` FOREIGN KEY (`Bank_Id`) REFERENCES `banks_tbl` (`Id`);

--
-- Constraints for table `chartofaccounts_tbl`
--
ALTER TABLE `chartofaccounts_tbl`
  ADD CONSTRAINT `chartofaccounts_tbl_ibfk_1` FOREIGN KEY (`Community_Id`) REFERENCES `community_tbl` (`Id`),
  ADD CONSTRAINT `chartofaccounts_tbl_ibfk_2` FOREIGN KEY (`Account_Group_Id`) REFERENCES `account_group_tbl` (`Id`),
  ADD CONSTRAINT `chartofaccounts_tbl_ibfk_3` FOREIGN KEY (`Account_Type_Id`) REFERENCES `account_type_tbl` (`Id`);

--
-- Constraints for table `checkvoucher_account_tbl`
--
ALTER TABLE `checkvoucher_account_tbl`
  ADD CONSTRAINT `checkvoucher_account_tbl_ibfk_1` FOREIGN KEY (`CV_Id`) REFERENCES `check_voucher_tbl` (`Id`) ON DELETE CASCADE ON UPDATE CASCADE,
  ADD CONSTRAINT `checkvoucher_account_tbl_ibfk_2` FOREIGN KEY (`Account_Id`) REFERENCES `chartofaccounts_tbl` (`Id`);

--
-- Constraints for table `check_voucher_tbl`
--
ALTER TABLE `check_voucher_tbl`
  ADD CONSTRAINT `check_voucher_tbl_ibfk_1` FOREIGN KEY (`Approved_By`) REFERENCES `comm_systemaccounts_tbl` (`Id`),
  ADD CONSTRAINT `check_voucher_tbl_ibfk_2` FOREIGN KEY (`Community_Id`) REFERENCES `community_tbl` (`Id`),
  ADD CONSTRAINT `check_voucher_tbl_ibfk_3` FOREIGN KEY (`Encoded_By`) REFERENCES `comm_systemaccounts_tbl` (`Id`),
  ADD CONSTRAINT `check_voucher_tbl_ibfk_4` FOREIGN KEY (`Payee_Id`) REFERENCES `suppliers_tbl` (`Id`),
  ADD CONSTRAINT `check_voucher_tbl_ibfk_5` FOREIGN KEY (`Supplier_Id`) REFERENCES `suppliers_tbl` (`Id`),
  ADD CONSTRAINT `check_voucher_tbl_ibfk_6` FOREIGN KEY (`Verified_By`) REFERENCES `comm_systemaccounts_tbl` (`Id`),
  ADD CONSTRAINT `check_voucher_tbl_ibfk_7` FOREIGN KEY (`Calendar_Id`) REFERENCES `calendar_tbl` (`Id`),
  ADD CONSTRAINT `check_voucher_tbl_ibfk_8` FOREIGN KEY (`Bank_Check`) REFERENCES `banks_tbl` (`Id`);

--
-- Constraints for table `clients_tbl`
--
ALTER TABLE `clients_tbl`
  ADD CONSTRAINT `clients_tbl_ibfk_1` FOREIGN KEY (`Community_Id`) REFERENCES `community_tbl` (`Id`);

--
-- Constraints for table `comm_systemaccounts_tbl`
--
ALTER TABLE `comm_systemaccounts_tbl`
  ADD CONSTRAINT `comm_systemaccounts_tbl_ibfk_1` FOREIGN KEY (`Community_Id`) REFERENCES `community_tbl` (`Id`);

--
-- Constraints for table `generaljournal_account_tbl`
--
ALTER TABLE `generaljournal_account_tbl`
  ADD CONSTRAINT `generaljournal_account_tbl_ibfk_1` FOREIGN KEY (`GJ_Id`) REFERENCES `general_journal_tbl` (`Id`) ON DELETE CASCADE ON UPDATE CASCADE,
  ADD CONSTRAINT `generaljournal_account_tbl_ibfk_2` FOREIGN KEY (`Account_Id`) REFERENCES `chartofaccounts_tbl` (`Id`);

--
-- Constraints for table `general_journal_tbl`
--
ALTER TABLE `general_journal_tbl`
  ADD CONSTRAINT `general_journal_tbl_ibfk_2` FOREIGN KEY (`Approved_By`) REFERENCES `comm_systemaccounts_tbl` (`Id`),
  ADD CONSTRAINT `general_journal_tbl_ibfk_4` FOREIGN KEY (`Calendar_Id`) REFERENCES `calendar_tbl` (`Id`),
  ADD CONSTRAINT `general_journal_tbl_ibfk_5` FOREIGN KEY (`Community_Id`) REFERENCES `community_tbl` (`Id`),
  ADD CONSTRAINT `general_journal_tbl_ibfk_6` FOREIGN KEY (`Encoded_By`) REFERENCES `comm_systemaccounts_tbl` (`Id`),
  ADD CONSTRAINT `general_journal_tbl_ibfk_7` FOREIGN KEY (`Verified_By`) REFERENCES `comm_systemaccounts_tbl` (`Id`);

--
-- Constraints for table `pettycash_account_tbl`
--
ALTER TABLE `pettycash_account_tbl`
  ADD CONSTRAINT `pettycash_account_tbl_ibfk_1` FOREIGN KEY (`Petty_Cash_Id`) REFERENCES `petty_cash_tbl` (`Id`) ON DELETE CASCADE ON UPDATE CASCADE,
  ADD CONSTRAINT `pettycash_account_tbl_ibfk_2` FOREIGN KEY (`Account_Id`) REFERENCES `chartofaccounts_tbl` (`Id`);

--
-- Constraints for table `petty_cash_tbl`
--
ALTER TABLE `petty_cash_tbl`
  ADD CONSTRAINT `petty_cash_tbl_ibfk_1` FOREIGN KEY (`Community_Id`) REFERENCES `community_tbl` (`Id`),
  ADD CONSTRAINT `petty_cash_tbl_ibfk_3` FOREIGN KEY (`Encoded_By`) REFERENCES `comm_systemaccounts_tbl` (`Id`);

--
-- Constraints for table `suppliers_tbl`
--
ALTER TABLE `suppliers_tbl`
  ADD CONSTRAINT `suppliers_tbl_ibfk_1` FOREIGN KEY (`Community_Id`) REFERENCES `community_tbl` (`Id`);
COMMIT;

/*!40101 SET CHARACTER_SET_CLIENT=@OLD_CHARACTER_SET_CLIENT */;
/*!40101 SET CHARACTER_SET_RESULTS=@OLD_CHARACTER_SET_RESULTS */;
/*!40101 SET COLLATION_CONNECTION=@OLD_COLLATION_CONNECTION */;
